Customer_ID,Sessions_Last90d,Product_Views,Wishlist_Adds,Cart_Adds,Checkout_Initiated,Purchases_Last90d,App_Usage,Website_Usage,Email_Open_Rate_Pct,Push_Open_Rate_Pct,Customer_Satisfaction,Churn_Risk
CUST00001,15,49,3,6,2,1,No,No,7.8,33.3,3.8,Medium
CUST00002,35,242,11,39,24,3,No,Yes,7.3,34.5,3.9,Low
CUST00003,11,44,2,7,4,0,No,Yes,20.0,23.6,3.9,Low
CUST00004,15,91,4,10,5,1,Yes,No,40.0,5.5,4.1,Low
CUST00005,10,51,4,6,3,3,No,No,34.5,43.0,3.0,Low
CUST00006,1,3,0,0,0,0,Yes,No,21.1,28.5,4.4,Low
CUST00007,21,136,6,20,10,2,Yes,No,47.7,6.5,4.5,Low
CUST00008,3,17,1,1,0,0,No,No,39.0,18.2,3.8,Medium
CUST00009,20,127,5,13,7,3,Yes,Yes,40.7,40.1,4.1,Low
CUST00010,15,58,2,4,2,0,Yes,Yes,17.5,30.3,3.4,Medium
CUST00011,11,57,3,6,3,2,Yes,No,29.4,22.9,4.3,Low
CUST00012,38,174,7,23,9,3,No,No,19.5,19.3,4.4,Low
CUST00013,17,67,3,11,7,1,Yes,Yes,40.4,9.0,3.9,Medium
CUST00014,23,84,6,9,5,1,No,Yes,39.8,10.9,3.3,Low
CUST00015,6,32,2,4,2,1,Yes,No,33.0,32.5,4.3,Low
CUST00016,17,110,6,11,6,1,Yes,Yes,50.1,26.8,4.0,Low
CUST00017,7,45,1,7,3,0,Yes,No,9.5,42.8,3.5,Medium
CUST00018,17,107,4,9,4,4,Yes,No,46.7,34.3,3.8,Low
CUST00019,4,18,0,1,0,0,No,Yes,51.5,12.4,3.7,High
CUST00020,58,274,23,33,18,3,Yes,No,27.6,12.3,4.6,Low
CUST00021,4,13,0,2,1,0,Yes,No,36.5,43.1,3.0,Low
CUST00022,37,237,11,36,16,5,Yes,Yes,30.4,36.8,4.3,Low
CUST00023,4,27,1,4,1,0,No,No,42.9,15.9,3.9,Medium
CUST00024,30,118,9,9,5,5,No,Yes,22.4,22.4,4.3,Low
CUST00025,1,4,0,0,0,0,Yes,No,23.2,21.9,4.4,Medium
CUST00026,12,43,3,5,3,0,Yes,Yes,47.6,32.2,4.3,Medium
CUST00027,3,14,0,1,0,0,No,Yes,21.1,22.4,3.4,Low
CUST00028,22,86,5,9,5,4,No,No,21.0,40.6,4.5,Low
CUST00029,9,60,3,5,2,0,Yes,Yes,47.1,20.3,3.5,Medium
CUST00030,30,202,8,30,19,4,Yes,Yes,37.3,33.8,4.7,Low
CUST00031,14,68,4,7,3,1,No,Yes,48.5,44.4,3.5,Medium
CUST00032,12,69,4,10,5,1,Yes,Yes,45.0,25.6,3.9,Medium
CUST00033,9,53,2,7,3,1,No,Yes,7.2,26.0,3.7,Low
CUST00034,10,45,3,6,3,3,No,Yes,46.0,33.2,3.3,Low
CUST00035,26,148,5,17,10,2,Yes,No,26.2,8.5,2.3,Medium
CUST00036,10,36,2,5,2,2,Yes,No,29.6,40.3,2.7,Low
CUST00037,24,81,4,11,7,2,Yes,Yes,53.5,7.7,3.3,Medium
CUST00038,1,4,0,0,0,0,No,No,17.3,27.8,3.8,Medium
CUST00039,3,19,1,1,0,0,No,Yes,29.6,41.3,4.3,Medium
CUST00040,15,94,3,11,5,2,Yes,No,20.7,22.3,3.8,Medium
CUST00041,9,53,2,5,2,1,No,Yes,38.6,31.4,3.4,Low
CUST00042,9,55,4,9,5,1,Yes,Yes,27.7,18.1,3.7,Low
CUST00043,17,57,3,10,6,2,No,No,5.3,27.0,4.1,Medium
CUST00044,7,46,3,7,3,1,No,Yes,7.9,6.2,3.8,Low
CUST00045,1,4,0,0,0,0,No,No,15.2,19.4,3.2,Medium
CUST00046,7,46,2,6,3,0,Yes,No,39.1,30.0,3.4,Medium
CUST00047,3,12,0,1,0,0,Yes,Yes,6.5,15.9,3.7,High
CUST00048,11,55,3,8,3,2,No,Yes,16.7,34.4,4.3,Medium
CUST00049,16,100,7,9,4,2,Yes,Yes,29.0,9.3,3.8,Medium
CUST00050,10,48,3,6,2,0,No,No,8.5,34.3,3.9,Medium
CUST00051,4,27,1,2,0,0,Yes,Yes,48.0,20.9,4.1,Medium
CUST00052,15,101,4,18,7,1,Yes,Yes,37.8,16.7,4.3,Medium
CUST00053,53,222,8,38,21,7,No,Yes,32.4,44.7,4.7,Low
CUST00054,26,95,6,13,8,6,Yes,Yes,18.1,32.5,4.7,Low
CUST00055,23,125,10,19,12,3,Yes,Yes,39.3,18.5,3.1,Low
CUST00056,52,200,14,31,14,5,Yes,Yes,30.2,33.5,4.8,Low
CUST00057,45,249,13,27,11,6,Yes,Yes,10.0,44.9,4.2,Low
CUST00058,20,102,7,12,4,5,No,Yes,52.0,7.7,4.2,Low
CUST00059,11,72,2,6,3,0,No,Yes,27.3,5.7,4.2,Medium
CUST00060,17,116,8,19,9,3,No,Yes,50.7,37.4,4.5,Low
CUST00061,26,81,3,12,5,3,Yes,No,50.2,20.3,3.9,Low
CUST00062,14,52,3,6,4,1,Yes,Yes,44.6,6.9,4.0,Low
CUST00063,3,9,0,1,0,0,Yes,No,26.3,12.4,3.1,Medium
CUST00064,3,17,1,1,0,0,No,Yes,27.4,37.5,3.5,Medium
CUST00065,6,29,1,4,2,0,No,No,46.8,9.4,4.2,Medium
CUST00066,26,161,5,14,5,3,Yes,No,48.4,26.5,2.3,Medium
CUST00067,4,14,0,1,0,0,No,Yes,20.6,12.1,4.5,Medium
CUST00068,3,10,0,0,0,0,Yes,No,47.7,17.3,3.9,Low
CUST00069,1,6,0,0,0,0,No,No,45.9,13.6,4.4,Low
CUST00070,18,69,2,9,5,5,Yes,No,49.1,23.6,4.4,Low
CUST00071,21,77,3,6,2,1,Yes,No,42.0,8.1,2.6,Low
CUST00072,37,149,5,17,9,4,Yes,No,16.6,12.8,4.4,Low
CUST00073,6,22,1,2,0,0,No,Yes,23.0,7.9,4.5,Medium
CUST00074,4,15,0,1,0,0,Yes,No,45.2,31.1,4.3,Medium
CUST00075,5,26,0,4,1,1,Yes,Yes,45.7,38.3,4.1,Medium
CUST00076,16,110,6,17,8,1,Yes,Yes,6.8,24.8,3.6,Low
CUST00077,37,149,6,16,7,4,Yes,Yes,16.0,5.6,4.0,Low
CUST00078,12,41,1,6,2,0,Yes,Yes,11.6,6.1,4.3,Low
CUST00079,32,195,14,15,7,6,No,No,12.9,6.0,4.8,Low
CUST00080,32,163,5,18,11,5,Yes,No,25.2,35.0,4.2,Low
CUST00081,11,51,3,6,2,1,Yes,Yes,10.9,14.9,4.1,Low
CUST00082,7,22,1,3,1,2,No,No,53.6,41.5,3.9,Low
CUST00083,5,16,1,1,0,0,Yes,No,15.1,43.2,3.2,Medium
CUST00084,11,34,2,5,2,0,Yes,Yes,41.5,22.6,4.1,Medium
CUST00085,3,15,1,1,0,0,No,No,47.5,39.9,3.8,High
CUST00086,5,32,1,4,2,2,Yes,No,23.2,9.2,4.3,Low
CUST00087,15,64,4,10,5,2,Yes,Yes,23.2,34.2,3.6,Medium
CUST00088,11,50,4,8,4,0,Yes,Yes,5.5,30.9,3.6,Medium
CUST00089,43,226,7,27,11,4,Yes,No,39.9,18.9,4.2,Low
CUST00090,2,12,0,1,0,0,No,Yes,40.7,10.4,4.1,Medium
CUST00091,2,11,0,1,0,0,No,No,10.0,34.3,3.8,Medium
CUST00092,10,62,3,10,5,2,No,No,51.5,15.7,4.1,Low
CUST00093,0,0,0,0,0,0,Yes,Yes,23.7,37.0,4.1,Medium
CUST00094,10,49,4,6,3,3,Yes,No,24.1,26.9,2.6,Low
CUST00095,2,10,0,1,0,0,No,Yes,43.1,13.9,3.2,Medium
CUST00096,11,36,1,6,2,2,Yes,No,47.9,11.6,3.8,Low
CUST00097,14,57,4,9,5,2,Yes,Yes,28.2,11.2,3.9,Medium
CUST00098,10,50,3,8,3,2,Yes,Yes,14.3,28.6,4.2,Medium
CUST00099,4,15,0,1,0,0,No,Yes,15.5,23.3,4.1,Low
CUST00100,29,164,12,17,8,5,Yes,Yes,46.5,5.7,4.1,Low
CUST00101,0,0,0,0,0,0,No,Yes,46.2,14.3,4.2,Medium
CUST00102,38,132,8,20,9,6,Yes,No,31.2,14.3,4.9,Low
CUST00103,20,138,7,18,11,2,Yes,Yes,37.7,30.1,3.9,Low
CUST00104,34,137,6,11,5,2,Yes,Yes,52.9,27.1,4.4,Low
CUST00105,28,179,10,30,18,2,No,Yes,31.3,10.2,2.8,Low
CUST00106,20,133,9,11,4,6,No,Yes,40.5,20.5,4.6,Low
CUST00107,26,153,9,20,13,6,Yes,Yes,48.8,43.4,4.6,Low
CUST00108,45,217,14,18,11,6,Yes,Yes,7.0,28.9,4.3,Low
CUST00109,1,4,0,0,0,0,Yes,Yes,5.4,5.0,3.6,Medium
CUST00110,5,29,1,3,2,1,Yes,Yes,7.7,10.8,3.8,Low
CUST00111,22,88,3,11,7,5,No,No,47.7,5.6,4.0,Low
CUST00112,6,26,1,3,1,0,No,Yes,31.6,23.4,3.4,Medium
CUST00113,3,18,1,2,1,0,Yes,Yes,42.4,36.2,4.4,Medium
CUST00114,8,34,1,4,2,1,Yes,Yes,35.4,5.1,3.5,Medium
CUST00115,23,151,7,21,8,3,Yes,No,26.0,34.0,4.6,Low
CUST00116,10,32,2,4,1,3,No,Yes,9.0,41.0,2.6,Low
CUST00117,31,183,5,32,16,2,Yes,No,47.6,18.6,4.2,Low
CUST00118,3,15,1,2,1,0,No,Yes,15.5,13.4,3.2,Medium
CUST00119,18,66,4,6,3,2,Yes,No,17.5,22.5,3.6,Medium
CUST00120,6,19,1,2,1,1,No,Yes,35.0,35.9,3.8,Medium
CUST00121,28,193,11,15,7,6,No,Yes,31.5,20.2,4.6,Low
CUST00122,6,35,1,3,1,0,Yes,No,40.0,42.1,3.9,Medium
CUST00123,16,63,3,7,3,1,Yes,Yes,43.4,22.0,3.3,Low
CUST00124,11,71,5,7,3,2,Yes,Yes,26.8,14.1,4.4,Low
CUST00125,38,132,9,12,8,5,Yes,Yes,19.0,12.2,3.9,Low
CUST00126,56,182,7,15,9,5,No,Yes,48.2,43.9,4.8,Low
CUST00127,34,169,6,15,8,2,No,No,11.7,34.7,4.0,Low
CUST00128,5,27,2,2,0,0,No,Yes,24.4,26.1,4.1,Medium
CUST00129,16,110,5,9,6,5,No,Yes,18.9,21.9,4.2,Low
CUST00130,38,160,6,14,9,4,Yes,Yes,6.6,18.1,3.9,Low
CUST00131,12,38,1,5,2,1,No,No,21.4,6.2,3.1,Low
CUST00132,34,169,12,24,14,5,No,No,32.7,13.7,3.9,Low
CUST00133,19,75,2,10,5,2,Yes,No,15.8,44.3,3.5,Medium
CUST00134,6,36,1,2,0,0,No,No,54.6,13.6,3.0,Medium
CUST00135,8,34,2,4,1,0,Yes,Yes,43.4,25.2,3.8,Medium
CUST00136,2,13,1,1,0,0,No,Yes,10.3,30.5,3.9,High
CUST00137,27,102,6,14,5,1,No,Yes,22.3,7.9,2.5,Low
CUST00138,2,7,0,1,0,0,Yes,Yes,19.9,33.8,3.7,Medium
CUST00139,28,129,7,11,5,5,Yes,No,22.6,29.4,4.4,Low
CUST00140,22,153,11,24,15,1,No,No,29.2,25.1,3.0,Medium
CUST00141,33,135,11,17,11,2,No,Yes,54.6,41.7,4.3,Low
CUST00142,5,22,1,1,0,0,No,Yes,42.1,13.3,4.1,Medium
CUST00143,3,13,1,2,0,0,Yes,Yes,23.8,22.9,4.1,Medium
CUST00144,3,11,0,1,0,0,No,Yes,14.1,19.8,3.6,Medium
CUST00145,17,65,4,11,5,2,No,Yes,29.7,28.4,2.7,Low
CUST00146,15,58,2,6,2,4,Yes,No,39.6,17.3,4.6,Low
CUST00147,6,41,3,4,1,0,Yes,Yes,20.1,38.3,4.2,Low
CUST00148,6,27,1,3,1,0,No,Yes,30.5,20.2,3.9,Low
CUST00149,19,73,5,11,4,0,Yes,No,7.2,38.5,4.2,Low
CUST00150,1,3,0,0,0,0,Yes,Yes,35.0,21.4,4.3,Medium
CUST00151,4,17,1,2,1,0,No,Yes,14.1,22.7,4.4,Medium
CUST00152,11,61,5,6,3,1,No,Yes,6.7,22.9,3.5,Low
CUST00153,17,71,3,11,6,1,No,No,33.7,39.2,2.9,Low
CUST00154,22,110,5,12,8,1,No,No,53.2,39.9,2.8,Medium
CUST00155,43,186,8,25,16,6,No,No,52.7,21.3,4.7,Low
CUST00156,2,12,0,1,0,0,Yes,Yes,28.4,21.1,3.9,High
CUST00157,26,83,4,11,5,2,Yes,Yes,20.7,40.5,2.2,Medium
CUST00158,7,32,2,3,1,0,Yes,Yes,46.0,11.3,3.2,Medium
CUST00159,8,36,2,3,2,2,Yes,No,29.5,12.5,3.7,Low
CUST00160,15,102,3,17,9,2,Yes,Yes,42.6,6.3,3.5,Low
CUST00161,50,281,18,25,12,4,No,Yes,45.7,13.7,4.7,Low
CUST00162,13,81,7,8,3,0,No,No,46.0,16.3,4.1,Low
CUST00163,20,72,4,7,3,2,No,No,51.7,17.2,3.4,Medium
CUST00164,16,54,4,6,3,2,No,Yes,15.8,16.5,4.5,Low
CUST00165,23,139,11,17,9,4,Yes,Yes,8.5,21.4,4.5,Low
CUST00166,16,110,5,10,5,2,Yes,No,39.4,41.5,4.4,Low
CUST00167,17,96,7,8,5,1,Yes,Yes,11.4,16.9,4.2,Low
CUST00168,6,26,1,4,2,2,Yes,No,7.7,26.9,4.4,Low
CUST00169,20,71,5,6,2,3,Yes,Yes,24.1,43.1,4.1,Low
CUST00170,6,23,1,3,1,0,Yes,Yes,47.6,32.3,4.5,Medium
CUST00171,7,45,2,5,2,0,Yes,Yes,36.2,37.4,3.1,Medium
CUST00172,14,82,6,7,4,1,Yes,No,39.7,13.7,4.1,Medium
CUST00173,18,94,5,9,4,2,No,Yes,35.6,9.9,3.6,Medium
CUST00174,3,17,1,2,1,0,Yes,No,34.9,20.4,3.7,Medium
CUST00175,25,128,11,20,9,1,Yes,No,37.8,8.2,2.4,Medium
CUST00176,1,6,0,0,0,0,Yes,Yes,9.0,25.0,3.0,Medium
CUST00177,2,13,1,1,0,0,Yes,Yes,29.7,17.2,4.1,High
CUST00178,0,0,0,0,0,0,No,No,5.2,27.7,4.0,Medium
CUST00179,7,36,2,3,1,0,Yes,Yes,42.2,25.7,3.5,Medium
CUST00180,18,65,3,8,4,2,No,Yes,18.7,8.0,2.6,Low
CUST00181,14,91,7,10,6,1,No,Yes,43.0,40.3,3.8,Medium
CUST00182,6,33,2,5,3,2,Yes,No,9.8,40.6,3.6,Medium
CUST00183,0,0,0,0,0,0,Yes,Yes,44.9,27.1,4.3,Medium
CUST00184,12,43,3,5,3,2,No,Yes,6.0,29.4,4.2,Medium
CUST00185,14,80,4,11,7,1,Yes,Yes,46.1,18.0,3.0,Low
CUST00186,12,53,2,5,3,2,Yes,No,36.9,37.1,3.6,Medium
CUST00187,45,295,24,42,22,7,Yes,No,40.6,6.0,4.6,Low
CUST00188,14,48,2,8,3,0,Yes,No,38.8,30.7,4.2,Medium
CUST00189,5,19,1,2,1,1,No,Yes,41.2,7.4,3.9,Medium
CUST00190,9,56,3,9,4,1,No,Yes,40.7,29.1,4.0,Low
CUST00191,3,14,0,1,0,0,Yes,Yes,16.5,29.0,4.1,Low
CUST00192,17,88,3,10,6,2,Yes,No,9.2,22.8,2.6,Low
CUST00193,1,5,0,0,0,0,Yes,No,8.4,23.1,3.9,Medium
CUST00194,5,20,1,2,0,0,Yes,No,42.8,32.5,3.6,Medium
CUST00195,51,190,10,24,15,6,Yes,No,20.2,10.2,4.4,Low
CUST00196,8,42,2,6,2,1,No,Yes,43.1,9.3,3.5,Medium
CUST00197,20,138,6,22,9,1,No,Yes,38.4,27.3,2.8,Low
CUST00198,5,22,1,3,1,0,No,No,18.1,44.4,3.8,Medium
CUST00199,7,27,2,4,2,0,No,Yes,19.7,31.9,3.5,Low
CUST00200,33,193,6,20,12,4,Yes,Yes,26.7,38.9,4.4,Low
CUST00201,34,226,14,38,19,5,Yes,Yes,41.5,43.2,4.6,Low
CUST00202,13,70,4,7,3,2,Yes,No,26.5,12.3,4.1,Medium
CUST00203,8,31,1,4,2,0,Yes,Yes,14.2,25.6,4.1,Low
CUST00204,18,100,3,13,8,1,No,No,16.7,5.4,3.2,Low
CUST00205,16,102,8,18,7,2,No,No,5.3,32.7,3.8,Medium
CUST00206,4,25,1,2,1,0,Yes,Yes,12.3,12.7,3.1,Medium
CUST00207,25,100,8,11,5,5,No,No,21.7,34.9,4.1,Low
CUST00208,17,78,4,9,5,1,No,No,5.9,37.6,3.8,Low
CUST00209,5,20,1,3,2,0,Yes,No,38.4,39.0,4.0,Medium
CUST00210,28,85,5,11,5,4,No,Yes,12.5,7.4,3.8,Low
CUST00211,8,33,2,4,1,2,Yes,Yes,15.1,35.8,3.9,Low
CUST00212,15,60,2,9,4,0,No,No,30.2,17.7,4.0,Low
CUST00213,1,6,0,0,0,0,Yes,Yes,35.7,33.8,3.7,High
CUST00214,7,25,0,3,2,0,No,No,46.7,31.6,4.0,Medium
CUST00215,6,27,1,4,2,0,No,Yes,38.0,40.3,4.0,Low
CUST00216,18,125,6,22,11,1,Yes,No,17.2,37.5,3.7,Low
CUST00217,3,17,1,2,1,0,No,No,9.6,12.0,3.8,High
CUST00218,26,85,6,12,6,1,No,No,29.6,38.4,3.2,Medium
CUST00219,50,294,25,31,15,3,Yes,No,28.3,19.2,4.3,Low
CUST00220,4,18,0,1,0,0,Yes,No,33.3,39.9,4.2,Medium
CUST00221,14,76,3,13,8,1,No,No,8.2,18.1,2.4,Low
CUST00222,1,3,0,0,0,0,Yes,No,9.7,32.3,3.7,High
CUST00223,19,96,7,14,9,1,No,No,29.9,22.2,3.5,Low
CUST00224,26,95,5,14,7,3,Yes,No,37.5,5.1,2.2,Medium
CUST00225,25,145,8,19,8,4,No,No,23.6,40.8,4.0,Low
CUST00226,15,85,4,9,5,0,No,Yes,18.9,42.8,4.2,Low
CUST00227,10,66,4,5,3,2,No,Yes,26.5,33.3,2.6,Low
CUST00228,44,186,13,32,16,7,No,No,51.6,10.8,4.5,Low
CUST00229,26,150,5,24,16,2,No,No,26.5,14.4,4.2,Low
CUST00230,2,10,0,1,0,0,Yes,Yes,36.6,36.5,3.9,Medium
CUST00231,3,15,0,1,0,0,Yes,Yes,42.1,28.3,4.1,High
CUST00232,7,24,1,4,2,0,Yes,Yes,46.8,22.9,3.2,Low
CUST00233,1,4,0,0,0,0,No,No,39.7,7.5,4.4,Medium
CUST00234,11,67,3,9,6,1,No,No,13.6,40.7,3.2,Low
CUST00235,2,8,0,1,0,0,No,Yes,48.3,9.3,3.2,Low
CUST00236,4,26,2,4,2,0,No,No,40.3,30.6,3.6,Medium
CUST00237,5,23,1,1,0,0,No,No,9.0,40.4,4.3,Medium
CUST00238,3,17,1,1,0,0,Yes,No,50.7,32.8,4.2,Medium
CUST00239,15,68,3,11,5,2,No,No,29.0,18.0,2.9,Low
CUST00240,18,74,5,11,6,0,No,Yes,7.9,17.4,3.7,Medium
CUST00241,23,104,7,9,3,4,No,No,46.9,23.7,4.5,Low
CUST00242,5,15,0,2,1,2,No,Yes,29.0,32.1,3.7,Low
CUST00243,2,6,0,0,0,0,Yes,No,35.5,16.0,3.7,Medium
CUST00244,16,95,6,8,3,2,Yes,No,32.2,5.2,4.5,Low
CUST00245,16,100,4,13,6,1,Yes,No,18.7,44.1,3.4,Low
CUST00246,4,26,2,4,2,0,No,Yes,42.6,15.0,4.3,High
CUST00247,9,35,1,5,3,1,Yes,Yes,27.5,32.5,3.7,Low
CUST00248,5,21,1,2,0,1,Yes,No,43.2,13.0,3.9,Low
CUST00249,26,175,6,19,8,4,Yes,No,24.0,37.4,4.6,Low
CUST00250,11,68,4,9,5,1,No,Yes,35.6,25.2,4.2,Low
CUST00251,16,56,4,9,3,1,No,Yes,12.0,38.7,3.6,Medium
CUST00252,21,74,2,11,7,2,Yes,Yes,37.1,8.7,3.1,Low
CUST00253,5,22,0,3,1,0,Yes,No,22.3,33.5,4.5,Medium
CUST00254,13,67,5,11,6,2,No,No,6.5,39.7,3.5,Medium
CUST00255,19,99,3,8,4,2,No,Yes,16.8,16.1,2.7,Low
CUST00256,16,102,7,15,6,1,Yes,Yes,35.6,32.9,4.4,Medium
CUST00257,6,29,0,3,1,0,Yes,No,15.9,40.1,3.9,Medium
CUST00258,0,0,0,0,0,0,Yes,Yes,29.1,17.9,4.1,High
CUST00259,6,29,1,3,1,0,No,Yes,15.5,29.0,4.0,Medium
CUST00260,7,31,0,3,1,0,No,Yes,18.5,9.7,4.2,Medium
CUST00261,1,3,0,0,0,0,Yes,Yes,18.0,20.0,3.8,Medium
CUST00262,3,12,0,2,0,0,Yes,Yes,49.5,38.8,4.0,High
CUST00263,2,12,0,1,0,0,Yes,Yes,8.8,21.5,3.5,Medium
CUST00264,38,144,10,25,12,2,Yes,Yes,8.1,28.0,4.4,Low
CUST00265,7,40,2,6,3,0,No,Yes,21.7,33.1,4.2,Medium
CUST00266,5,30,1,4,1,1,No,No,13.3,38.3,3.6,Medium
CUST00267,5,19,1,2,0,0,Yes,Yes,13.6,11.5,3.8,Low
CUST00268,5,33,2,3,1,1,Yes,No,48.3,5.8,4.4,Medium
CUST00269,36,126,9,14,7,2,No,No,13.7,27.6,4.1,Low
CUST00270,28,146,7,21,9,1,Yes,Yes,24.8,18.7,3.0,Low
CUST00271,0,0,0,0,0,0,Yes,Yes,42.1,9.5,4.0,Medium
CUST00272,5,20,0,1,0,0,No,No,16.9,38.9,3.7,Medium
CUST00273,11,69,2,9,5,2,No,Yes,34.5,36.2,2.5,Medium
CUST00274,0,0,0,0,0,0,Yes,Yes,8.3,8.3,3.7,High
CUST00275,54,200,13,18,8,3,No,No,28.9,24.7,4.6,Low
CUST00276,34,141,10,21,9,3,Yes,Yes,36.2,10.3,4.1,Low
CUST00277,7,38,1,5,3,0,Yes,No,11.3,11.9,4.2,Medium
CUST00278,8,28,2,4,2,2,No,No,49.0,32.7,3.8,Low
CUST00279,23,113,3,12,4,3,No,No,26.2,22.2,3.1,Low
CUST00280,1,3,0,0,0,0,Yes,No,9.6,25.6,4.4,Medium
CUST00281,10,51,3,7,2,1,Yes,No,43.0,33.3,4.2,Medium
CUST00282,1,6,0,0,0,0,Yes,No,14.5,16.7,4.4,Medium
CUST00283,4,13,0,1,0,0,Yes,No,22.7,26.2,3.6,Medium
CUST00284,45,143,12,16,10,3,Yes,Yes,54.0,18.8,4.6,Low
CUST00285,7,39,3,3,1,1,No,No,41.8,31.7,4.0,Low
CUST00286,2,12,0,1,0,0,No,No,20.1,22.3,3.6,Medium
CUST00287,13,59,4,7,3,0,No,Yes,11.7,7.4,3.5,Low
CUST00288,20,112,9,15,10,4,Yes,Yes,14.6,29.8,4.2,Low
CUST00289,7,40,1,4,1,0,Yes,Yes,27.7,31.8,3.5,Low
CUST00290,15,79,3,13,7,1,No,Yes,27.2,19.2,3.7,Low
CUST00291,2,12,0,1,0,0,No,Yes,6.7,30.1,4.0,Medium
CUST00292,33,163,14,14,8,5,Yes,No,42.4,23.4,3.9,Low
CUST00293,3,18,1,2,1,0,No,Yes,21.0,26.7,3.6,Medium
CUST00294,36,115,8,12,7,2,Yes,No,17.5,9.0,4.0,Low
CUST00295,16,65,2,6,2,1,No,No,41.1,20.9,4.3,Low
CUST00296,50,209,18,32,17,3,No,Yes,19.7,39.5,4.2,Low
CUST00297,34,229,12,40,20,5,No,Yes,43.0,29.0,3.9,Low
CUST00298,26,157,5,19,10,1,Yes,No,48.6,44.2,3.1,Low
CUST00299,11,67,5,5,2,0,Yes,No,23.2,40.2,4.3,Medium
CUST00300,8,29,2,4,2,2,Yes,No,36.1,12.1,4.3,Medium
CUST00301,30,164,6,21,12,5,No,Yes,41.5,24.1,4.1,Low
CUST00302,15,97,5,15,8,2,No,Yes,30.3,6.0,4.2,Low
CUST00303,20,98,8,12,7,3,Yes,No,23.1,33.0,3.2,Low
CUST00304,1,5,0,0,0,0,No,Yes,26.3,9.3,3.2,Medium
CUST00305,18,124,4,16,8,1,No,Yes,7.6,19.8,3.2,Low
CUST00306,36,230,12,30,12,4,No,Yes,44.6,19.7,4.6,Low
CUST00307,14,83,6,7,3,1,Yes,Yes,49.7,44.4,3.8,Medium
CUST00308,5,23,0,3,1,0,Yes,No,15.8,14.4,4.4,Medium
CUST00309,3,19,1,2,1,0,Yes,Yes,15.6,29.6,4.5,Medium
CUST00310,22,68,3,11,7,3,Yes,No,40.1,41.6,2.8,Medium
CUST00311,43,157,13,27,17,6,Yes,No,11.3,7.1,4.2,Low
CUST00312,9,57,3,9,4,0,No,No,43.8,7.1,4.1,Low
CUST00313,7,38,2,4,2,0,No,Yes,9.6,9.4,3.8,Medium
CUST00314,4,12,0,1,0,0,No,Yes,7.5,41.1,4.1,Medium
CUST00315,3,16,0,2,0,0,Yes,Yes,6.3,15.8,4.4,Medium
CUST00316,10,65,2,9,5,1,Yes,No,40.4,9.1,3.5,Medium
CUST00317,17,114,5,11,6,3,Yes,No,45.4,38.8,4.3,Low
CUST00318,17,85,2,13,5,4,Yes,No,39.4,23.3,4.2,Low
CUST00319,4,25,0,2,0,0,Yes,No,48.1,30.7,4.3,Medium
CUST00320,26,148,8,21,11,2,Yes,Yes,25.8,10.6,4.7,Low
CUST00321,21,111,8,18,11,2,Yes,Yes,8.8,44.1,2.8,Low
CUST00322,12,43,3,7,4,1,Yes,Yes,49.4,32.5,2.6,Medium
CUST00323,1,5,0,0,0,0,Yes,Yes,31.0,43.6,4.2,Medium
CUST00324,37,177,5,23,9,2,Yes,No,8.3,14.0,4.4,Low
CUST00325,5,21,1,2,1,0,No,No,43.0,20.5,3.9,Medium
CUST00326,7,32,1,3,1,0,No,Yes,20.3,32.8,3.7,Medium
CUST00327,2,9,0,1,0,0,No,Yes,18.6,35.8,4.0,Medium
CUST00328,3,13,1,2,0,0,No,Yes,7.0,25.3,3.6,Medium
CUST00329,2,9,0,1,0,0,No,No,24.8,19.1,3.6,Medium
CUST00330,22,75,3,7,4,2,No,No,49.0,35.4,3.3,Medium
CUST00331,2,7,0,1,0,0,Yes,Yes,45.6,16.3,3.6,Medium
CUST00332,3,12,0,1,0,0,No,Yes,38.5,30.5,4.3,Medium
CUST00333,17,92,5,12,7,4,Yes,No,37.2,27.5,4.5,Low
CUST00334,34,129,6,16,7,4,Yes,Yes,38.1,32.7,4.2,Low
CUST00335,26,137,5,21,11,3,No,Yes,33.1,15.3,2.4,Low
CUST00336,15,49,2,5,2,0,No,No,27.6,33.0,4.0,Medium
CUST00337,53,221,14,35,21,6,Yes,Yes,38.4,41.1,4.3,Low
CUST00338,7,40,1,6,3,0,Yes,No,42.1,15.6,3.5,Low
CUST00339,7,40,2,6,3,0,No,No,47.6,39.0,4.3,Medium
CUST00340,19,104,9,8,4,2,No,Yes,20.2,31.5,4.7,Low
CUST00341,15,81,4,8,4,2,Yes,Yes,49.4,32.2,3.9,Low
CUST00342,1,5,0,0,0,0,No,Yes,24.0,13.4,3.8,Medium
CUST00343,5,26,1,2,1,2,Yes,Yes,12.2,13.9,4.0,Medium
CUST00344,2,12,0,1,0,0,Yes,Yes,29.3,23.9,4.2,High
CUST00345,2,8,0,1,0,0,Yes,No,33.8,16.4,4.0,High
CUST00346,5,33,2,3,1,1,No,Yes,29.1,27.6,3.9,Low
CUST00347,5,15,0,1,0,0,No,No,37.9,13.8,3.7,Low
CUST00348,13,80,3,9,5,1,No,Yes,6.5,17.4,4.0,Low
CUST00349,6,23,1,3,1,0,No,Yes,44.0,22.4,4.4,Medium
CUST00350,4,22,1,2,1,0,Yes,No,32.4,38.5,3.6,Medium
CUST00351,0,0,0,0,0,0,No,Yes,44.5,18.0,3.9,Medium
CUST00352,1,4,0,0,0,0,Yes,No,16.5,21.4,4.2,High
CUST00353,13,40,2,4,2,3,Yes,Yes,17.9,31.6,3.1,Low
CUST00354,3,17,0,3,1,0,Yes,No,14.8,40.2,3.0,Medium
CUST00355,25,133,9,22,9,2,Yes,No,11.6,17.4,4.6,Low
CUST00356,33,114,6,9,4,6,Yes,No,11.7,29.1,4.5,Low
CUST00357,24,111,4,9,5,5,Yes,No,29.7,20.4,4.1,Low
CUST00358,15,101,4,9,3,2,Yes,No,11.8,16.4,3.5,Low
CUST00359,47,298,18,40,25,5,No,Yes,31.7,32.2,4.9,Low
CUST00360,5,32,2,5,2,0,Yes,No,40.4,35.4,4.0,Low
CUST00361,8,38,1,4,2,2,Yes,Yes,35.9,20.4,4.0,Low
CUST00362,2,12,0,1,0,0,No,Yes,43.1,32.9,4.2,Low
CUST00363,6,24,1,3,1,0,No,Yes,42.6,41.6,3.5,Low
CUST00364,11,53,2,5,2,0,Yes,Yes,11.9,18.6,3.4,Medium
CUST00365,3,17,0,1,0,0,Yes,No,52.0,15.5,3.2,Medium
CUST00366,18,125,10,20,9,5,Yes,No,8.0,24.4,4.6,Low
CUST00367,45,139,5,23,9,4,Yes,No,19.0,30.0,4.7,Low
CUST00368,6,40,3,3,1,1,Yes,Yes,28.2,18.6,4.2,Low
CUST00369,19,100,6,10,6,3,Yes,No,50.6,15.5,3.9,Low
CUST00370,26,131,6,20,13,4,Yes,Yes,25.4,32.4,4.5,Low
CUST00371,2,6,0,0,0,0,Yes,No,14.8,26.7,4.0,Medium
CUST00372,12,72,4,11,6,2,Yes,Yes,50.0,36.5,3.8,Medium
CUST00373,28,105,4,10,6,2,No,Yes,21.3,43.0,4.1,Low
CUST00374,3,9,0,1,0,0,Yes,No,26.5,18.7,4.2,High
CUST00375,8,38,1,4,2,2,No,No,39.6,42.3,3.9,Low
CUST00376,0,0,0,0,0,0,Yes,No,23.4,21.7,3.8,Medium
CUST00377,35,118,8,9,5,5,No,Yes,27.1,33.1,3.9,Low
CUST00378,5,20,1,2,1,0,Yes,Yes,47.0,24.9,4.1,Low
CUST00379,50,260,13,35,17,7,Yes,No,20.0,5.4,4.7,Low
CUST00380,16,104,3,17,9,5,No,Yes,49.0,40.9,4.6,Low
CUST00381,5,20,1,2,0,0,Yes,Yes,16.9,20.7,4.4,Low
CUST00382,2,8,0,1,0,0,No,No,5.9,29.2,4.2,High
CUST00383,1,4,0,0,0,0,No,No,50.8,40.1,4.4,Medium
CUST00384,13,76,5,13,6,3,No,Yes,37.7,43.7,2.3,Low
CUST00385,31,122,6,20,8,4,Yes,Yes,41.3,31.2,4.5,Low
CUST00386,5,23,1,3,1,0,Yes,No,34.3,36.4,3.9,Low
CUST00387,13,49,3,4,2,1,No,Yes,8.4,14.9,3.5,Medium
CUST00388,47,266,21,40,23,4,No,No,10.1,42.2,5.0,Low
CUST00389,6,39,1,5,2,0,Yes,Yes,28.7,7.6,4.4,Medium
CUST00390,35,148,6,14,5,3,Yes,No,24.6,25.9,4.6,Low
CUST00391,11,38,2,4,2,2,No,No,48.8,33.5,3.0,Low
CUST00392,16,75,5,9,4,2,Yes,Yes,25.8,33.0,4.2,Medium
CUST00393,6,32,1,3,1,0,No,No,20.8,15.5,3.5,Medium
CUST00394,57,251,17,29,16,4,Yes,No,18.9,35.2,4.9,Low
CUST00395,10,44,3,5,2,0,No,No,27.2,25.1,3.4,Medium
CUST00396,21,120,4,14,7,5,Yes,No,23.2,11.0,4.3,Low
CUST00397,5,16,0,2,1,0,No,No,41.2,15.7,3.0,Medium
CUST00398,16,74,5,12,7,2,Yes,Yes,8.0,36.7,4.4,Medium
CUST00399,10,35,3,3,1,2,Yes,Yes,36.6,6.0,4.3,Low
CUST00400,30,162,10,28,14,2,Yes,Yes,49.4,20.6,4.0,Low
CUST00401,13,62,5,9,4,0,No,Yes,17.8,25.2,3.9,Medium
CUST00402,7,42,3,6,3,2,Yes,Yes,51.7,27.6,4.1,Low
CUST00403,35,215,18,26,17,3,Yes,Yes,44.4,33.0,4.2,Low
CUST00404,23,149,9,25,13,3,No,Yes,26.9,42.1,2.7,Low
CUST00405,3,10,0,1,0,0,No,Yes,8.9,37.9,4.3,High
CUST00406,22,103,6,13,9,7,No,No,15.5,8.8,4.3,Low
CUST00407,6,34,1,3,2,0,No,No,11.4,6.0,3.6,Low
CUST00408,4,13,0,1,0,0,Yes,Yes,13.1,36.1,3.9,Medium
CUST00409,11,51,2,6,2,2,Yes,Yes,37.0,32.0,4.0,Medium
CUST00410,28,146,12,22,12,3,Yes,No,17.6,36.3,3.9,Low
CUST00411,16,73,4,8,5,3,No,No,47.8,19.5,3.8,Low
CUST00412,3,13,0,1,0,0,No,No,16.4,17.9,4.5,Medium
CUST00413,8,28,1,4,2,2,Yes,Yes,14.3,6.0,3.9,Low
CUST00414,7,34,2,3,1,2,Yes,Yes,9.3,5.0,4.1,Low
CUST00415,15,51,2,6,3,1,Yes,No,29.1,16.3,3.9,Medium
CUST00416,8,26,0,2,1,2,No,No,33.5,7.0,4.1,Low
CUST00417,6,26,1,2,0,0,Yes,Yes,9.3,17.9,4.2,Medium
CUST00418,2,8,0,0,0,0,Yes,Yes,43.2,31.6,4.2,Medium
CUST00419,49,210,7,36,23,6,Yes,Yes,49.8,43.1,4.4,Low
CUST00420,21,94,3,8,4,2,Yes,No,36.3,11.4,2.5,Low
CUST00421,5,29,2,2,1,0,No,Yes,28.3,31.3,4.0,Medium
CUST00422,34,113,9,12,8,3,No,No,53.9,35.8,4.0,Low
CUST00423,10,57,3,4,2,1,Yes,Yes,33.3,20.8,4.0,Low
CUST00424,56,360,19,59,26,4,Yes,Yes,29.5,40.7,4.4,Low
CUST00425,5,21,0,2,0,0,Yes,Yes,40.1,16.6,3.2,Low
CUST00426,0,0,0,0,0,0,Yes,Yes,8.1,7.9,4.2,Medium
CUST00427,4,27,2,2,0,0,Yes,No,7.6,23.8,4.2,Medium
CUST00428,6,37,3,6,2,0,Yes,Yes,15.3,12.1,4.3,Low
CUST00429,33,185,6,25,16,4,No,Yes,51.5,9.1,4.4,Low
CUST00430,2,6,0,1,0,0,No,Yes,29.6,26.2,4.4,Medium
CUST00431,2,8,0,0,0,0,No,No,24.0,30.5,3.2,Medium
CUST00432,13,70,2,8,5,0,Yes,No,46.0,37.5,4.2,Medium
CUST00433,7,23,1,3,2,0,Yes,No,28.9,5.4,4.1,Medium
CUST00434,18,64,3,7,4,1,Yes,Yes,19.6,36.3,3.7,Medium
CUST00435,2,13,0,2,1,0,Yes,No,45.4,11.1,3.9,High
CUST00436,29,111,4,11,6,4,Yes,No,19.1,6.7,4.4,Low
CUST00437,17,57,3,7,3,2,Yes,Yes,10.0,30.5,3.2,Low
CUST00438,2,12,0,1,0,0,No,Yes,20.6,24.2,3.7,Medium
CUST00439,13,69,6,6,4,1,No,Yes,25.1,32.3,4.2,Low
CUST00440,37,241,18,36,22,6,No,Yes,54.6,10.3,4.7,Low
CUST00441,6,38,2,6,2,0,Yes,Yes,41.4,14.8,3.4,Medium
CUST00442,38,177,13,15,6,2,Yes,Yes,23.5,37.9,4.4,Low
CUST00443,13,55,1,5,3,0,Yes,Yes,51.1,13.3,3.8,Low
CUST00444,9,29,1,3,2,0,No,Yes,9.2,42.8,3.9,Medium
CUST00445,2,10,0,1,0,0,Yes,Yes,23.4,32.6,3.8,Medium
CUST00446,1,3,0,0,0,0,Yes,No,52.2,14.7,3.0,Medium
CUST00447,4,14,1,1,0,0,Yes,Yes,28.5,24.0,3.2,Medium
CUST00448,17,85,4,7,4,0,Yes,No,25.3,29.3,3.7,Low
CUST00449,2,9,0,1,0,0,Yes,Yes,11.8,42.5,3.5,Medium
CUST00450,2,13,1,1,0,0,No,No,50.7,31.8,3.7,Medium
CUST00451,24,95,6,7,3,3,No,Yes,9.6,42.5,4.8,Low
CUST00452,3,12,0,1,0,0,Yes,No,22.8,31.5,3.6,Medium
CUST00453,17,62,5,5,2,2,Yes,No,54.9,43.9,2.7,Low
CUST00454,4,16,0,1,0,0,No,No,41.3,20.4,4.3,Medium
CUST00455,2,13,1,2,0,0,Yes,No,13.3,26.8,4.1,High
CUST00456,5,19,0,2,1,0,No,No,33.5,43.8,4.1,Medium
CUST00457,26,104,9,12,5,3,Yes,Yes,52.2,40.3,4.3,Low
CUST00458,37,188,8,31,16,4,No,Yes,17.0,23.0,4.4,Low
CUST00459,21,118,9,11,6,2,No,Yes,51.6,17.1,4.1,Low
CUST00460,5,32,1,5,2,2,Yes,Yes,39.2,36.2,3.6,Low
CUST00461,4,22,1,3,1,0,Yes,Yes,40.1,35.8,4.0,Medium
CUST00462,11,36,2,3,1,0,Yes,Yes,28.1,20.1,3.8,Low
CUST00463,4,15,1,1,0,0,No,No,50.7,12.6,4.3,Medium
CUST00464,7,26,2,3,1,0,Yes,Yes,12.4,26.3,4.1,Medium
CUST00465,2,9,0,0,0,0,No,Yes,5.6,35.0,3.9,Medium
CUST00466,6,30,1,4,2,0,Yes,No,44.6,7.0,3.7,Medium
CUST00467,12,41,3,6,2,1,Yes,No,19.1,28.4,3.9,Medium
CUST00468,13,46,3,4,1,3,Yes,Yes,26.4,39.5,2.7,Low
CUST00469,18,79,4,11,5,2,No,Yes,10.5,26.9,3.7,Low
CUST00470,21,120,6,16,9,2,Yes,No,8.8,29.3,4.5,Low
CUST00471,46,171,8,22,10,5,No,No,12.6,35.3,4.3,Low
CUST00472,4,20,0,3,1,0,Yes,No,22.8,17.7,3.4,Medium
CUST00473,56,300,21,37,24,3,No,Yes,43.5,11.8,4.5,Low
CUST00474,12,48,1,7,4,2,Yes,No,52.2,13.9,2.3,Low
CUST00475,16,59,3,10,5,2,Yes,No,25.7,23.8,2.9,Low
CUST00476,2,7,0,0,0,0,Yes,Yes,10.2,28.1,4.3,Medium
CUST00477,16,110,8,14,8,0,Yes,Yes,37.3,35.3,4.0,Medium
CUST00478,16,98,7,15,8,0,No,No,12.6,29.6,3.8,Low
CUST00479,14,46,1,6,2,2,Yes,Yes,33.8,12.9,3.6,Medium
CUST00480,29,125,5,15,9,1,Yes,Yes,14.9,30.1,2.7,Low
CUST00481,17,74,6,11,5,0,Yes,No,53.8,37.2,4.3,Low
CUST00482,3,11,0,1,0,0,Yes,No,15.6,11.5,4.1,High
CUST00483,4,20,1,3,1,0,Yes,No,27.8,8.9,3.9,Medium
CUST00484,19,113,6,15,6,2,Yes,Yes,48.1,25.6,4.2,Low
CUST00485,21,139,8,16,9,3,Yes,Yes,30.1,35.2,4.3,Low
CUST00486,55,166,8,14,9,5,No,No,5.8,39.2,4.8,Low
CUST00487,25,142,11,25,12,3,Yes,No,29.9,24.5,2.8,Low
CUST00488,3,11,0,1,0,0,No,Yes,45.8,14.6,3.4,Medium
CUST00489,11,65,5,11,4,0,Yes,Yes,53.0,44.8,3.5,Medium
CUST00490,36,232,19,41,17,2,Yes,Yes,53.8,17.5,4.6,Low
CUST00491,21,112,3,9,5,3,No,Yes,10.6,8.9,2.4,Low
CUST00492,16,107,6,9,5,1,Yes,Yes,7.6,41.7,3.7,Medium
CUST00493,21,78,3,11,6,2,No,No,16.7,17.9,4.7,Low
CUST00494,23,101,5,10,6,4,Yes,Yes,5.3,21.1,3.9,Low
CUST00495,22,82,4,13,6,5,No,No,54.0,34.8,4.4,Low
CUST00496,39,189,7,29,19,4,No,Yes,30.0,29.2,4.2,Low
CUST00497,3,15,0,2,1,0,Yes,No,28.0,26.1,4.3,Medium
CUST00498,8,41,2,4,2,0,Yes,No,51.3,26.9,3.8,Low
CUST00499,3,14,1,2,0,0,Yes,Yes,9.9,32.2,3.6,Medium
CUST00500,7,43,2,7,3,1,No,No,40.0,31.4,4.3,Low
CUST00501,24,151,7,12,5,3,No,Yes,18.0,7.2,3.3,Low
CUST00502,15,89,4,7,4,1,Yes,No,47.4,43.1,3.9,Medium
CUST00503,5,33,2,3,2,2,Yes,Yes,53.0,33.6,4.2,Low
CUST00504,5,29,1,2,1,0,Yes,Yes,41.9,11.4,3.9,Medium
CUST00505,5,33,1,4,1,0,Yes,Yes,38.1,17.1,3.9,Low
CUST00506,5,21,1,2,0,0,No,No,49.6,43.4,3.2,Medium
CUST00507,14,45,1,5,3,3,No,No,39.4,16.3,3.1,Low
CUST00508,34,224,12,26,16,4,No,Yes,15.5,34.6,4.5,Low
CUST00509,12,59,2,7,4,1,Yes,Yes,27.9,41.0,3.4,Medium
CUST00510,11,76,4,10,6,1,No,Yes,31.4,19.8,3.9,Medium
CUST00511,18,58,4,6,3,1,No,Yes,31.1,38.2,3.1,Medium
CUST00512,13,87,4,15,7,0,Yes,Yes,54.8,17.7,3.7,Medium
CUST00513,16,99,5,16,9,1,No,Yes,17.5,45.0,3.6,Low
CUST00514,4,25,1,2,1,0,No,No,26.5,21.6,3.1,Medium
CUST00515,24,148,5,16,10,4,No,Yes,45.1,41.6,4.4,Low
CUST00516,5,26,1,3,1,0,Yes,Yes,36.7,10.6,3.3,Medium
CUST00517,32,198,8,19,12,3,No,Yes,30.9,25.2,4.7,Low
CUST00518,17,74,3,12,5,3,Yes,Yes,37.8,43.9,4.1,Low
CUST00519,3,10,0,1,0,0,No,Yes,36.5,38.3,3.8,Medium
CUST00520,38,135,7,17,11,2,Yes,No,50.6,26.4,4.4,Low
CUST00521,17,87,2,7,4,0,Yes,No,49.5,12.1,4.1,Medium
CUST00522,12,50,2,8,4,1,No,No,31.5,6.3,3.5,Low
CUST00523,10,53,2,5,2,0,Yes,No,51.1,33.2,4.2,Low
CUST00524,4,23,1,3,1,0,Yes,Yes,16.6,24.8,4.4,Medium
CUST00525,16,55,2,6,3,0,Yes,No,44.2,38.0,4.0,Medium
CUST00526,3,16,1,1,0,0,Yes,Yes,26.6,29.9,3.5,Medium
CUST00527,25,92,8,16,6,3,Yes,Yes,46.7,21.2,4.2,Low
CUST00528,13,58,5,6,3,0,Yes,No,28.0,29.6,4.0,Medium
CUST00529,3,20,1,1,0,0,No,Yes,32.1,24.1,3.9,Medium
CUST00530,1,4,0,0,0,0,Yes,Yes,20.1,5.8,3.8,Medium
CUST00531,8,24,1,4,2,1,Yes,Yes,6.8,42.1,4.1,Low
CUST00532,18,89,7,10,4,1,No,Yes,33.5,33.9,4.2,Medium
CUST00533,28,85,6,9,4,4,No,Yes,7.5,31.5,3.9,Low
CUST00534,3,14,1,2,1,0,No,Yes,48.7,44.2,3.3,Medium
CUST00535,3,15,0,2,1,0,Yes,No,53.1,39.4,3.0,Medium
CUST00536,0,0,0,0,0,0,No,No,53.5,22.9,4.0,High
CUST00537,12,48,1,5,3,2,No,Yes,44.4,23.9,2.7,Low
CUST00538,1,3,0,0,0,0,Yes,No,12.1,10.1,4.0,Medium
CUST00539,15,68,2,6,2,2,Yes,Yes,38.8,10.1,2.6,Medium
CUST00540,7,36,2,5,3,0,Yes,No,38.9,17.5,3.3,Medium
CUST00541,0,0,0,0,0,0,Yes,Yes,40.1,43.2,4.0,High
CUST00542,10,64,2,11,5,1,Yes,No,51.1,35.7,4.0,Medium
CUST00543,16,64,4,8,3,2,Yes,Yes,24.6,27.8,3.2,Low
CUST00544,7,21,0,2,1,0,No,Yes,51.8,23.9,3.8,Low
CUST00545,25,115,5,11,5,2,No,No,32.7,11.9,4.5,Low
CUST00546,2,10,0,1,0,0,No,Yes,54.0,17.3,4.1,Medium
CUST00547,4,19,0,2,0,0,No,Yes,24.4,28.4,4.2,Medium
CUST00548,25,91,4,12,7,5,Yes,No,20.4,27.8,4.0,Low
CUST00549,2,11,0,1,0,0,No,No,13.0,13.9,3.8,Medium
CUST00550,39,131,6,18,10,6,Yes,Yes,22.8,13.9,4.2,Low
CUST00551,6,40,2,6,3,0,Yes,No,29.9,5.4,3.5,Medium
CUST00552,13,53,3,9,4,0,Yes,No,37.6,29.9,4.3,Low
CUST00553,18,85,5,8,4,0,Yes,Yes,31.7,11.1,4.4,Medium
CUST00554,17,86,6,7,3,2,Yes,No,16.4,31.4,3.5,Low
CUST00555,19,57,2,8,4,0,No,No,7.6,6.8,3.7,Medium
CUST00556,2,6,0,1,0,0,Yes,No,8.3,12.7,4.4,High
CUST00557,16,96,7,16,7,2,Yes,Yes,35.0,13.5,4.0,Medium
CUST00558,19,117,4,15,6,0,Yes,Yes,40.6,19.6,3.5,Low
CUST00559,16,62,3,9,5,2,Yes,No,52.5,6.6,3.7,Low
CUST00560,0,0,0,0,0,0,Yes,Yes,32.0,15.7,4.4,High
CUST00561,18,112,7,10,6,2,Yes,Yes,12.8,13.4,3.5,Medium
CUST00562,16,102,8,12,5,0,Yes,Yes,42.8,40.1,3.7,Low
CUST00563,2,9,0,1,0,0,Yes,No,16.0,19.4,4.0,Medium
CUST00564,28,109,6,17,8,1,Yes,No,45.4,21.7,2.9,Low
CUST00565,20,66,2,11,7,7,Yes,Yes,44.7,38.3,4.7,Low
CUST00566,15,46,3,3,1,2,No,No,15.9,43.2,4.1,Low
CUST00567,39,206,16,17,7,3,Yes,No,40.0,29.2,4.1,Low
CUST00568,3,20,1,3,1,0,Yes,No,30.2,18.7,3.5,High
CUST00569,6,34,1,5,3,0,Yes,No,52.1,32.4,3.9,Medium
CUST00570,28,129,4,22,9,1,Yes,Yes,31.5,10.1,2.3,Low
CUST00571,16,73,5,11,6,0,Yes,Yes,10.3,41.3,3.5,Low
CUST00572,11,70,6,9,5,0,No,Yes,5.1,13.3,4.1,Medium
CUST00573,1,5,0,0,0,0,Yes,Yes,17.9,37.7,3.5,High
CUST00574,18,65,2,10,5,1,Yes,No,28.8,26.1,4.3,Medium
CUST00575,46,160,10,23,10,4,No,No,44.4,25.3,4.7,Low
CUST00576,26,126,11,22,12,5,Yes,Yes,53.6,11.7,4.4,Low
CUST00577,16,60,4,6,3,2,Yes,No,43.3,12.2,4.1,Low
CUST00578,3,10,0,1,0,0,No,Yes,33.8,15.4,4.1,Medium
CUST00579,32,113,5,20,13,5,Yes,No,29.2,26.0,4.5,Low
CUST00580,1,5,0,0,0,0,Yes,No,43.5,36.1,4.4,High
CUST00581,21,139,4,11,5,5,Yes,No,38.7,25.0,4.0,Low
CUST00582,12,48,2,6,3,3,No,Yes,49.4,20.2,2.9,Low
CUST00583,5,19,1,2,0,0,Yes,Yes,49.9,23.5,3.9,Medium
CUST00584,25,130,6,12,8,1,No,Yes,38.0,23.0,3.0,Medium
CUST00585,10,45,1,7,3,2,Yes,Yes,25.0,18.6,3.7,Low
CUST00586,7,46,3,7,4,0,Yes,No,40.8,31.5,4.4,Medium
CUST00587,4,23,0,3,1,0,No,No,34.3,12.6,4.2,Medium
CUST00588,27,84,6,10,4,4,No,No,50.1,17.3,4.5,Low
CUST00589,7,26,1,3,1,0,Yes,No,38.3,34.1,4.3,Medium
CUST00590,12,63,4,7,3,1,Yes,Yes,51.4,35.0,4.3,Low
CUST00591,13,42,2,3,1,2,Yes,No,46.5,44.2,3.7,Low
CUST00592,17,56,2,6,3,0,Yes,No,25.6,13.0,4.3,Low
CUST00593,4,25,1,4,2,0,Yes,No,24.2,14.4,3.9,Low
CUST00594,16,93,5,14,6,0,No,Yes,7.9,25.9,4.1,Low
CUST00595,18,61,5,5,3,1,Yes,Yes,21.3,36.2,3.8,Medium
CUST00596,5,24,0,3,1,0,No,No,52.1,13.9,4.2,Medium
CUST00597,24,156,7,24,16,3,Yes,Yes,45.2,31.1,4.3,Low
CUST00598,12,65,4,6,3,0,Yes,No,29.3,35.9,4.0,Low
CUST00599,10,56,4,7,3,2,Yes,Yes,42.1,7.0,4.0,Low
CUST00600,11,47,1,7,3,0,Yes,No,32.6,21.0,4.0,Low
CUST00601,7,30,2,2,1,0,Yes,No,36.6,34.1,4.2,Medium
CUST00602,7,29,2,2,0,0,No,Yes,7.2,40.6,4.4,Medium
CUST00603,8,39,1,4,1,2,Yes,Yes,50.8,38.8,3.9,Medium
CUST00604,5,25,1,3,1,2,No,Yes,12.7,17.7,3.7,Low
CUST00605,4,23,0,3,1,0,Yes,No,39.3,5.6,4.0,Medium
CUST00606,18,83,3,14,8,3,Yes,No,50.6,11.7,2.6,Low
CUST00607,19,66,2,11,6,1,Yes,Yes,31.5,35.0,3.6,Low
CUST00608,47,199,15,35,16,4,No,No,27.1,14.8,4.3,Low
CUST00609,15,57,4,5,2,1,Yes,No,35.3,32.3,4.0,Low
CUST00610,2,13,0,1,0,0,Yes,No,25.5,6.4,3.6,Medium
CUST00611,23,137,9,17,8,3,Yes,Yes,29.8,41.9,3.8,Low
CUST00612,4,19,0,2,0,0,No,No,25.8,31.4,4.5,Medium
CUST00613,29,158,5,20,9,5,Yes,No,30.8,34.7,4.1,Low
CUST00614,20,131,7,12,5,3,Yes,Yes,52.1,17.2,4.0,Low
CUST00615,7,46,4,7,4,1,Yes,No,18.5,16.3,4.0,Medium
CUST00616,43,283,21,38,17,6,Yes,Yes,9.9,10.1,4.2,Low
CUST00617,10,52,2,4,1,1,No,No,18.4,26.9,3.5,Low
CUST00618,29,139,4,16,7,5,Yes,Yes,53.1,9.4,3.9,Low
CUST00619,12,75,6,6,3,0,Yes,No,7.3,36.6,4.1,Low
CUST00620,18,98,6,16,8,1,Yes,Yes,31.7,36.7,4.1,Medium
CUST00621,16,67,3,11,4,1,No,Yes,50.7,42.3,3.5,Low
CUST00622,18,120,4,10,5,0,No,No,24.6,12.7,4.4,Low
CUST00623,16,78,2,10,4,1,Yes,No,29.4,8.4,3.6,Low
CUST00624,50,192,8,25,11,4,Yes,Yes,14.5,18.9,4.9,Low
CUST00625,6,18,1,2,0,0,Yes,Yes,38.7,14.5,3.9,Medium
CUST00626,3,16,1,1,0,0,Yes,No,8.1,16.1,3.7,Medium
CUST00627,4,27,1,2,1,0,Yes,Yes,27.3,44.7,3.7,Medium
CUST00628,1,4,0,0,0,0,Yes,No,24.3,12.7,3.2,Medium
CUST00629,2,9,0,1,0,0,No,No,5.4,15.6,3.7,High
CUST00630,18,117,5,9,4,1,No,Yes,54.2,32.8,4.2,Medium
CUST00631,8,27,2,4,1,0,No,No,42.0,9.0,3.6,Medium
CUST00632,2,10,0,1,0,0,Yes,Yes,18.9,34.0,3.1,Medium
CUST00633,4,24,1,4,2,0,No,Yes,49.3,18.5,3.4,Medium
CUST00634,2,7,0,0,0,0,Yes,No,31.2,20.5,4.4,Medium
CUST00635,43,293,16,35,24,7,No,No,46.3,44.4,4.9,Low
CUST00636,14,45,1,7,3,2,Yes,No,45.5,31.9,3.4,Low
CUST00637,13,45,1,7,3,1,Yes,Yes,11.6,24.8,3.8,Low
CUST00638,7,48,1,7,3,0,No,Yes,22.8,6.4,4.0,Low
CUST00639,1,4,0,0,0,0,Yes,No,46.4,7.1,4.0,Medium
CUST00640,14,44,3,4,2,0,Yes,Yes,50.4,11.4,3.8,Low
CUST00641,5,30,0,2,1,0,No,No,41.3,18.8,4.1,Medium
CUST00642,17,94,5,9,4,2,No,No,53.3,35.7,4.2,Medium
CUST00643,0,0,0,0,0,0,Yes,No,5.7,16.4,3.8,Medium
CUST00644,2,10,0,1,0,0,Yes,No,43.1,20.6,4.3,Medium
CUST00645,19,122,6,18,12,2,Yes,Yes,20.7,19.6,3.7,Medium
CUST00646,57,332,22,32,15,5,Yes,No,24.3,36.7,4.3,Low
CUST00647,1,3,0,0,0,0,Yes,No,30.7,39.8,4.4,Medium
CUST00648,12,52,2,5,2,1,Yes,Yes,29.2,20.1,4.0,Low
CUST00649,27,163,14,25,11,3,No,Yes,13.3,16.9,4.1,Low
CUST00650,6,18,1,2,0,0,No,No,52.7,24.5,3.8,Medium
CUST00651,22,95,6,16,7,3,Yes,No,38.7,23.1,4.6,Low
CUST00652,45,142,4,23,14,4,No,Yes,44.7,6.4,4.9,Low
CUST00653,3,16,0,2,1,0,No,Yes,25.4,28.7,3.6,High
CUST00654,19,123,9,18,11,1,Yes,Yes,28.8,12.7,3.5,Low
CUST00655,4,14,0,2,0,0,Yes,No,5.9,15.6,3.8,Medium
CUST00656,4,12,0,1,0,0,Yes,No,19.1,6.8,4.0,Medium
CUST00657,38,188,8,16,8,2,Yes,Yes,51.6,31.6,4.6,Low
CUST00658,7,39,1,6,3,0,Yes,Yes,15.2,5.1,4.4,Medium
CUST00659,20,99,3,16,7,2,Yes,Yes,40.5,11.3,4.3,Low
CUST00660,13,84,4,7,3,2,Yes,No,7.6,40.4,4.3,Low
CUST00661,6,33,2,3,1,0,Yes,No,34.2,22.7,4.1,Low
CUST00662,18,63,4,10,6,5,No,Yes,44.3,7.2,3.8,Low
CUST00663,20,139,10,21,12,2,Yes,Yes,16.6,25.3,3.0,Low
CUST00664,29,102,3,18,8,3,Yes,Yes,50.6,21.3,2.9,Medium
CUST00665,3,20,1,3,2,0,No,No,31.0,38.2,3.9,Medium
CUST00666,28,192,6,27,15,3,No,No,6.8,6.7,4.3,Low
CUST00667,2,9,0,0,0,0,Yes,Yes,30.8,11.6,3.7,Medium
CUST00668,25,93,6,12,7,1,Yes,Yes,44.5,38.7,3.4,Medium
CUST00669,2,7,0,0,0,0,No,Yes,34.6,27.2,3.7,High
CUST00670,3,20,1,2,1,0,No,No,52.7,19.0,4.4,High
CUST00671,16,73,3,8,4,1,Yes,Yes,34.8,37.4,3.3,Low
CUST00672,18,106,5,13,7,2,Yes,No,39.3,33.5,3.1,Low
CUST00673,26,161,5,18,10,4,Yes,No,47.8,27.0,4.5,Low
CUST00674,17,81,3,11,5,0,Yes,No,25.8,40.5,3.6,Medium
CUST00675,21,94,7,8,4,1,No,Yes,17.8,43.6,2.4,Low
CUST00676,2,10,0,1,0,0,Yes,Yes,32.9,30.8,4.0,High
CUST00677,8,29,0,3,1,0,No,Yes,39.0,33.0,4.0,Low
CUST00678,2,10,0,1,0,0,No,Yes,34.8,31.2,3.9,High
CUST00679,1,4,0,0,0,0,Yes,No,21.2,26.8,4.2,Medium
CUST00680,7,44,1,5,2,0,Yes,No,28.3,28.9,4.2,Medium
CUST00681,18,66,5,8,3,2,No,No,6.8,42.6,4.0,Low
CUST00682,7,35,2,3,1,0,Yes,No,16.2,44.4,3.1,Medium
CUST00683,7,48,3,4,2,0,No,No,17.1,34.0,3.8,Medium
CUST00684,4,13,1,2,1,0,Yes,Yes,15.5,33.3,3.5,Medium
CUST00685,25,148,8,23,11,2,Yes,Yes,40.1,11.6,4.3,Low
CUST00686,12,63,3,8,3,0,Yes,Yes,27.8,40.1,3.8,Low
CUST00687,1,3,0,0,0,0,Yes,Yes,24.3,26.0,3.7,Medium
CUST00688,1,5,0,0,0,0,No,Yes,27.1,17.4,4.5,High
CUST00689,5,17,1,2,1,0,No,Yes,22.2,16.6,4.2,Medium
CUST00690,15,90,6,16,6,2,No,Yes,52.7,18.3,4.3,Medium
CUST00691,29,186,6,17,10,1,No,Yes,40.7,16.9,3.1,Low
CUST00692,0,0,0,0,0,0,Yes,Yes,54.3,13.7,3.7,High
CUST00693,3,10,0,1,0,0,Yes,No,54.2,8.7,3.8,Low
CUST00694,14,70,3,9,3,0,No,No,27.3,14.5,3.4,Low
CUST00695,1,4,0,0,0,0,Yes,Yes,30.6,19.3,4.3,Medium
CUST00696,5,25,1,2,1,2,No,No,7.2,39.6,3.7,Low
CUST00697,1,6,0,0,0,0,Yes,No,10.6,6.9,4.2,Medium
CUST00698,18,60,3,6,2,2,Yes,No,38.6,15.2,3.5,Low
CUST00699,5,30,1,3,2,1,No,Yes,37.2,12.6,3.6,Medium
CUST00700,10,61,4,7,3,0,Yes,No,11.9,30.3,4.3,Low
CUST00701,12,50,2,4,2,0,Yes,No,11.8,9.3,3.5,Low
CUST00702,1,5,0,0,0,0,Yes,Yes,14.1,33.4,3.8,Medium
CUST00703,5,33,2,5,2,1,No,Yes,50.9,43.5,3.5,Medium
CUST00704,52,261,14,33,14,7,No,No,39.3,34.9,4.6,Low
CUST00705,28,141,4,21,12,3,No,No,36.1,25.8,2.7,Medium
CUST00706,26,114,3,19,8,3,No,Yes,6.6,32.1,3.3,Medium
CUST00707,4,19,1,1,0,0,No,Yes,9.0,5.9,4.4,High
CUST00708,4,22,1,3,1,0,Yes,No,45.9,25.5,3.7,Medium
CUST00709,56,264,20,35,24,3,No,Yes,31.2,11.7,4.3,Low
CUST00710,3,13,0,2,0,0,Yes,No,41.6,41.7,3.9,Medium
CUST00711,35,238,18,27,11,5,No,No,23.9,39.4,3.8,Low
CUST00712,5,28,1,3,2,0,No,No,10.3,33.7,3.9,Medium
CUST00713,3,10,0,1,0,0,No,Yes,15.7,19.7,3.6,Low
CUST00714,47,207,6,25,10,7,No,No,44.7,20.0,4.6,Low
CUST00715,5,30,1,4,2,0,Yes,No,51.0,32.2,3.5,Medium
CUST00716,36,231,19,30,18,4,No,No,24.1,7.9,4.3,Low
CUST00717,18,67,6,10,4,1,Yes,Yes,54.7,29.2,4.4,Medium
CUST00718,3,10,0,0,0,0,Yes,No,44.9,33.8,4.4,High
CUST00719,23,155,6,26,11,7,Yes,No,20.3,34.2,4.9,Low
CUST00720,24,128,6,11,6,3,Yes,Yes,18.9,16.3,4.5,Low
CUST00721,5,26,1,3,1,0,No,Yes,33.5,19.2,4.3,Low
CUST00722,3,11,0,0,0,0,Yes,No,53.7,21.2,3.6,Medium
CUST00723,22,128,7,10,5,3,Yes,Yes,16.9,17.5,2.6,Medium
CUST00724,17,57,3,8,4,1,Yes,No,27.0,21.8,2.3,Low
CUST00725,16,61,4,6,4,5,Yes,Yes,21.9,38.7,4.0,Low
CUST00726,2,7,0,0,0,0,Yes,Yes,45.0,25.4,4.5,Medium
CUST00727,19,94,5,13,8,2,Yes,Yes,22.5,19.4,4.3,Low
CUST00728,1,3,0,0,0,0,Yes,Yes,42.2,30.1,3.9,High
CUST00729,3,19,1,2,0,0,No,Yes,40.8,44.3,3.7,Medium
CUST00730,7,27,2,3,1,0,No,Yes,42.9,36.5,3.4,Medium
CUST00731,3,9,0,0,0,0,Yes,No,8.6,27.2,3.9,Medium
CUST00732,1,3,0,0,0,0,Yes,Yes,5.0,5.7,3.8,Medium
CUST00733,11,68,3,6,3,1,No,No,11.8,29.0,4.1,Medium
CUST00734,19,127,6,17,7,2,Yes,Yes,22.6,34.5,4.4,Medium
CUST00735,8,24,1,3,1,1,Yes,Yes,53.0,6.4,4.1,Low
CUST00736,10,34,1,3,1,1,Yes,Yes,22.3,9.9,4.4,Medium
CUST00737,21,143,6,20,13,2,No,Yes,38.4,24.9,3.1,Medium
CUST00738,10,38,1,5,3,2,Yes,Yes,36.8,23.2,4.2,Low
CUST00739,4,26,1,3,1,0,Yes,Yes,51.1,23.3,4.2,Medium
CUST00740,5,28,2,2,0,0,No,No,15.6,32.3,3.3,Medium
CUST00741,24,163,14,16,6,5,Yes,Yes,10.6,21.4,3.8,Low
CUST00742,4,13,0,1,0,0,No,Yes,35.0,41.3,3.9,Medium
CUST00743,16,83,6,13,7,2,No,No,18.6,5.2,3.3,Medium
CUST00744,16,88,4,12,6,3,Yes,Yes,53.5,10.8,4.0,Low
CUST00745,6,41,3,6,3,0,No,Yes,20.7,37.9,3.6,Low
CUST00746,5,30,1,5,2,0,No,No,46.6,19.0,3.1,Medium
CUST00747,14,62,5,10,5,0,Yes,No,36.1,39.5,4.0,Medium
CUST00748,10,58,3,10,5,2,No,No,17.2,39.0,4.1,Low
CUST00749,16,87,6,8,4,2,Yes,Yes,25.1,39.0,4.3,Medium
CUST00750,1,6,0,0,0,0,No,Yes,14.6,29.5,3.2,Medium
CUST00751,26,92,6,10,4,1,Yes,Yes,8.5,17.2,2.7,Low
CUST00752,13,48,2,5,2,0,Yes,Yes,26.6,31.7,4.0,Medium
CUST00753,4,24,2,2,1,0,Yes,No,33.5,9.5,4.0,Medium
CUST00754,28,195,6,34,15,2,Yes,Yes,16.4,15.1,4.0,Low
CUST00755,6,26,2,4,1,2,Yes,Yes,29.2,44.7,4.4,Medium
CUST00756,6,41,1,4,2,0,Yes,Yes,22.9,34.8,4.3,Medium
CUST00757,36,116,5,13,7,5,Yes,Yes,46.3,29.0,3.9,Low
CUST00758,50,318,17,47,30,6,Yes,No,38.5,43.1,4.4,Low
CUST00759,38,258,19,22,14,3,Yes,Yes,22.0,18.3,4.8,Low
CUST00760,12,42,1,3,1,3,No,Yes,29.0,23.9,3.4,Medium
CUST00761,34,138,8,19,12,5,Yes,No,5.3,29.0,3.9,Low
CUST00762,12,54,2,4,1,2,No,Yes,40.7,12.1,3.7,Low
CUST00763,13,60,3,5,2,0,Yes,No,30.1,44.0,3.6,Medium
CUST00764,18,91,5,14,6,0,No,No,33.9,11.9,3.8,Low
CUST00765,7,48,1,7,3,0,No,No,14.6,13.7,4.2,Low
CUST00766,4,19,0,3,2,0,Yes,No,41.7,7.6,4.0,Medium
CUST00767,33,115,3,19,12,2,Yes,No,47.8,29.0,4.1,Low
CUST00768,30,190,11,21,9,3,No,Yes,10.2,40.7,3.9,Low
CUST00769,19,106,9,18,11,2,Yes,Yes,29.9,40.1,3.9,Low
CUST00770,29,190,10,21,10,2,Yes,No,42.7,24.2,3.1,Medium
CUST00771,15,90,3,14,9,1,No,Yes,41.1,43.9,3.7,Low
CUST00772,11,59,3,6,3,0,No,Yes,51.7,33.8,3.7,Medium
CUST00773,57,182,9,29,13,4,Yes,Yes,48.0,10.6,4.7,Low
CUST00774,41,150,5,24,11,4,No,Yes,22.0,30.6,4.3,Low
CUST00775,6,39,2,4,2,0,No,No,49.5,38.1,4.2,Medium
CUST00776,11,46,3,7,2,1,Yes,No,13.8,17.9,3.0,Medium
CUST00777,6,27,0,2,0,0,No,Yes,49.8,17.5,3.6,Medium
CUST00778,5,24,2,2,1,1,Yes,No,11.4,40.0,4.2,Low
CUST00779,18,78,4,10,6,3,Yes,No,8.9,20.3,4.5,Low
CUST00780,5,20,1,1,0,0,Yes,Yes,13.2,43.0,3.8,Low
CUST00781,6,31,2,5,2,0,No,No,25.4,22.0,3.8,Medium
CUST00782,7,32,2,2,1,0,Yes,Yes,17.4,43.6,3.5,Medium
CUST00783,1,5,0,0,0,0,Yes,Yes,8.8,33.8,4.2,Medium
CUST00784,3,10,0,0,0,0,No,No,16.5,27.5,3.1,Medium
CUST00785,2,13,0,2,1,0,Yes,Yes,51.3,34.2,4.1,Medium
CUST00786,3,15,1,2,1,0,No,Yes,38.2,27.0,3.6,Medium
CUST00787,20,60,4,10,6,5,No,No,16.0,29.2,4.6,Low
CUST00788,3,13,0,1,0,0,No,Yes,10.9,11.9,3.5,Medium
CUST00789,6,35,1,5,2,0,No,No,20.4,16.7,3.5,Low
CUST00790,22,142,9,15,8,4,No,Yes,54.8,6.2,3.9,Low
CUST00791,29,112,9,16,7,3,No,Yes,50.0,20.1,2.5,Low
CUST00792,17,57,4,8,3,2,No,No,48.4,23.1,4.1,Low
CUST00793,38,207,16,19,12,5,No,No,15.2,36.6,4.7,Low
CUST00794,0,0,0,0,0,0,Yes,No,20.4,22.5,3.8,Medium
CUST00795,4,14,0,1,0,0,No,No,5.5,17.1,4.4,Medium
CUST00796,8,40,2,6,3,1,Yes,No,25.9,22.7,3.6,Medium
CUST00797,18,91,7,10,4,1,No,Yes,39.8,21.7,4.4,Low
CUST00798,7,31,1,2,0,0,Yes,Yes,26.7,39.1,4.0,Medium
CUST00799,10,69,5,7,3,2,Yes,Yes,12.2,6.7,4.1,Medium
CUST00800,21,64,3,7,2,3,Yes,No,6.5,38.4,2.4,Low
CUST00801,55,288,19,38,15,7,No,Yes,38.6,26.8,4.3,Low
CUST00802,24,148,9,15,10,3,Yes,No,31.6,28.3,4.3,Low
CUST00803,14,46,3,5,2,2,Yes,No,14.3,10.1,2.2,Medium
CUST00804,15,58,2,10,5,3,Yes,No,9.9,20.7,4.2,Low
CUST00805,43,256,19,33,19,5,Yes,Yes,15.4,9.7,4.4,Low
CUST00806,28,109,3,17,7,4,Yes,No,51.6,6.1,4.2,Low
CUST00807,23,145,8,21,11,3,No,No,19.6,9.4,2.4,Low
CUST00808,14,43,1,4,2,1,Yes,No,47.2,29.6,2.5,Low
CUST00809,29,120,5,19,10,3,Yes,No,14.2,44.2,3.0,Low
CUST00810,4,17,0,1,0,0,Yes,No,17.0,34.1,3.9,Medium
CUST00811,6,29,1,2,0,0,Yes,No,27.0,6.4,3.3,Medium
CUST00812,13,60,1,6,2,1,No,Yes,42.0,17.7,4.2,Low
CUST00813,2,9,0,0,0,0,No,No,16.2,14.0,3.4,Medium
CUST00814,4,22,1,3,1,0,Yes,No,38.6,35.8,3.6,Medium
CUST00815,11,65,5,9,6,0,No,Yes,8.8,18.0,4.2,Low
CUST00816,18,125,7,16,10,1,No,Yes,5.8,20.5,3.5,Low
CUST00817,37,167,8,23,11,3,Yes,No,42.5,45.0,4.9,Low
CUST00818,1,3,0,0,0,0,Yes,Yes,19.2,43.5,3.2,Medium
CUST00819,19,102,5,9,4,2,Yes,Yes,19.3,26.5,4.3,Low
CUST00820,3,13,0,1,0,0,Yes,No,37.9,17.0,4.2,High
CUST00821,16,49,1,7,3,2,No,Yes,53.0,33.0,3.5,Medium
CUST00822,32,130,4,15,10,3,No,No,25.6,28.2,4.4,Low
CUST00823,2,12,0,2,1,0,Yes,No,46.0,22.7,3.7,Medium
CUST00824,34,132,10,21,13,4,Yes,No,35.6,5.4,4.1,Low
CUST00825,6,29,2,2,1,0,Yes,Yes,13.7,23.9,3.7,Medium
CUST00826,5,31,1,4,2,0,Yes,No,54.2,31.1,3.9,Medium
CUST00827,13,63,4,9,4,0,Yes,No,51.4,16.4,3.6,Low
CUST00828,2,9,0,0,0,0,Yes,No,43.6,40.9,3.6,Medium
CUST00829,23,129,4,14,8,2,Yes,No,27.7,43.1,4.0,Low
CUST00830,1,5,0,0,0,0,No,Yes,29.6,9.4,3.5,High
CUST00831,1,4,0,0,0,0,Yes,Yes,47.9,25.3,3.4,Low
CUST00832,16,70,3,11,5,2,Yes,No,23.2,8.6,3.5,Low
CUST00833,20,113,5,11,4,5,Yes,No,37.3,8.1,3.9,Low
CUST00834,11,42,3,6,2,2,No,Yes,44.2,12.8,4.3,Low
CUST00835,33,140,5,11,7,4,Yes,Yes,9.2,30.7,4.4,Low
CUST00836,1,4,0,0,0,0,No,No,54.7,24.3,3.8,Medium
CUST00837,23,79,5,6,4,3,Yes,No,6.2,5.9,4.4,Low
CUST00838,3,11,0,1,0,0,Yes,No,19.9,5.3,4.1,Medium
CUST00839,12,47,4,7,4,0,Yes,Yes,24.6,16.4,4.0,Low
CUST00840,6,23,1,3,1,1,Yes,No,49.0,30.4,4.2,Low
CUST00841,4,17,1,2,0,0,Yes,Yes,53.3,34.2,4.1,Medium
CUST00842,21,113,8,10,5,2,Yes,No,19.5,33.6,2.6,Low
CUST00843,7,35,1,5,2,0,Yes,Yes,42.6,9.0,3.9,Medium
CUST00844,12,67,2,8,5,3,Yes,Yes,42.7,30.8,3.2,Low
CUST00845,12,45,3,5,2,1,Yes,No,6.3,38.0,4.0,Low
CUST00846,7,26,1,3,1,1,No,Yes,26.3,39.2,3.9,Medium
CUST00847,34,169,6,13,5,2,Yes,Yes,33.2,33.0,4.1,Low
CUST00848,1,3,0,0,0,0,Yes,Yes,10.6,6.8,3.7,Medium
CUST00849,3,15,1,1,0,0,No,No,39.7,9.5,3.1,Medium
CUST00850,4,27,1,4,2,0,Yes,No,34.8,15.3,4.5,Medium
CUST00851,19,100,7,17,10,0,No,Yes,20.4,15.8,4.1,Medium
CUST00852,14,47,3,4,1,2,No,Yes,31.3,10.3,4.1,Low
CUST00853,6,39,2,4,2,2,Yes,Yes,35.8,31.6,3.5,Low
CUST00854,22,89,3,7,3,5,Yes,No,26.8,6.7,4.1,Low
CUST00855,6,18,1,2,1,0,No,Yes,19.9,24.1,4.1,Medium
CUST00856,19,107,6,16,8,0,No,Yes,53.0,43.4,4.2,Low
CUST00857,16,101,6,17,8,1,No,No,27.7,14.1,3.9,Low
CUST00858,8,51,3,7,4,2,Yes,No,16.5,19.8,4.0,Medium
CUST00859,6,38,1,6,3,2,No,No,12.4,25.4,3.4,Low
CUST00860,8,36,1,5,2,0,No,No,36.6,7.8,3.5,Medium
CUST00861,10,67,3,7,3,0,Yes,No,10.7,6.8,3.7,Medium
CUST00862,39,182,15,23,15,4,Yes,Yes,8.0,29.3,3.9,Low
CUST00863,26,86,4,13,6,5,Yes,No,31.5,37.8,4.6,Low
CUST00864,3,9,0,1,0,0,Yes,Yes,15.3,41.1,3.6,Medium
CUST00865,19,69,2,7,3,1,No,Yes,8.6,16.5,3.3,Low
CUST00866,15,70,5,10,4,1,Yes,Yes,24.5,30.6,4.4,Low
CUST00867,3,20,1,1,0,0,Yes,No,11.7,22.1,4.4,Medium
CUST00868,9,55,4,9,5,0,No,Yes,12.2,10.4,4.3,Medium
CUST00869,53,208,10,29,11,7,No,No,42.3,23.9,4.5,Low
CUST00870,17,89,5,11,7,2,No,Yes,28.6,43.7,3.5,Medium
CUST00871,18,74,6,6,2,1,Yes,No,35.0,18.2,3.6,Medium
CUST00872,18,81,5,6,3,2,Yes,No,28.7,14.8,3.9,Low
CUST00873,11,61,3,10,5,3,Yes,No,15.4,7.4,2.3,Medium
CUST00874,13,85,3,9,5,2,No,Yes,51.4,24.7,3.9,Low
CUST00875,8,50,3,6,3,1,Yes,No,23.9,21.2,3.6,Low
CUST00876,31,110,6,11,5,2,Yes,Yes,37.8,38.9,4.4,Low
CUST00877,2,9,0,1,0,0,No,Yes,43.1,12.7,3.3,Low
CUST00878,6,29,0,3,1,2,Yes,No,5.8,27.6,3.8,Low
CUST00879,1,3,0,0,0,0,Yes,No,35.3,16.8,3.6,Medium
CUST00880,1,5,0,0,0,0,No,No,53.0,19.3,3.4,Medium
CUST00881,26,154,8,16,11,2,Yes,Yes,19.4,32.9,4.3,Low
CUST00882,38,116,9,13,6,7,No,Yes,21.9,13.0,4.9,Low
CUST00883,6,23,1,2,0,0,Yes,No,8.5,37.5,3.9,Medium
CUST00884,12,47,3,7,3,2,Yes,Yes,52.5,32.4,3.8,Low
CUST00885,10,33,2,3,1,0,Yes,No,27.8,23.9,4.4,Medium
CUST00886,59,246,19,39,22,3,Yes,No,41.5,19.9,4.4,Low
CUST00887,25,106,8,15,6,2,Yes,No,13.2,10.9,4.2,Low
CUST00888,17,75,2,10,6,1,No,Yes,52.4,15.6,3.5,Medium
CUST00889,26,139,12,20,8,5,No,Yes,38.9,37.7,4.3,Low
CUST00890,3,14,0,2,0,0,No,No,21.9,43.9,3.7,High
CUST00891,21,144,8,16,8,4,Yes,No,10.1,17.7,4.7,Low
CUST00892,13,68,4,9,6,2,No,No,53.4,37.0,3.6,Medium
CUST00893,5,31,2,4,2,1,No,No,23.8,30.6,4.0,Medium
CUST00894,38,127,7,15,9,5,Yes,No,10.4,21.9,4.1,Low
CUST00895,1,6,0,0,0,0,Yes,Yes,26.4,12.1,4.0,Medium
CUST00896,5,21,1,2,1,2,Yes,Yes,48.4,42.1,3.4,Medium
CUST00897,28,188,11,22,13,1,Yes,Yes,21.3,15.7,2.8,Low
CUST00898,3,18,1,2,1,0,Yes,No,23.1,33.3,3.6,Medium
CUST00899,18,122,6,17,9,1,No,Yes,20.0,21.4,4.3,Medium
CUST00900,19,107,3,14,8,1,Yes,Yes,34.3,23.9,3.2,Low
CUST00901,23,135,9,16,10,2,No,Yes,49.4,31.2,3.4,Low
CUST00902,25,148,5,25,10,1,Yes,No,20.7,40.0,2.3,Low
CUST00903,7,45,3,7,3,0,Yes,No,25.7,8.1,3.5,Medium
CUST00904,16,61,3,8,4,0,Yes,No,6.1,18.4,4.1,Low
CUST00905,5,26,1,3,1,1,No,Yes,29.6,9.1,4.3,Medium
CUST00906,4,26,1,2,0,0,No,Yes,34.7,38.7,4.1,High
CUST00907,18,73,4,12,7,3,Yes,No,16.3,5.3,2.9,Medium
CUST00908,9,52,1,7,3,2,Yes,Yes,30.0,35.4,4.3,Low
CUST00909,11,33,2,3,2,2,No,No,21.5,19.4,3.4,Low
CUST00910,5,29,1,5,2,0,Yes,Yes,33.7,41.3,4.3,Medium
CUST00911,29,147,8,24,13,4,No,No,19.5,10.9,4.5,Low
CUST00912,19,71,6,5,2,1,No,Yes,12.8,33.9,4.2,Low
CUST00913,18,94,4,9,5,1,Yes,Yes,35.2,38.2,3.6,Low
CUST00914,3,16,1,1,0,0,Yes,Yes,51.0,20.5,3.9,Medium
CUST00915,1,6,0,0,0,0,Yes,No,17.6,8.7,3.4,Medium
CUST00916,5,20,1,2,1,0,No,No,17.9,21.0,3.4,Low
CUST00917,30,184,8,31,13,4,No,No,18.9,38.1,4.3,Low
CUST00918,8,54,2,4,2,0,Yes,Yes,48.7,12.6,4.1,Low
CUST00919,15,94,6,10,5,1,No,Yes,52.3,43.7,3.7,Medium
CUST00920,29,152,12,21,11,4,No,No,10.5,21.0,4.3,Low
CUST00921,12,40,1,4,1,1,Yes,Yes,40.8,5.1,3.6,Medium
CUST00922,4,12,0,2,1,0,No,Yes,51.4,26.5,4.4,Low
CUST00923,10,69,4,5,2,2,Yes,No,52.4,35.2,3.9,Medium
CUST00924,2,12,0,1,0,0,No,No,40.7,21.2,3.1,Low
CUST00925,5,25,1,3,1,0,Yes,Yes,37.0,25.8,3.6,Medium
CUST00926,13,70,3,10,5,0,No,Yes,53.2,14.5,4.2,Medium
CUST00927,4,15,1,1,0,0,Yes,No,36.7,28.8,4.2,Medium
CUST00928,20,123,4,12,5,4,Yes,Yes,23.2,18.9,4.2,Low
CUST00929,2,6,0,0,0,0,Yes,Yes,12.9,20.2,3.6,Medium
CUST00930,6,31,1,4,2,0,Yes,Yes,52.2,5.2,3.3,Medium
CUST00931,23,118,8,19,12,4,Yes,No,11.1,30.8,4.3,Low
CUST00932,2,12,0,2,0,0,Yes,No,49.0,31.8,4.3,Medium
CUST00933,38,260,21,39,27,5,No,No,29.2,43.0,4.8,Low
CUST00934,15,79,4,10,6,5,No,No,10.8,37.6,4.6,Low
CUST00935,10,40,2,5,3,1,Yes,No,33.5,25.6,3.4,Low
CUST00936,4,15,1,2,0,0,No,Yes,31.3,36.3,4.2,Medium
CUST00937,15,98,6,13,6,0,Yes,Yes,8.7,32.4,3.8,Medium
CUST00938,15,46,2,6,3,1,Yes,Yes,5.7,7.1,4.3,Low
CUST00939,5,28,2,3,1,0,Yes,No,41.4,37.5,3.7,Medium
CUST00940,23,77,6,7,4,2,No,Yes,50.0,15.1,4.2,Low
CUST00941,38,117,5,20,11,3,Yes,Yes,27.9,5.2,4.6,Low
CUST00942,3,11,0,1,0,0,Yes,Yes,23.1,17.4,3.5,Medium
CUST00943,8,39,1,4,1,1,Yes,Yes,13.7,19.1,3.8,Low
CUST00944,5,15,1,1,0,1,Yes,No,7.5,38.2,3.6,Low
CUST00945,2,11,0,1,0,0,Yes,No,31.8,19.0,3.2,Medium
CUST00946,3,15,0,2,1,0,No,Yes,27.4,11.8,3.8,High
CUST00947,37,255,16,44,26,2,Yes,Yes,26.1,37.6,4.1,Low
CUST00948,21,109,9,16,7,3,Yes,No,17.1,17.4,4.1,Low
CUST00949,26,112,3,14,8,3,No,Yes,42.2,38.1,2.3,Low
CUST00950,3,14,1,1,0,0,Yes,No,8.4,9.0,3.5,Low
CUST00951,2,7,0,0,0,0,Yes,Yes,8.5,27.3,3.9,Medium
CUST00952,15,96,7,9,6,2,Yes,Yes,31.9,5.3,4.1,Medium
CUST00953,3,18,1,2,1,0,No,No,27.6,11.7,4.2,Medium
CUST00954,13,46,2,3,1,1,No,No,31.5,25.9,2.4,Medium
CUST00955,14,67,2,7,3,1,Yes,Yes,54.1,36.0,4.3,Low
CUST00956,30,164,8,15,6,2,Yes,No,32.1,29.8,4.7,Low
CUST00957,7,34,1,5,3,0,No,Yes,7.1,34.4,4.3,Medium
CUST00958,40,211,15,22,11,5,No,Yes,28.8,22.3,4.5,Low
CUST00959,7,32,1,2,1,0,No,No,47.3,30.5,4.3,Medium
CUST00960,4,24,1,2,0,0,Yes,Yes,7.9,5.8,3.8,Medium
CUST00961,9,54,2,5,2,1,Yes,No,50.2,27.8,3.9,Low
CUST00962,0,0,0,0,0,0,Yes,No,53.7,18.0,3.7,Medium
CUST00963,2,8,0,1,0,0,Yes,No,45.9,40.9,3.7,Medium
CUST00964,28,186,9,31,17,1,Yes,Yes,23.3,18.0,2.2,Medium
CUST00965,5,24,1,2,1,1,No,No,37.1,17.6,3.6,Low
CUST00966,5,18,1,2,1,0,Yes,No,42.4,10.1,3.1,Medium
CUST00967,24,76,3,7,3,5,Yes,Yes,10.6,17.8,4.5,Low
CUST00968,8,37,2,3,1,2,Yes,Yes,10.5,16.9,3.9,Low
CUST00969,22,122,4,15,7,6,No,Yes,20.2,9.4,4.3,Low
CUST00970,16,74,4,9,4,1,Yes,No,17.4,43.2,3.9,Low
CUST00971,11,42,1,4,1,0,No,No,39.5,8.5,4.1,Medium
CUST00972,3,13,0,1,0,0,No,No,40.9,37.5,3.0,Medium
CUST00973,14,91,3,15,6,0,Yes,Yes,50.1,27.8,4.4,Low
CUST00974,17,107,6,17,11,3,Yes,Yes,5.1,26.0,4.2,Low
CUST00975,49,327,15,50,32,4,Yes,No,6.2,19.7,4.5,Low
CUST00976,3,12,0,1,0,0,No,Yes,16.6,34.0,4.4,Low
CUST00977,10,32,1,5,2,1,Yes,No,30.9,16.2,3.6,Low
CUST00978,19,96,4,9,3,1,No,Yes,25.5,27.5,3.3,Low
CUST00979,5,31,2,2,0,1,No,Yes,49.7,21.5,3.4,Medium
CUST00980,19,94,4,7,4,5,No,No,45.3,41.2,4.3,Low
CUST00981,13,75,4,10,5,1,Yes,No,31.5,24.1,4.0,Medium
CUST00982,6,23,1,2,1,1,No,No,15.9,28.6,3.4,Medium
CUST00983,8,34,1,5,2,0,No,No,27.4,5.8,3.8,Medium
CUST00984,13,84,5,13,7,2,No,No,52.6,43.2,2.2,Low
CUST00985,11,43,3,4,2,3,No,No,41.3,22.4,3.3,Low
CUST00986,45,221,9,27,16,6,Yes,No,34.8,32.9,4.6,Low
CUST00987,3,9,0,0,0,0,No,Yes,6.4,9.8,3.7,Medium
CUST00988,6,35,1,3,1,0,Yes,Yes,45.1,22.4,3.9,Medium
CUST00989,1,5,0,0,0,0,Yes,Yes,42.1,23.5,3.4,Medium
CUST00990,1,3,0,0,0,0,Yes,Yes,44.6,38.0,4.0,High
CUST00991,28,182,6,28,17,3,Yes,Yes,51.7,44.3,2.6,Medium
CUST00992,19,96,7,8,5,2,Yes,Yes,49.0,19.8,3.4,Low
CUST00993,1,6,0,0,0,0,Yes,No,45.8,15.1,4.2,Medium
CUST00994,26,138,10,12,6,2,No,Yes,19.0,35.7,3.3,Medium
CUST00995,1,4,0,0,0,0,No,Yes,12.3,5.6,3.7,Medium
CUST00996,6,21,0,2,0,1,Yes,Yes,23.4,30.1,3.7,Low
CUST00997,38,225,7,31,19,3,No,Yes,28.6,32.3,4.9,Low
CUST00998,1,5,0,0,0,0,Yes,No,5.4,14.3,3.2,Medium
CUST00999,16,52,3,8,4,4,Yes,No,47.0,11.4,4.4,Low
CUST01000,13,65,2,6,4,1,Yes,No,31.1,17.3,4.2,Low
CUST01001,4,12,0,1,0,0,Yes,No,7.0,8.8,4.3,Low
CUST01002,13,84,7,12,7,2,No,Yes,14.7,18.7,3.7,Low
CUST01003,36,189,8,30,14,5,Yes,Yes,26.9,15.1,4.4,Low
CUST01004,5,28,1,4,2,1,Yes,No,53.3,14.7,3.7,Low
CUST01005,19,126,10,19,11,0,Yes,Yes,28.2,11.3,3.5,Medium
CUST01006,25,111,3,15,7,3,No,No,17.0,29.3,4.5,Low
CUST01007,32,188,6,19,9,3,No,No,22.1,20.6,4.0,Low
CUST01008,16,61,3,6,2,2,Yes,Yes,6.5,22.4,3.7,Low
CUST01009,19,120,9,20,11,1,Yes,Yes,42.4,37.6,4.3,Low
CUST01010,2,6,0,0,0,0,Yes,Yes,10.1,8.4,4.0,High
CUST01011,13,62,2,10,4,2,Yes,No,40.2,12.1,2.6,Low
CUST01012,23,149,7,22,9,1,No,Yes,6.1,6.6,3.4,Low
CUST01013,20,94,4,16,8,3,Yes,Yes,15.3,19.1,3.2,Low
CUST01014,1,5,0,0,0,0,Yes,Yes,41.0,19.9,4.4,Medium
CUST01015,19,106,4,9,5,2,Yes,Yes,18.8,37.2,4.1,Low
CUST01016,30,163,13,19,12,3,Yes,Yes,51.3,38.5,4.5,Low
CUST01017,5,15,0,1,0,0,Yes,No,31.0,26.2,4.1,Low
CUST01018,41,227,19,24,15,5,Yes,Yes,20.7,44.5,4.4,Low
CUST01019,20,88,2,10,4,4,No,No,35.3,30.0,3.9,Low
CUST01020,58,380,15,43,25,4,No,No,32.4,13.0,4.5,Low
CUST01021,9,43,1,6,3,1,Yes,No,42.2,17.9,3.7,Medium
CUST01022,26,82,5,14,6,1,Yes,Yes,18.4,26.7,3.1,Low
CUST01023,9,47,2,4,2,0,No,Yes,13.1,19.8,3.9,Medium
CUST01024,1,6,0,0,0,0,Yes,No,33.6,11.1,4.0,Medium
CUST01025,8,42,3,3,1,0,Yes,Yes,48.3,24.9,3.8,Low
CUST01026,24,85,2,7,4,2,No,Yes,44.4,9.2,2.4,Low
CUST01027,18,105,7,13,8,4,No,Yes,15.5,42.8,4.5,Low
CUST01028,10,33,2,3,1,0,Yes,Yes,15.9,21.6,3.5,Medium
CUST01029,1,4,0,0,0,0,Yes,No,10.7,13.9,3.7,Medium
CUST01030,23,134,9,23,12,5,Yes,Yes,45.4,40.7,4.3,Low
CUST01031,2,11,0,1,0,0,No,No,29.7,23.2,3.2,Medium
CUST01032,20,109,9,13,6,3,Yes,Yes,54.0,38.3,4.4,Low
CUST01033,9,39,2,5,2,1,No,Yes,10.2,42.1,3.7,Medium
CUST01034,25,168,11,24,9,1,Yes,Yes,53.2,27.1,2.3,Low
CUST01035,4,19,1,2,1,0,Yes,No,52.8,34.8,4.2,Medium
CUST01036,30,175,14,30,15,3,No,Yes,6.0,6.0,4.3,Low
CUST01037,10,33,1,5,2,0,No,No,6.7,43.8,3.6,Low
CUST01038,10,46,4,4,2,0,Yes,Yes,36.6,13.9,3.9,Low
CUST01039,6,19,1,2,1,2,No,No,34.4,15.7,3.4,Low
CUST01040,4,25,1,4,1,0,No,Yes,26.6,31.5,4.3,Medium
CUST01041,4,12,0,1,0,0,Yes,Yes,16.5,23.8,3.7,High
CUST01042,8,45,2,6,3,1,Yes,Yes,44.1,32.5,4.4,Low
CUST01043,4,18,0,2,0,0,Yes,No,7.0,37.1,3.9,Medium
CUST01044,5,33,1,4,2,0,No,No,36.8,19.6,4.0,Low
CUST01045,0,0,0,0,0,0,Yes,Yes,7.2,18.9,4.0,Medium
CUST01046,4,26,1,4,2,0,Yes,Yes,13.2,37.0,4.2,Medium
CUST01047,30,170,11,26,17,4,No,Yes,11.3,9.8,4.6,Low
CUST01048,10,43,3,5,2,2,Yes,Yes,19.7,20.8,3.5,Medium
CUST01049,3,18,0,2,1,0,Yes,Yes,34.0,14.7,4.0,High
CUST01050,20,66,5,6,2,5,Yes,Yes,5.0,26.3,4.5,Low
CUST01051,15,79,4,6,3,0,Yes,No,8.1,29.8,4.2,Medium
CUST01052,8,38,1,3,1,0,Yes,Yes,9.8,23.2,3.9,Medium
CUST01053,10,50,4,7,4,2,No,No,34.5,7.2,4.2,Low
CUST01054,8,52,4,6,2,1,Yes,No,52.7,15.7,4.0,Medium
CUST01055,0,0,0,0,0,0,Yes,No,13.5,38.4,3.7,Medium
CUST01056,38,123,5,16,8,6,Yes,No,29.6,36.3,4.8,Low
CUST01057,21,118,4,21,11,5,Yes,No,32.3,14.2,4.3,Low
CUST01058,8,40,1,6,3,2,Yes,No,7.9,32.4,3.5,Low
CUST01059,5,31,0,4,2,0,No,Yes,52.8,5.1,3.7,Low
CUST01060,38,182,11,28,19,3,Yes,Yes,42.2,37.5,4.5,Low
CUST01061,6,24,1,3,1,0,Yes,Yes,25.0,34.9,3.9,Medium
CUST01062,4,26,0,2,1,0,No,Yes,28.2,29.5,4.4,High
CUST01063,1,3,0,0,0,0,No,No,42.6,43.9,4.1,High
CUST01064,1,5,0,0,0,0,Yes,Yes,25.9,25.8,3.2,Medium
CUST01065,3,10,0,1,0,0,No,Yes,42.6,13.9,4.1,Low
CUST01066,13,49,3,5,2,1,Yes,Yes,31.9,45.0,4.3,Medium
CUST01067,24,112,8,13,6,2,No,No,7.0,6.5,4.1,Low
CUST01068,25,156,11,26,16,5,No,Yes,50.6,28.5,4.5,Low
CUST01069,2,12,0,2,1,0,Yes,Yes,42.8,26.4,4.0,Medium
CUST01070,9,49,2,4,1,0,Yes,No,16.6,34.5,4.1,Low
CUST01071,7,39,1,3,1,0,No,No,46.4,28.6,3.8,Medium
CUST01072,10,38,1,4,1,0,Yes,No,39.5,23.9,4.4,Medium
CUST01073,3,13,0,1,0,0,Yes,No,41.2,41.5,4.0,Medium
CUST01074,11,53,2,5,2,0,Yes,No,27.3,27.8,3.5,Medium
CUST01075,50,210,14,37,15,6,Yes,No,19.8,23.0,4.9,Low
CUST01076,13,79,3,12,4,1,Yes,Yes,31.3,39.3,3.8,Low
CUST01077,6,35,1,3,1,0,Yes,No,36.0,14.3,3.7,Low
CUST01078,30,90,7,12,4,2,Yes,No,8.0,19.9,4.0,Low
CUST01079,10,53,3,6,3,1,No,No,50.1,14.3,2.4,Low
CUST01080,16,95,7,13,6,4,No,No,34.6,31.3,4.7,Low
CUST01081,16,98,4,11,4,1,Yes,No,32.4,16.1,3.5,Low
CUST01082,17,108,4,13,8,1,No,No,34.9,20.8,3.8,Low
CUST01083,18,70,6,10,6,2,Yes,Yes,9.0,28.9,2.5,Low
CUST01084,13,45,2,7,4,2,Yes,Yes,46.1,32.5,3.4,Medium
CUST01085,51,336,15,56,23,4,No,No,39.6,39.1,4.6,Low
CUST01086,5,30,1,4,2,2,Yes,No,29.0,42.2,4.2,Medium
CUST01087,12,72,5,7,4,1,No,Yes,34.4,12.1,3.7,Low
CUST01088,28,169,6,25,13,2,Yes,Yes,53.7,40.9,3.3,Low
CUST01089,29,169,13,22,13,3,Yes,No,40.2,42.7,4.4,Low
CUST01090,3,11,0,1,0,0,Yes,Yes,9.9,44.0,4.3,Medium
CUST01091,16,53,3,6,2,1,No,Yes,17.9,38.1,3.3,Low
CUST01092,15,86,7,11,5,1,No,No,37.8,14.9,4.1,Low
CUST01093,15,62,2,7,3,2,Yes,No,36.9,34.3,3.9,Medium
CUST01094,9,42,3,7,3,0,Yes,No,13.8,16.1,4.3,Medium
CUST01095,33,142,9,20,11,2,Yes,No,14.0,25.5,4.6,Low
CUST01096,5,34,2,5,2,0,No,No,37.7,36.8,3.8,Medium
CUST01097,7,43,2,4,1,0,Yes,No,45.5,27.1,3.0,Medium
CUST01098,4,12,0,1,0,0,Yes,Yes,46.8,9.3,3.3,Medium
CUST01099,7,42,2,6,3,0,Yes,Yes,38.6,7.9,3.7,Medium
CUST01100,4,13,1,1,0,0,No,No,21.4,18.5,4.0,Medium
CUST01101,11,42,1,4,2,0,Yes,No,26.8,33.6,3.6,Low
CUST01102,5,30,2,4,1,0,No,Yes,32.4,35.7,4.3,Medium
CUST01103,6,35,2,5,2,1,Yes,No,33.8,39.3,3.9,Low
CUST01104,25,110,8,17,8,4,No,No,7.4,43.3,4.6,Low
CUST01105,16,94,6,16,10,2,No,No,51.1,18.8,3.8,Medium
CUST01106,16,70,3,8,3,5,Yes,Yes,34.1,9.4,3.8,Low
CUST01107,15,55,3,6,2,1,Yes,Yes,21.4,26.8,4.1,Medium
CUST01108,4,15,0,2,1,0,No,No,14.3,37.1,3.8,Low
CUST01109,3,14,0,1,0,0,Yes,No,41.5,29.8,3.6,High
CUST01110,7,26,1,3,1,0,No,No,29.3,43.4,4.0,Medium
CUST01111,1,3,0,0,0,0,Yes,No,30.8,20.4,3.6,Medium
CUST01112,12,63,4,9,3,1,No,Yes,31.0,9.5,4.0,Medium
CUST01113,36,195,10,18,7,2,Yes,No,25.2,14.1,3.9,Low
CUST01114,23,152,10,18,10,1,No,Yes,15.1,5.8,3.1,Medium
CUST01115,8,46,1,7,3,1,No,Yes,10.0,9.3,4.2,Low
CUST01116,18,114,8,11,7,2,No,Yes,47.4,10.1,4.4,Medium
CUST01117,18,64,5,5,3,1,Yes,No,25.2,27.8,3.5,Medium
CUST01118,2,13,0,2,0,0,Yes,Yes,52.8,12.4,4.2,Medium
CUST01119,9,55,3,4,1,2,Yes,Yes,34.5,37.8,4.2,Medium
CUST01120,6,37,1,4,2,0,Yes,Yes,22.9,18.7,3.3,Low
CUST01121,8,45,3,7,4,0,No,Yes,12.7,9.4,3.6,Low
CUST01122,24,102,8,15,9,1,Yes,No,11.1,13.3,3.2,Medium
CUST01123,9,57,3,6,3,2,No,Yes,26.9,32.4,4.3,Medium
CUST01124,13,55,2,4,2,2,No,No,51.4,32.0,2.4,Medium
CUST01125,8,28,1,4,2,2,Yes,Yes,18.8,10.6,4.0,Low
CUST01126,19,79,3,13,7,1,Yes,No,25.7,5.5,3.4,Medium
CUST01127,10,52,3,8,5,1,No,Yes,5.3,34.3,4.2,Low
CUST01128,14,86,4,9,5,1,Yes,Yes,5.2,18.5,4.2,Low
CUST01129,18,70,4,10,5,0,Yes,No,29.9,32.3,3.8,Medium
CUST01130,18,54,2,9,4,2,No,Yes,14.6,23.7,3.5,Low
CUST01131,22,72,3,10,6,2,Yes,No,11.8,14.1,4.7,Low
CUST01132,40,170,10,26,17,3,Yes,Yes,14.2,43.9,4.6,Low
CUST01133,16,80,3,11,5,3,Yes,No,40.7,44.1,2.9,Low
CUST01134,4,14,0,1,0,0,Yes,Yes,7.4,13.4,3.4,Medium
CUST01135,8,28,1,3,1,0,No,No,27.0,5.3,3.5,Low
CUST01136,10,42,2,3,1,0,No,No,10.6,35.4,4.0,Low
CUST01137,4,26,1,4,2,0,No,Yes,37.5,30.6,3.4,Medium
CUST01138,3,17,0,2,1,0,Yes,Yes,28.7,20.9,3.7,Medium
CUST01139,8,36,1,5,2,1,Yes,No,18.1,40.8,4.1,Medium
CUST01140,16,49,3,5,3,2,No,No,13.0,25.6,3.8,Low
CUST01141,3,10,0,0,0,0,Yes,Yes,43.4,9.3,4.5,Medium
CUST01142,12,65,2,9,4,2,Yes,Yes,31.9,27.3,3.6,Low
CUST01143,20,64,4,8,4,1,Yes,Yes,49.6,21.2,2.7,Low
CUST01144,37,239,13,24,10,5,No,Yes,18.1,14.8,4.4,Low
CUST01145,8,54,4,5,2,1,Yes,No,53.8,13.6,3.5,Low
CUST01146,3,11,0,1,0,0,Yes,No,5.6,10.2,4.4,Medium
CUST01147,4,14,1,1,0,0,No,Yes,37.2,31.6,3.4,Medium
CUST01148,15,69,3,9,5,2,Yes,No,5.3,39.0,3.8,Low
CUST01149,29,191,11,32,18,2,No,Yes,44.2,28.7,3.9,Low
CUST01150,0,0,0,0,0,0,No,No,12.9,15.4,3.5,High
CUST01151,15,66,2,5,2,0,Yes,Yes,25.5,34.7,4.3,Medium
CUST01152,4,26,1,2,1,0,No,Yes,9.1,13.6,3.6,Medium
CUST01153,15,58,4,6,3,4,Yes,No,14.0,43.5,4.1,Low
CUST01154,18,77,4,7,3,0,Yes,Yes,13.1,40.7,3.7,Medium
CUST01155,3,13,0,1,0,0,Yes,No,17.2,9.5,3.1,Medium
CUST01156,39,117,9,19,8,3,Yes,No,38.3,39.3,4.6,Low
CUST01157,8,52,2,5,2,2,Yes,No,5.7,7.5,4.4,Low
CUST01158,36,197,7,23,13,4,Yes,No,47.5,23.9,4.7,Low
CUST01159,34,204,12,26,16,5,No,No,37.1,34.4,4.5,Low
CUST01160,5,28,1,2,0,2,Yes,No,37.7,44.6,4.3,Medium
CUST01161,13,86,5,12,7,0,No,No,36.4,18.8,4.2,Medium
CUST01162,27,175,9,30,20,4,No,No,53.2,22.1,4.7,Low
CUST01163,21,89,6,16,9,2,Yes,Yes,48.6,18.0,2.9,Low
CUST01164,5,19,0,1,0,0,Yes,Yes,42.7,42.8,3.1,Low
CUST01165,25,77,2,12,5,1,Yes,Yes,28.7,40.0,3.2,Low
CUST01166,3,19,1,2,1,0,No,No,49.5,29.1,3.6,Medium
CUST01167,26,80,7,9,4,5,Yes,Yes,34.1,20.4,4.6,Low
CUST01168,14,75,5,10,5,2,Yes,Yes,36.2,34.4,3.9,Medium
CUST01169,7,44,1,7,3,0,Yes,Yes,21.5,23.5,3.3,Medium
CUST01170,21,112,9,11,4,2,Yes,No,22.6,33.8,2.5,Low
CUST01171,9,56,2,6,3,0,Yes,No,17.9,37.6,3.9,Low
CUST01172,5,17,1,3,1,1,No,Yes,37.6,36.6,3.4,Medium
CUST01173,10,44,3,6,2,0,Yes,No,25.6,27.6,4.4,Low
CUST01174,5,19,1,2,0,0,Yes,No,48.0,29.4,3.6,Medium
CUST01175,12,76,2,10,5,2,Yes,Yes,47.7,41.6,4.4,Medium
CUST01176,17,97,7,16,6,2,Yes,No,13.9,36.6,4.3,Medium
CUST01177,17,92,4,9,4,2,No,Yes,19.5,44.5,4.1,Low
CUST01178,7,21,1,3,1,1,Yes,Yes,48.1,33.0,4.4,Medium
CUST01179,1,3,0,0,0,0,No,Yes,20.6,43.9,3.7,Medium
CUST01180,2,8,0,0,0,0,No,No,27.2,44.7,4.4,Medium
CUST01181,6,21,0,2,0,0,Yes,Yes,39.4,43.2,3.5,Medium
CUST01182,29,140,10,15,8,5,No,No,31.7,34.1,4.8,Low
CUST01183,25,126,4,17,7,5,No,Yes,37.7,16.8,4.6,Low
CUST01184,10,57,2,6,3,0,Yes,Yes,37.6,17.7,3.5,Low
CUST01185,1,6,0,0,0,0,No,No,16.3,14.9,3.3,Medium
CUST01186,37,247,19,37,18,5,Yes,Yes,20.6,35.5,4.4,Low
CUST01187,5,21,0,1,0,1,Yes,No,17.9,32.9,4.1,Medium
CUST01188,4,14,0,2,1,0,No,No,16.3,11.4,3.9,Medium
CUST01189,5,32,2,2,1,1,Yes,Yes,32.5,26.7,3.8,Low
CUST01190,33,151,5,21,10,5,Yes,No,24.6,33.1,4.3,Low
CUST01191,20,80,4,12,6,2,Yes,No,5.9,7.1,4.5,Low
CUST01192,28,154,8,14,5,5,No,Yes,43.3,21.7,4.1,Low
CUST01193,1,6,0,0,0,0,Yes,Yes,39.1,30.6,3.8,High
CUST01194,15,100,7,16,10,4,Yes,Yes,18.6,5.2,4.1,Low
CUST01195,14,69,3,11,4,2,Yes,Yes,34.8,28.3,3.6,Medium
CUST01196,10,38,2,6,3,1,Yes,Yes,54.0,9.7,3.5,Medium
CUST01197,36,166,11,24,12,7,Yes,No,24.1,14.6,4.7,Low
CUST01198,28,156,12,14,6,3,No,No,47.2,11.1,4.3,Low
CUST01199,16,93,5,9,4,1,Yes,No,33.1,42.6,3.9,Low
CUST01200,21,113,6,15,6,1,Yes,Yes,33.3,10.8,2.6,Low
CUST01201,11,48,1,6,3,1,Yes,Yes,16.6,19.7,3.5,Medium
CUST01202,9,38,2,3,1,2,Yes,Yes,15.0,23.2,4.2,Low
CUST01203,7,44,2,6,2,0,No,No,6.9,12.8,3.7,Medium
CUST01204,16,94,5,14,7,0,Yes,Yes,7.2,27.1,4.2,Medium
CUST01205,2,13,0,1,0,0,Yes,No,41.7,26.4,3.8,Medium
CUST01206,21,85,2,9,4,1,No,No,5.2,29.3,2.7,Low
CUST01207,7,45,1,3,1,0,Yes,No,31.4,17.8,3.8,Medium
CUST01208,26,177,14,27,12,2,No,No,54.0,5.6,3.8,Low
CUST01209,10,67,4,10,5,0,No,Yes,42.3,38.8,3.5,Low
CUST01210,15,103,5,15,8,1,No,Yes,43.8,16.2,3.8,Medium
CUST01211,1,3,0,0,0,0,Yes,No,29.0,35.4,3.9,Medium
CUST01212,13,88,6,14,5,2,Yes,No,17.0,22.1,3.9,Medium
CUST01213,26,164,7,25,11,2,No,Yes,34.6,12.1,2.5,Medium
CUST01214,17,108,7,18,11,1,No,No,8.8,24.9,3.7,Medium
CUST01215,13,48,3,4,2,1,Yes,No,43.2,14.4,4.1,Low
CUST01216,6,19,1,2,1,2,Yes,No,41.5,6.5,3.8,Low
CUST01217,7,41,3,5,2,1,No,Yes,31.7,37.8,3.8,Low
CUST01218,4,27,1,4,1,0,Yes,Yes,34.9,33.0,3.6,Low
CUST01219,31,124,5,17,11,2,Yes,No,47.1,27.5,3.9,Low
CUST01220,14,97,4,15,6,1,Yes,Yes,15.4,27.1,4.2,Low
CUST01221,16,51,3,4,1,5,Yes,Yes,50.2,11.9,4.4,Low
CUST01222,19,78,3,10,5,1,Yes,No,17.0,18.1,2.5,Low
CUST01223,10,62,3,5,2,1,Yes,Yes,30.7,24.5,3.6,Low
CUST01224,7,25,1,2,1,0,No,No,26.3,34.1,3.6,Low
CUST01225,0,0,0,0,0,0,Yes,Yes,12.3,6.9,3.6,Medium
CUST01226,5,26,1,3,1,0,Yes,Yes,25.8,23.1,3.6,Low
CUST01227,10,59,3,4,2,0,No,Yes,29.6,19.6,3.8,Low
CUST01228,4,22,1,2,0,0,No,Yes,14.6,21.9,3.9,Medium
CUST01229,7,41,3,5,3,2,Yes,No,54.1,33.4,4.0,Low
CUST01230,54,197,6,34,14,6,Yes,Yes,7.5,29.1,4.9,Low
CUST01231,13,40,2,6,3,1,No,No,40.8,41.8,4.1,Low
CUST01232,18,82,3,14,9,1,Yes,Yes,50.7,42.6,3.8,Low
CUST01233,26,107,9,10,5,2,No,Yes,30.8,34.9,3.8,Low
CUST01234,25,164,7,16,8,7,Yes,No,21.4,22.3,4.3,Low
CUST01235,4,27,1,3,1,0,No,No,10.2,21.4,4.3,Medium
CUST01236,2,9,0,1,0,0,Yes,No,26.4,35.6,3.8,Medium
CUST01237,14,43,3,4,2,0,No,No,31.8,31.8,4.3,Medium
CUST01238,10,66,4,6,3,1,Yes,No,5.6,17.2,4.1,Medium
CUST01239,4,22,1,3,1,0,Yes,No,8.0,31.6,3.4,Low
CUST01240,35,199,9,35,14,3,No,No,25.1,9.3,4.6,Low
CUST01241,36,239,19,20,13,3,Yes,No,27.7,18.2,4.2,Low
CUST01242,2,9,0,1,0,0,Yes,No,16.4,19.8,3.1,Medium
CUST01243,34,166,9,28,15,2,No,Yes,33.4,25.8,4.6,Low
CUST01244,12,37,2,5,3,1,Yes,No,12.6,17.6,2.6,Low
CUST01245,30,109,6,9,4,3,No,Yes,35.3,5.7,4.3,Low
CUST01246,1,4,0,0,0,0,No,No,25.5,16.7,3.6,Medium
CUST01247,2,10,0,0,0,0,Yes,No,46.1,39.6,3.8,Low
CUST01248,4,14,0,1,0,0,No,No,38.9,39.9,3.8,High
CUST01249,29,179,11,31,18,4,No,Yes,14.9,23.9,4.2,Low
CUST01250,3,11,0,1,0,0,Yes,Yes,27.0,10.5,3.3,Medium
CUST01251,7,36,2,6,3,0,Yes,Yes,17.1,9.7,3.6,Medium
CUST01252,19,105,4,9,5,2,Yes,Yes,23.1,40.0,3.1,Low
CUST01253,7,42,2,4,2,0,Yes,No,47.9,20.3,4.3,Medium
CUST01254,11,40,2,4,1,2,Yes,No,15.2,29.4,3.7,Low
CUST01255,12,42,1,6,3,0,Yes,No,34.5,18.1,3.4,Low
CUST01256,13,51,3,8,4,2,Yes,No,11.3,19.3,3.7,Low
CUST01257,5,16,0,2,0,0,Yes,Yes,32.1,44.1,4.1,Low
CUST01258,47,219,6,30,12,5,Yes,No,50.0,20.5,4.2,Low
CUST01259,10,38,2,6,3,1,Yes,Yes,53.5,17.8,3.9,Low
CUST01260,6,34,3,3,1,0,Yes,No,45.4,17.5,3.5,Medium
CUST01261,3,13,1,1,0,0,Yes,No,39.2,34.8,4.3,Medium
CUST01262,25,102,5,8,5,5,No,No,40.8,42.1,4.2,Low
CUST01263,16,52,4,8,3,0,No,Yes,49.2,28.4,3.9,Low
CUST01264,27,172,12,22,9,5,Yes,No,55.0,19.6,4.6,Low
CUST01265,11,53,2,8,3,0,No,No,24.3,22.2,3.7,Low
CUST01266,15,64,4,6,2,3,Yes,No,34.8,30.1,4.3,Low
CUST01267,37,131,9,11,5,3,Yes,No,53.4,25.5,4.1,Low
CUST01268,16,87,6,14,7,0,Yes,No,17.0,27.6,4.0,Medium
CUST01269,14,71,3,8,3,2,Yes,Yes,8.5,23.9,3.9,Medium
CUST01270,6,25,0,2,0,0,Yes,Yes,36.9,15.6,3.6,Medium
CUST01271,14,60,2,7,4,0,No,No,25.8,6.3,3.8,Low
CUST01272,20,75,2,8,4,2,Yes,No,40.1,30.8,3.8,Low
CUST01273,33,147,8,15,8,5,No,No,52.5,44.6,4.2,Low
CUST01274,33,224,17,36,17,3,No,No,52.9,18.1,4.3,Low
CUST01275,7,30,0,5,3,1,Yes,No,9.5,15.9,3.9,Low
CUST01276,15,104,4,8,3,1,Yes,Yes,35.2,22.2,3.6,Medium
CUST01277,4,12,0,1,0,0,Yes,Yes,7.1,20.6,3.3,Medium
CUST01278,4,16,1,2,1,0,Yes,No,6.9,36.3,4.1,High
CUST01279,27,129,6,16,10,5,Yes,Yes,53.7,10.0,4.5,Low
CUST01280,10,35,2,5,2,2,No,Yes,17.7,28.1,3.8,Medium
CUST01281,8,27,0,2,1,1,No,Yes,8.4,9.2,3.4,Medium
CUST01282,19,60,1,6,3,1,No,Yes,5.0,23.5,3.1,Low
CUST01283,6,41,2,4,2,0,No,No,48.2,28.8,3.9,Medium
CUST01284,19,102,4,9,5,2,Yes,No,26.5,41.7,3.8,Low
CUST01285,16,68,5,8,4,0,Yes,Yes,7.4,29.3,4.2,Low
CUST01286,4,27,1,4,1,0,Yes,Yes,26.8,17.6,3.4,Low
CUST01287,55,346,25,37,17,6,Yes,Yes,10.9,24.7,4.3,Low
CUST01288,21,124,4,14,6,2,Yes,Yes,43.2,10.5,3.8,Low
CUST01289,18,74,2,8,4,2,No,No,14.8,33.4,2.5,Low
CUST01290,17,114,3,10,5,4,Yes,Yes,35.4,25.9,3.8,Low
CUST01291,18,120,6,19,7,0,Yes,Yes,7.7,15.3,4.4,Low
CUST01292,1,6,0,0,0,0,No,Yes,31.4,20.6,3.5,Medium
CUST01293,5,27,1,2,1,2,No,No,45.1,12.6,3.9,Low
CUST01294,12,71,4,7,2,2,Yes,No,44.6,20.3,3.9,Low
CUST01295,13,58,2,7,3,1,No,No,7.7,28.2,4.0,Low
CUST01296,8,48,1,6,3,2,No,No,29.4,19.6,3.9,Medium
CUST01297,7,21,1,3,1,2,Yes,No,49.5,20.4,3.7,Medium
CUST01298,15,98,5,11,6,2,Yes,No,42.0,8.9,3.1,Low
CUST01299,32,114,8,17,7,6,Yes,No,21.8,37.1,4.7,Low
CUST01300,5,17,0,1,0,0,Yes,No,28.4,9.2,4.3,Medium
CUST01301,1,6,0,0,0,0,Yes,Yes,52.5,22.5,4.0,Medium
CUST01302,11,54,3,9,5,0,Yes,No,30.7,32.0,4.1,Medium
CUST01303,11,64,3,10,4,2,Yes,No,21.3,34.8,3.5,Medium
CUST01304,5,33,1,4,2,2,Yes,Yes,49.2,17.6,4.0,Medium
CUST01305,7,37,2,6,4,0,Yes,Yes,43.6,27.1,4.3,Medium
CUST01306,4,21,1,1,0,0,Yes,No,10.7,44.1,4.1,Medium
CUST01307,35,174,5,23,12,3,No,No,24.3,16.9,4.6,Low
CUST01308,9,45,3,7,4,0,Yes,No,23.9,17.2,3.4,Medium
CUST01309,29,196,12,22,14,2,No,Yes,11.4,7.5,4.1,Low
CUST01310,15,69,5,10,5,1,Yes,Yes,29.5,37.7,2.5,Low
CUST01311,5,19,1,3,1,0,No,No,40.3,23.0,3.4,Medium
CUST01312,1,6,0,0,0,0,No,Yes,46.6,21.7,3.8,Medium
CUST01313,51,212,12,28,13,7,Yes,Yes,15.9,11.1,4.6,Low
CUST01314,20,62,2,5,2,2,No,Yes,42.5,39.5,3.3,Low
CUST01315,3,16,1,1,0,0,Yes,Yes,41.4,9.7,4.1,High
CUST01316,28,158,10,17,11,2,No,Yes,51.9,37.5,2.5,Low
CUST01317,7,33,2,3,1,0,No,Yes,16.2,26.3,3.8,Medium
CUST01318,7,35,1,5,2,0,Yes,No,6.2,34.1,4.4,Low
CUST01319,28,191,10,33,16,4,Yes,Yes,42.0,10.4,4.1,Low
CUST01320,1,4,0,0,0,0,Yes,No,50.7,6.1,4.0,Medium
CUST01321,6,28,2,4,2,2,Yes,No,53.2,44.3,3.9,Low
CUST01322,8,45,1,3,1,2,No,No,47.6,32.6,4.2,Medium
CUST01323,18,122,4,21,11,5,Yes,Yes,33.5,16.8,3.8,Low
CUST01324,10,66,2,9,4,0,Yes,No,39.7,21.0,3.6,Low
CUST01325,3,12,0,1,0,0,Yes,Yes,34.6,35.3,4.0,High
CUST01326,30,165,6,18,12,4,Yes,Yes,31.2,14.1,3.9,Low
CUST01327,13,74,3,11,4,1,No,Yes,37.7,32.2,4.2,Medium
CUST01328,10,65,2,7,4,1,Yes,No,12.1,41.2,3.7,Medium
CUST01329,28,179,15,29,11,3,No,No,51.0,24.2,2.6,Medium
CUST01330,2,7,0,0,0,0,No,Yes,7.4,18.9,4.1,Medium
CUST01331,11,47,2,8,4,0,Yes,Yes,9.5,16.6,3.5,Medium
CUST01332,11,39,2,4,2,0,Yes,Yes,25.7,29.0,3.7,Medium
CUST01333,4,22,1,2,1,0,No,Yes,51.5,34.8,4.3,Medium
CUST01334,5,23,1,3,2,0,Yes,Yes,31.1,39.7,3.6,Medium
CUST01335,10,43,3,5,3,2,Yes,Yes,16.4,5.9,2.4,Low
CUST01336,4,16,1,1,0,0,Yes,Yes,48.4,32.3,4.1,Medium
CUST01337,1,3,0,0,0,0,No,Yes,18.0,33.6,3.0,Medium
CUST01338,32,210,11,19,10,5,No,Yes,13.7,14.7,4.5,Low
CUST01339,5,23,1,2,1,0,No,No,37.7,9.3,4.4,Medium
CUST01340,25,83,4,9,4,3,Yes,No,38.4,36.5,4.8,Low
CUST01341,3,9,0,0,0,0,Yes,Yes,51.7,37.4,3.7,Medium
CUST01342,18,68,5,8,4,2,Yes,No,46.1,14.7,4.4,Low
CUST01343,27,181,15,15,7,1,No,Yes,15.0,8.5,3.3,Low
CUST01344,51,273,11,48,25,6,No,No,39.8,44.3,4.2,Low
CUST01345,42,134,4,13,8,6,Yes,Yes,50.7,34.9,4.8,Low
CUST01346,15,88,4,9,5,0,Yes,Yes,10.4,19.3,4.1,Low
CUST01347,11,63,3,9,5,2,No,No,22.1,16.4,3.9,Low
CUST01348,2,9,0,0,0,0,Yes,No,46.5,35.8,3.7,High
CUST01349,6,41,2,5,3,0,Yes,Yes,38.6,17.8,3.1,Medium
CUST01350,3,20,1,2,0,0,No,No,44.1,42.5,3.8,Medium
CUST01351,1,6,0,0,0,0,No,No,25.6,11.2,4.0,High
CUST01352,13,74,6,11,7,1,Yes,No,46.8,30.1,3.4,Low
CUST01353,11,52,3,5,2,2,No,No,8.2,31.5,3.8,Low
CUST01354,13,51,3,9,4,0,Yes,Yes,8.1,31.5,3.5,Medium
CUST01355,52,330,11,49,25,6,Yes,Yes,6.5,30.9,5.0,Low
CUST01356,18,83,3,11,5,4,Yes,Yes,44.3,12.1,4.2,Low
CUST01357,13,74,4,11,6,0,Yes,No,25.8,17.6,4.1,Low
CUST01358,2,13,0,2,1,0,No,Yes,26.7,16.8,3.8,Medium
CUST01359,2,13,0,1,0,0,Yes,Yes,19.1,14.0,3.9,Medium
CUST01360,22,80,3,12,6,1,Yes,Yes,35.9,22.3,3.2,Low
CUST01361,19,59,3,4,2,3,No,Yes,27.8,27.0,4.1,Low
CUST01362,2,7,0,0,0,0,Yes,Yes,6.3,43.7,4.5,High
CUST01363,35,190,11,29,20,4,Yes,Yes,12.6,39.9,4.0,Low
CUST01364,16,67,3,8,4,1,No,Yes,11.7,31.0,2.8,Low
CUST01365,13,90,7,11,6,2,Yes,No,37.5,5.5,3.5,Medium
CUST01366,21,125,9,20,10,1,Yes,Yes,51.1,20.0,2.3,Low
CUST01367,38,140,4,24,13,6,No,No,22.2,33.7,4.5,Low
CUST01368,15,80,3,7,3,2,Yes,Yes,55.0,12.3,4.1,Medium
CUST01369,19,92,8,15,8,1,Yes,Yes,7.8,16.6,3.7,Low
CUST01370,36,193,8,33,18,3,Yes,No,16.5,41.7,4.4,Low
CUST01371,8,31,2,2,1,1,Yes,Yes,52.6,35.8,3.8,Medium
CUST01372,4,17,1,2,0,0,Yes,Yes,17.1,27.9,3.0,Medium
CUST01373,17,59,4,8,3,1,Yes,Yes,29.8,29.5,4.1,Medium
CUST01374,1,4,0,0,0,0,No,Yes,11.9,12.5,3.9,Medium
CUST01375,7,21,1,2,0,0,Yes,Yes,6.2,33.9,4.3,Low
CUST01376,25,109,4,15,8,3,No,Yes,50.5,6.4,4.2,Low
CUST01377,49,178,9,31,15,7,Yes,No,13.4,30.8,4.3,Low
CUST01378,19,112,6,12,7,0,Yes,No,47.1,25.0,3.8,Low
CUST01379,6,38,2,3,1,1,Yes,Yes,36.9,11.8,3.5,Medium
CUST01380,29,128,5,16,11,2,Yes,Yes,47.5,11.3,2.3,Low
CUST01381,10,54,2,7,3,3,Yes,Yes,52.5,25.9,3.2,Low
CUST01382,2,10,0,1,0,0,Yes,No,53.3,16.2,3.8,Medium
CUST01383,30,93,8,15,6,4,Yes,Yes,22.9,23.6,4.3,Low
CUST01384,18,109,9,10,5,4,Yes,No,34.4,27.2,4.3,Low
CUST01385,18,124,8,10,4,2,No,No,35.5,40.0,3.1,Low
CUST01386,1,5,0,0,0,0,Yes,Yes,23.1,40.5,3.8,High
CUST01387,29,180,14,26,14,5,Yes,Yes,44.9,16.1,4.0,Low
CUST01388,4,24,1,2,0,0,No,No,51.6,37.6,4.4,High
CUST01389,11,40,3,3,1,0,Yes,No,8.7,14.7,4.1,Medium
CUST01390,1,3,0,0,0,0,No,Yes,13.6,21.1,3.5,Medium
CUST01391,2,9,0,1,0,0,No,No,28.8,6.7,4.3,Medium
CUST01392,13,72,3,8,5,1,Yes,No,44.7,32.6,4.0,Low
CUST01393,5,34,2,5,3,1,No,Yes,37.6,20.5,3.7,Medium
CUST01394,8,31,1,2,0,1,No,No,15.6,12.7,4.3,Medium
CUST01395,59,395,24,37,24,6,No,Yes,33.0,32.8,4.3,Low
CUST01396,15,73,6,8,4,1,No,No,32.0,10.0,4.2,Low
CUST01397,2,6,0,0,0,0,No,Yes,46.0,19.2,3.0,Medium
CUST01398,10,47,2,3,1,2,No,No,50.4,16.4,4.3,Medium
CUST01399,19,105,6,14,7,2,Yes,No,23.9,43.2,4.3,Medium
CUST01400,15,76,5,11,4,2,Yes,Yes,13.0,21.0,4.3,Low
CUST01401,1,3,0,0,0,0,No,No,23.1,39.7,3.9,High
CUST01402,18,118,7,10,6,4,No,No,26.8,35.0,4.2,Low
CUST01403,21,87,7,7,4,3,Yes,No,23.9,16.6,4.0,Low
CUST01404,8,32,2,4,1,2,No,No,42.8,40.3,4.1,Low
CUST01405,5,32,2,4,1,2,Yes,Yes,20.3,27.5,3.8,Medium
CUST01406,3,18,1,3,1,0,Yes,No,45.6,41.6,3.7,Low
CUST01407,20,128,9,13,5,1,No,Yes,28.5,11.5,2.6,Low
CUST01408,6,39,1,5,2,1,Yes,No,9.9,16.2,3.7,Low
CUST01409,10,43,3,7,4,1,No,No,22.5,27.6,3.9,Low
CUST01410,4,13,1,1,0,0,No,Yes,53.3,14.0,3.4,Medium
CUST01411,3,20,1,1,0,0,No,Yes,45.9,7.9,3.5,Medium
CUST01412,56,263,19,27,11,4,Yes,No,21.9,10.8,4.9,Low
CUST01413,15,58,4,7,3,0,No,No,52.2,5.3,4.0,Low
CUST01414,1,5,0,0,0,0,No,Yes,25.7,37.6,3.0,Low
CUST01415,17,95,7,11,6,5,Yes,Yes,40.8,26.2,4.2,Low
CUST01416,1,4,0,0,0,0,Yes,No,49.9,43.6,4.2,Medium
CUST01417,8,24,1,2,0,0,Yes,No,54.5,13.3,3.8,Medium
CUST01418,6,29,2,3,1,0,Yes,No,38.0,32.6,3.9,Low
CUST01419,3,9,0,0,0,0,No,Yes,18.4,19.1,4.3,Medium
CUST01420,9,49,2,4,1,1,Yes,Yes,13.5,26.2,3.8,Medium
CUST01421,28,137,9,17,10,2,No,No,27.6,9.4,2.4,Low
CUST01422,14,43,1,6,4,0,Yes,No,6.2,43.4,3.9,Low
CUST01423,28,157,12,18,10,1,No,Yes,51.3,26.6,2.6,Low
CUST01424,27,119,5,18,8,4,Yes,Yes,48.5,8.4,4.3,Low
CUST01425,16,51,2,6,3,0,No,Yes,6.5,12.4,4.1,Medium
CUST01426,1,6,0,0,0,0,No,No,44.9,31.1,3.7,Medium
CUST01427,5,31,1,3,1,2,Yes,No,48.5,10.9,3.9,Medium
CUST01428,15,54,3,8,5,0,No,No,32.6,16.1,3.4,Low
CUST01429,25,119,7,19,12,4,No,Yes,44.1,6.1,3.9,Low
CUST01430,3,14,0,1,0,0,No,No,21.5,14.7,3.1,Medium
CUST01431,6,39,3,6,3,0,Yes,No,16.3,32.0,3.4,Medium
CUST01432,38,161,6,25,14,3,Yes,Yes,10.2,32.7,4.2,Low
CUST01433,14,90,3,14,6,0,No,Yes,47.8,5.7,3.9,Medium
CUST01434,13,83,3,11,6,0,No,No,43.9,42.8,4.0,Medium
CUST01435,3,15,1,1,0,0,Yes,Yes,20.5,23.7,3.6,High
CUST01436,4,19,1,2,1,0,Yes,No,36.8,19.2,4.1,High
CUST01437,7,22,1,3,1,0,Yes,Yes,11.1,26.8,4.4,Medium
CUST01438,18,59,4,5,2,1,Yes,No,8.8,8.2,3.4,Low
CUST01439,6,35,1,4,1,0,Yes,Yes,23.7,39.3,3.5,Low
CUST01440,26,157,4,18,9,2,No,No,31.0,5.2,4.0,Low
CUST01441,0,0,0,0,0,0,Yes,No,31.5,22.2,4.1,Medium
CUST01442,3,19,1,3,1,0,No,Yes,30.8,21.1,3.6,Medium
CUST01443,1,5,0,0,0,0,No,No,9.2,17.0,4.1,Low
CUST01444,34,223,12,25,16,4,Yes,Yes,7.2,9.3,4.2,Low
CUST01445,2,6,0,0,0,0,No,Yes,50.9,29.7,3.7,Medium
CUST01446,4,17,1,1,0,0,No,No,47.5,23.7,3.5,High
CUST01447,31,142,5,16,8,6,Yes,No,7.5,42.4,4.3,Low
CUST01448,5,25,1,2,0,2,Yes,No,38.3,37.8,4.2,Medium
CUST01449,18,98,5,12,6,2,Yes,No,22.0,32.5,3.5,Medium
CUST01450,28,176,8,17,9,2,Yes,No,23.0,14.5,3.0,Medium
CUST01451,2,8,0,1,0,0,Yes,Yes,8.4,21.7,3.8,Medium
CUST01452,11,40,1,5,2,0,No,No,14.4,7.9,4.0,Low
CUST01453,1,6,0,0,0,0,Yes,Yes,54.9,23.0,3.4,Medium
CUST01454,9,52,2,4,1,1,No,No,25.3,13.6,3.9,Medium
CUST01455,10,38,2,6,3,2,No,No,49.0,34.3,4.2,Low
CUST01456,17,85,3,11,5,0,Yes,Yes,44.7,42.8,4.4,Low
CUST01457,1,3,0,0,0,0,Yes,Yes,47.7,29.0,4.3,High
CUST01458,5,34,2,3,1,0,No,No,46.5,9.0,4.4,Medium
CUST01459,2,12,0,1,0,0,No,Yes,9.1,12.5,4.0,High
CUST01460,42,171,13,26,10,4,Yes,No,11.2,39.2,4.6,Low
CUST01461,25,152,9,13,9,6,No,Yes,49.3,38.0,4.2,Low
CUST01462,9,47,1,7,2,1,Yes,Yes,52.4,29.4,3.9,Low
CUST01463,20,66,2,10,4,2,No,No,17.3,28.4,4.5,Low
CUST01464,22,131,5,23,12,4,Yes,No,7.8,30.1,4.4,Low
CUST01465,1,4,0,0,0,0,Yes,No,8.9,17.9,3.8,Medium
CUST01466,5,21,1,2,1,0,No,Yes,39.0,18.5,3.5,Medium
CUST01467,1,4,0,0,0,0,Yes,No,25.0,35.7,3.7,Medium
CUST01468,33,169,11,23,11,3,No,Yes,49.9,36.5,4.0,Low
CUST01469,23,119,3,14,5,7,Yes,No,8.9,39.0,4.9,Low
CUST01470,54,212,18,30,16,5,Yes,Yes,7.5,34.2,4.8,Low
CUST01471,4,26,0,3,1,0,Yes,Yes,43.6,36.6,3.9,Medium
CUST01472,30,182,10,19,11,2,Yes,Yes,20.3,36.1,4.2,Low
CUST01473,26,78,5,10,6,3,No,No,28.2,18.6,4.3,Low
CUST01474,11,60,3,6,2,1,No,Yes,47.4,24.3,3.5,Medium
CUST01475,35,132,6,11,7,2,Yes,Yes,49.5,26.8,4.6,Low
CUST01476,9,50,3,4,2,2,Yes,No,9.8,30.4,4.1,Medium
CUST01477,55,342,10,40,26,7,Yes,No,16.2,28.0,4.6,Low
CUST01478,15,85,4,10,4,1,Yes,No,27.1,29.9,4.0,Low
CUST01479,15,101,8,16,11,2,Yes,Yes,50.4,41.8,3.5,Medium
CUST01480,8,37,1,5,2,0,Yes,Yes,23.7,12.2,3.7,Low
CUST01481,11,72,4,12,7,2,Yes,Yes,41.3,23.6,3.8,Low
CUST01482,7,46,1,6,3,0,Yes,No,11.1,20.5,3.0,Medium
CUST01483,7,35,2,6,3,0,Yes,No,51.2,15.2,3.8,Medium
CUST01484,0,0,0,0,0,0,Yes,Yes,50.2,33.8,4.3,High
CUST01485,36,182,13,28,18,2,No,No,8.5,5.6,4.3,Low
CUST01486,19,105,6,13,5,2,Yes,No,43.2,26.2,4.1,Low
CUST01487,18,111,4,10,4,2,Yes,Yes,29.6,20.7,4.0,Low
CUST01488,29,177,12,22,11,6,Yes,Yes,22.0,37.9,4.7,Low
CUST01489,10,32,1,3,2,2,No,No,16.6,35.7,3.6,Low
CUST01490,20,96,7,7,3,2,Yes,Yes,44.5,29.5,3.3,Medium
CUST01491,13,79,3,12,5,3,No,No,8.1,17.0,2.6,Low
CUST01492,4,23,1,3,1,0,Yes,No,38.0,13.8,4.4,Medium
CUST01493,3,14,0,1,0,0,No,Yes,45.1,23.1,3.1,Medium
CUST01494,0,0,0,0,0,0,No,No,32.5,5.4,4.2,High
CUST01495,5,24,2,3,1,1,Yes,Yes,44.1,27.9,3.4,Low
CUST01496,5,21,0,2,0,1,Yes,Yes,15.9,13.0,3.9,Medium
CUST01497,11,54,3,6,2,1,No,No,13.5,19.3,3.8,Low
CUST01498,3,15,0,2,1,0,Yes,No,25.5,29.2,4.3,High
CUST01499,34,129,4,20,12,4,Yes,Yes,35.5,23.4,4.3,Low
CUST01500,22,105,4,16,7,1,Yes,Yes,13.7,41.9,2.9,Low
CUST01501,5,28,0,2,1,0,No,Yes,52.3,7.6,3.1,Low
CUST01502,12,42,3,5,2,0,No,Yes,19.9,34.2,4.0,Low
CUST01503,10,61,4,9,5,0,Yes,Yes,28.7,28.1,3.6,Medium
CUST01504,39,225,12,24,14,4,Yes,Yes,28.1,17.5,4.1,Low
CUST01505,8,36,1,6,4,0,No,No,36.5,33.0,4.1,Low
CUST01506,32,106,6,18,9,4,No,No,29.6,34.8,4.1,Low
CUST01507,3,19,0,2,0,0,Yes,Yes,13.5,24.7,3.8,Medium
CUST01508,20,92,8,15,7,3,Yes,Yes,51.6,36.4,4.4,Low
CUST01509,11,74,5,7,4,1,Yes,Yes,16.1,15.1,4.3,Medium
CUST01510,6,34,1,3,1,1,No,Yes,43.8,26.4,3.8,Low
CUST01511,27,166,10,23,10,5,Yes,Yes,39.8,34.1,4.0,Low
CUST01512,4,23,1,3,1,0,No,Yes,42.5,19.8,4.2,High
CUST01513,33,217,6,18,12,4,No,Yes,42.8,10.6,4.6,Low
CUST01514,18,65,3,7,3,2,Yes,No,12.8,8.3,3.5,Medium
CUST01515,5,16,0,2,1,0,Yes,No,53.2,12.1,3.9,Medium
CUST01516,6,19,0,3,1,2,Yes,Yes,18.0,6.0,4.2,Medium
CUST01517,3,10,0,1,0,0,Yes,No,11.6,34.6,4.2,Medium
CUST01518,5,23,2,2,0,0,Yes,Yes,5.8,32.9,3.1,Low
CUST01519,2,6,0,0,0,0,No,No,50.4,27.3,4.2,High
CUST01520,10,48,3,8,4,1,No,Yes,11.4,16.7,4.0,Low
CUST01521,9,37,1,5,2,1,Yes,No,50.6,13.1,3.9,Medium
CUST01522,35,235,17,32,21,2,Yes,Yes,33.8,28.8,4.6,Low
CUST01523,5,21,1,2,1,0,Yes,No,20.4,44.3,3.1,Medium
CUST01524,36,188,16,20,9,2,Yes,Yes,46.2,15.9,4.7,Low
CUST01525,17,82,4,6,3,3,Yes,Yes,8.2,40.8,4.3,Low
CUST01526,36,139,7,19,9,5,Yes,No,42.8,35.9,3.9,Low
CUST01527,7,36,2,4,2,2,Yes,Yes,47.4,17.1,3.5,Low
CUST01528,16,105,5,17,7,2,Yes,Yes,26.6,36.6,3.9,Medium
CUST01529,30,198,8,23,12,4,Yes,Yes,9.5,33.3,4.6,Low
CUST01530,9,50,3,6,2,0,Yes,Yes,50.5,29.3,4.0,Medium
CUST01531,15,50,2,4,1,3,Yes,No,54.0,43.0,4.2,Low
CUST01532,28,157,13,23,11,5,No,Yes,11.7,28.5,4.4,Low
CUST01533,20,63,3,6,3,3,No,No,14.0,31.2,3.2,Medium
CUST01534,34,232,15,37,18,3,Yes,Yes,49.4,39.8,4.3,Low
CUST01535,13,54,1,5,2,2,No,No,31.1,32.5,3.5,Medium
CUST01536,10,58,2,7,3,2,No,Yes,25.1,42.8,4.3,Low
CUST01537,5,24,0,3,1,0,Yes,No,20.1,6.0,3.7,Medium
CUST01538,24,86,7,9,5,6,Yes,Yes,45.9,14.4,4.5,Low
CUST01539,4,14,0,2,1,0,No,No,42.1,34.6,4.3,Medium
CUST01540,27,168,8,30,15,4,Yes,Yes,35.8,11.4,4.2,Low
CUST01541,9,60,5,6,3,2,Yes,Yes,35.0,20.1,4.0,Medium
CUST01542,4,21,1,2,0,0,Yes,Yes,39.9,32.8,4.1,Low
CUST01543,29,122,9,18,8,2,No,Yes,17.1,23.8,2.3,Low
CUST01544,5,31,1,3,1,0,Yes,Yes,24.8,32.9,4.4,Medium
CUST01545,5,17,0,1,0,0,Yes,Yes,46.4,35.2,3.6,Medium
CUST01546,5,22,1,2,1,0,Yes,No,48.5,16.3,3.9,Medium
CUST01547,15,65,2,9,4,1,Yes,No,21.9,37.9,4.2,Medium
CUST01548,31,105,4,14,7,3,Yes,No,34.9,39.3,4.7,Low
CUST01549,15,89,6,13,7,2,Yes,Yes,15.7,32.8,4.0,Low
CUST01550,6,20,0,1,0,0,No,Yes,17.5,18.5,3.0,Medium
CUST01551,36,111,9,9,6,3,Yes,No,41.3,13.1,4.5,Low
CUST01552,16,108,8,18,10,1,Yes,Yes,12.1,40.8,3.8,Low
CUST01553,5,28,2,3,1,0,No,No,53.9,38.0,3.6,Low
CUST01554,1,5,0,0,0,0,Yes,No,27.3,29.4,4.5,Medium
CUST01555,5,32,2,4,2,0,No,Yes,46.5,10.3,4.2,Low
CUST01556,6,23,2,2,1,0,Yes,Yes,6.3,11.6,3.6,Low
CUST01557,10,52,3,8,4,2,No,Yes,9.8,40.5,3.8,Medium
CUST01558,18,118,6,12,6,5,Yes,No,39.2,34.2,4.4,Low
CUST01559,23,99,3,13,6,3,Yes,No,31.0,17.7,2.2,Low
CUST01560,4,12,0,1,0,0,Yes,Yes,37.3,31.2,3.5,Low
CUST01561,15,74,5,6,3,0,No,No,40.6,23.8,3.5,Low
CUST01562,7,39,1,5,2,0,Yes,Yes,31.1,42.9,3.5,Medium
CUST01563,9,55,2,6,3,2,No,No,42.1,10.6,3.8,Low
CUST01564,5,25,1,3,2,0,Yes,Yes,52.8,36.9,3.2,Medium
CUST01565,24,113,7,16,8,3,Yes,Yes,26.0,12.8,2.7,Low
CUST01566,32,192,10,32,17,5,Yes,Yes,17.3,32.0,4.9,Low
CUST01567,15,76,5,7,4,2,No,No,51.1,25.4,3.8,Low
CUST01568,2,9,0,1,0,0,Yes,Yes,15.0,31.9,3.7,High
CUST01569,6,25,2,3,1,0,Yes,Yes,27.9,10.4,4.4,Low
CUST01570,4,27,1,2,0,0,Yes,Yes,35.8,17.8,4.1,Medium
CUST01571,12,63,2,7,4,1,No,No,9.5,8.2,3.9,Medium
CUST01572,21,121,9,12,5,1,No,Yes,35.8,10.4,2.4,Low
CUST01573,29,169,14,27,11,4,No,Yes,33.6,37.1,4.3,Low
CUST01574,25,129,11,17,11,2,No,No,37.5,31.1,2.5,Medium
CUST01575,39,157,6,27,16,3,Yes,No,15.3,37.9,4.3,Low
CUST01576,3,10,0,0,0,0,No,No,38.5,42.4,3.2,Medium
CUST01577,12,52,3,4,1,0,Yes,Yes,54.5,28.0,3.5,Medium
CUST01578,1,6,0,0,0,0,No,Yes,39.4,34.2,4.0,High
CUST01579,1,3,0,0,0,0,Yes,No,31.8,21.9,4.2,Medium
CUST01580,5,28,1,3,1,0,No,Yes,19.2,6.8,4.4,Medium
CUST01581,10,38,3,6,3,2,No,Yes,48.9,29.4,4.0,Low
CUST01582,10,59,4,9,4,2,No,No,51.9,11.7,3.5,Medium
CUST01583,5,23,1,3,1,0,Yes,Yes,25.9,10.5,3.9,Medium
CUST01584,10,56,3,8,5,1,No,No,37.3,42.4,4.2,Low
CUST01585,18,95,4,8,4,1,No,Yes,22.5,15.5,3.5,Medium
CUST01586,14,92,4,11,6,1,Yes,Yes,14.2,10.7,3.7,Medium
CUST01587,2,11,0,1,0,0,Yes,No,42.6,30.5,4.2,High
CUST01588,24,92,3,8,4,1,Yes,No,29.9,12.2,2.9,Low
CUST01589,17,80,3,7,4,0,Yes,Yes,50.8,23.7,3.9,Medium
CUST01590,2,9,0,1,0,0,No,No,21.8,31.1,3.1,Medium
CUST01591,16,58,1,8,3,2,Yes,No,30.3,19.7,3.8,Medium
CUST01592,7,43,1,5,2,0,Yes,Yes,14.0,21.0,4.0,Medium
CUST01593,2,11,0,1,0,0,Yes,Yes,34.7,26.8,4.4,Medium
CUST01594,4,17,1,3,1,0,Yes,No,44.9,25.6,3.9,Medium
CUST01595,2,12,0,1,0,0,Yes,No,5.9,35.6,4.0,Medium
CUST01596,18,115,6,11,6,1,No,No,37.9,24.7,4.4,Low
CUST01597,10,37,1,5,2,2,Yes,Yes,34.5,24.8,3.7,Low
CUST01598,18,125,7,22,11,2,No,Yes,7.0,9.1,4.6,Low
CUST01599,7,27,1,3,1,0,Yes,No,22.6,21.4,4.4,Medium
CUST01600,16,65,2,7,4,1,Yes,No,49.4,39.9,3.6,Medium
CUST01601,1,5,0,0,0,0,No,No,49.6,11.2,4.2,Medium
CUST01602,3,12,0,1,0,0,Yes,No,53.5,37.8,3.8,Low
CUST01603,2,10,0,1,0,0,No,Yes,17.4,8.8,4.2,High
CUST01604,13,69,3,11,7,1,Yes,No,36.6,33.2,2.7,Low
CUST01605,14,76,3,6,2,2,No,Yes,34.3,15.7,3.5,Low
CUST01606,12,45,1,6,3,3,No,Yes,44.4,20.6,2.9,Low
CUST01607,17,52,1,7,3,1,Yes,Yes,23.3,30.2,3.8,Medium
CUST01608,6,31,2,4,2,0,Yes,Yes,38.5,5.1,3.7,Medium
CUST01609,4,12,0,1,0,0,Yes,No,41.6,28.7,4.0,Medium
CUST01610,0,0,0,0,0,0,Yes,Yes,22.8,25.4,4.0,Medium
CUST01611,19,98,6,11,6,0,Yes,No,41.3,21.3,4.1,Medium
CUST01612,14,57,3,7,3,1,Yes,Yes,54.8,22.9,4.2,Medium
CUST01613,28,189,6,29,16,3,Yes,Yes,39.6,13.2,2.6,Medium
CUST01614,8,34,2,2,0,2,Yes,No,19.0,30.4,3.4,Low
CUST01615,2,7,0,0,0,0,No,Yes,52.3,5.3,3.8,Medium
CUST01616,32,118,10,12,7,5,No,No,25.2,33.3,3.8,Low
CUST01617,5,18,1,1,0,0,No,No,45.3,34.5,3.7,Low
CUST01618,14,92,4,16,9,1,Yes,Yes,11.9,19.4,4.2,Medium
CUST01619,15,80,2,7,4,2,Yes,No,32.0,31.7,4.6,Low
CUST01620,15,54,2,9,5,0,No,No,17.9,5.6,3.7,Low
CUST01621,1,5,0,0,0,0,Yes,Yes,32.9,6.2,3.6,High
CUST01622,4,26,2,3,1,0,No,No,42.5,24.4,3.8,High
CUST01623,13,89,4,15,8,2,Yes,Yes,24.6,6.7,3.4,Low
CUST01624,37,166,5,26,14,5,Yes,No,17.7,29.2,4.3,Low
CUST01625,0,0,0,0,0,0,No,Yes,49.1,34.2,3.6,High
CUST01626,5,29,2,3,1,2,Yes,Yes,20.2,6.3,4.4,Medium
CUST01627,12,74,3,7,3,2,Yes,No,9.8,42.5,3.7,Low
CUST01628,18,63,2,9,3,2,No,Yes,27.5,31.8,3.6,Low
CUST01629,16,111,8,10,4,4,Yes,Yes,30.3,16.3,4.0,Low
CUST01630,17,97,4,7,4,1,No,Yes,17.8,28.0,3.8,Medium
CUST01631,51,201,6,24,16,6,Yes,No,23.2,33.2,4.6,Low
CUST01632,4,20,1,1,0,0,Yes,No,38.3,44.9,4.5,Medium
CUST01633,53,174,9,19,11,6,No,Yes,38.8,41.4,4.7,Low
CUST01634,7,39,2,3,1,0,No,Yes,44.1,34.3,3.6,Medium
CUST01635,17,88,6,13,6,0,Yes,Yes,23.6,20.5,3.5,Low
CUST01636,7,46,4,6,2,0,No,Yes,52.7,16.8,3.4,Medium
CUST01637,26,86,5,8,3,5,Yes,No,13.9,35.4,4.6,Low
CUST01638,19,76,4,8,5,2,No,No,19.0,25.3,4.4,Medium
CUST01639,27,179,7,16,6,4,No,No,45.0,31.5,4.3,Low
CUST01640,18,95,8,13,8,0,Yes,No,8.9,18.8,3.5,Medium
CUST01641,3,10,0,1,0,0,No,No,41.8,11.8,4.0,High
CUST01642,2,8,0,1,0,0,Yes,Yes,13.7,27.9,3.5,Medium
CUST01643,3,13,1,1,0,0,Yes,No,25.7,22.5,4.1,Medium
CUST01644,29,142,9,13,8,4,No,No,15.5,9.8,4.2,Low
CUST01645,4,15,0,2,1,0,Yes,Yes,28.2,32.4,4.0,High
CUST01646,41,237,12,35,20,5,Yes,No,21.3,12.8,4.7,Low
CUST01647,1,4,0,0,0,0,No,Yes,51.8,39.3,4.5,High
CUST01648,5,31,1,4,2,2,No,Yes,19.4,15.9,3.7,Medium
CUST01649,14,77,5,12,8,2,Yes,No,8.4,37.3,4.2,Low
CUST01650,8,49,2,6,4,1,Yes,No,34.3,16.6,4.2,Low
CUST01651,4,14,0,2,1,0,No,No,15.0,38.2,4.1,High
CUST01652,6,22,1,2,0,0,Yes,No,39.2,16.0,3.1,Medium
CUST01653,20,106,3,9,6,1,Yes,No,19.5,13.5,3.2,Low
CUST01654,6,34,1,5,2,0,Yes,No,30.3,40.3,4.4,Low
CUST01655,10,46,3,5,2,1,No,No,48.7,34.7,4.2,Medium
CUST01656,8,45,2,5,2,1,No,Yes,24.2,33.5,3.6,Medium
CUST01657,20,115,8,19,8,1,Yes,Yes,16.4,42.7,3.0,Medium
CUST01658,39,271,16,45,18,5,No,Yes,21.0,35.0,4.1,Low
CUST01659,15,89,3,12,8,5,Yes,Yes,48.6,24.4,4.3,Low
CUST01660,19,101,3,8,4,1,Yes,Yes,10.1,11.9,3.9,Low
CUST01661,12,45,2,7,3,2,Yes,No,24.1,29.3,3.5,Low
CUST01662,53,266,15,30,12,6,Yes,Yes,8.9,21.4,4.4,Low
CUST01663,13,75,4,7,4,3,No,Yes,39.0,12.9,3.2,Low
CUST01664,13,42,2,4,1,2,Yes,Yes,48.8,42.4,2.7,Low
CUST01665,56,274,16,32,18,4,Yes,Yes,8.6,8.4,4.3,Low
CUST01666,39,119,4,11,4,4,No,No,54.0,15.5,3.8,Low
CUST01667,7,38,1,5,2,2,No,No,37.6,29.2,3.5,Medium
CUST01668,3,15,0,1,0,0,No,Yes,40.4,37.2,3.2,Medium
CUST01669,36,143,9,19,12,3,No,Yes,26.4,16.0,4.2,Low
CUST01670,14,48,3,7,3,1,Yes,No,24.9,15.4,3.4,Medium
CUST01671,35,113,6,12,5,6,No,Yes,11.1,39.2,4.2,Low
CUST01672,30,158,9,13,8,2,Yes,No,31.6,44.4,4.7,Low
CUST01673,3,17,1,2,1,0,No,Yes,44.4,38.2,4.3,Medium
CUST01674,16,104,9,9,5,2,Yes,No,6.2,41.4,4.4,Low
CUST01675,4,25,2,2,1,0,Yes,Yes,18.3,21.0,3.8,High
CUST01676,16,65,4,10,4,1,Yes,No,34.5,12.1,2.3,Low
CUST01677,35,169,5,16,9,5,No,No,5.9,5.9,4.3,Low
CUST01678,32,222,16,34,23,3,Yes,No,30.6,30.1,4.0,Low
CUST01679,27,177,11,27,14,1,No,No,8.1,29.6,2.4,Low
CUST01680,17,58,3,7,4,1,No,Yes,14.5,22.7,3.9,Low
CUST01681,13,50,1,6,3,1,No,No,38.9,17.0,3.6,Low
CUST01682,11,53,3,7,3,2,No,Yes,37.1,14.7,3.7,Medium
CUST01683,15,81,6,12,6,2,Yes,Yes,38.4,40.0,4.2,Low
CUST01684,16,94,4,9,5,0,Yes,No,52.1,19.6,4.0,Medium
CUST01685,18,81,5,11,6,1,No,No,18.4,14.1,4.1,Medium
CUST01686,13,53,2,9,4,1,Yes,Yes,14.0,30.3,3.8,Medium
CUST01687,1,6,0,0,0,0,No,Yes,6.6,38.1,4.5,Medium
CUST01688,11,56,2,9,5,2,Yes,No,53.0,28.6,3.5,Medium
CUST01689,35,144,9,12,6,3,Yes,No,54.8,27.5,4.1,Low
CUST01690,30,106,6,18,7,5,Yes,Yes,29.2,32.7,4.4,Low
CUST01691,18,80,6,12,5,2,Yes,No,34.4,16.1,4.1,Medium
CUST01692,18,83,2,12,6,0,No,Yes,25.7,10.4,4.2,Medium
CUST01693,1,4,0,0,0,0,Yes,Yes,5.4,17.1,3.9,Medium
CUST01694,27,103,6,16,11,1,Yes,No,42.0,5.5,2.7,Low
CUST01695,6,40,3,3,2,0,Yes,Yes,26.9,18.3,3.0,Medium
CUST01696,8,29,1,2,1,0,No,Yes,48.8,5.8,3.4,Low
CUST01697,38,149,12,24,12,4,Yes,No,31.0,36.8,4.9,Low
CUST01698,22,100,4,17,8,5,Yes,No,11.2,44.7,4.4,Low
CUST01699,10,45,3,6,3,1,Yes,Yes,35.1,22.7,2.4,Medium
CUST01700,5,26,1,3,1,0,Yes,No,8.7,11.6,3.9,Medium
CUST01701,5,30,2,4,2,0,No,No,45.4,18.7,3.9,Low
CUST01702,0,0,0,0,0,0,Yes,No,38.4,43.5,3.6,High
CUST01703,8,25,1,2,1,0,Yes,Yes,7.7,43.2,3.7,Low
CUST01704,28,100,8,9,4,1,No,Yes,47.9,26.1,2.9,Low
CUST01705,4,14,1,1,0,0,No,No,15.9,38.0,3.0,Medium
CUST01706,32,185,15,22,15,2,Yes,No,17.3,28.2,4.0,Low
CUST01707,5,32,1,5,3,0,No,Yes,18.7,32.0,3.8,Low
CUST01708,6,23,1,3,1,0,Yes,No,28.8,24.7,3.6,Medium
CUST01709,43,225,9,27,11,7,Yes,Yes,15.3,26.5,4.3,Low
CUST01710,14,96,6,13,7,0,No,No,37.6,39.3,4.0,Low
CUST01711,23,138,7,13,6,3,Yes,Yes,51.9,31.2,2.7,Medium
CUST01712,3,17,0,1,0,0,Yes,Yes,51.7,40.0,4.0,Medium
CUST01713,1,4,0,0,0,0,No,Yes,19.5,14.6,4.4,Medium
CUST01714,17,93,4,9,5,2,No,Yes,34.2,13.4,4.1,Low
CUST01715,21,90,3,15,7,5,Yes,No,6.6,28.9,4.9,Low
CUST01716,21,135,8,21,12,2,Yes,Yes,46.5,36.2,3.1,Low
CUST01717,19,93,7,13,7,0,No,Yes,10.6,32.0,4.1,Medium
CUST01718,15,92,4,13,7,3,Yes,No,12.3,11.7,2.6,Low
CUST01719,0,0,0,0,0,0,No,No,8.2,8.5,3.7,Medium
CUST01720,5,15,1,1,0,2,Yes,Yes,31.9,30.2,4.2,Low
CUST01721,36,151,4,19,8,5,Yes,No,17.4,17.1,4.3,Low
CUST01722,0,0,0,0,0,0,No,No,22.0,22.4,4.5,Medium
CUST01723,15,73,4,6,3,2,Yes,Yes,54.7,43.1,4.3,Low
CUST01724,8,44,2,7,3,0,Yes,Yes,34.8,38.1,4.3,Low
CUST01725,6,19,1,2,1,0,Yes,Yes,49.3,32.1,3.9,Low
CUST01726,2,6,0,0,0,0,No,Yes,6.9,9.3,3.8,Medium
CUST01727,21,69,5,10,5,3,Yes,No,13.2,32.9,3.4,Low
CUST01728,15,101,5,10,4,3,No,No,28.4,11.8,4.6,Low
CUST01729,35,120,6,11,6,5,Yes,No,33.7,31.7,4.5,Low
CUST01730,11,39,2,6,2,1,No,Yes,34.0,44.4,3.6,Low
CUST01731,13,42,2,5,2,1,No,Yes,41.6,34.4,3.5,Low
CUST01732,32,209,9,32,16,7,Yes,No,9.6,30.5,4.9,Low
CUST01733,5,28,1,4,2,0,Yes,Yes,40.4,44.7,4.2,Medium
CUST01734,16,50,2,7,3,0,No,No,24.7,24.3,4.4,Medium
CUST01735,4,25,0,4,2,0,No,Yes,16.5,28.0,4.1,Medium
CUST01736,32,162,14,16,11,2,Yes,Yes,27.4,7.2,4.2,Low
CUST01737,35,181,15,31,20,2,Yes,Yes,41.6,42.9,4.2,Low
CUST01738,6,24,1,2,1,0,No,No,53.6,38.4,3.3,Low
CUST01739,7,38,3,3,1,0,No,Yes,43.8,19.4,3.4,Medium
CUST01740,1,5,0,0,0,0,Yes,Yes,31.2,32.8,3.3,Medium
CUST01741,5,16,1,2,1,0,No,Yes,37.8,20.5,3.8,Medium
CUST01742,24,162,13,22,15,3,Yes,No,14.6,19.3,4.4,Low
CUST01743,13,50,1,4,2,2,No,Yes,39.0,37.4,3.7,Low
CUST01744,2,7,0,1,0,0,No,Yes,5.0,45.0,3.2,Medium
CUST01745,37,145,11,12,6,4,No,No,16.8,12.0,4.4,Low
CUST01746,16,58,3,5,3,2,Yes,Yes,5.2,20.4,3.9,Low
CUST01747,5,19,1,2,1,0,Yes,Yes,32.1,31.8,3.8,Low
CUST01748,26,129,6,20,10,5,Yes,No,20.8,23.4,4.4,Low
CUST01749,20,113,6,17,7,1,No,No,45.1,37.0,3.2,Low
CUST01750,12,49,3,4,2,0,No,No,44.9,15.8,3.9,Low
CUST01751,35,205,10,19,10,4,Yes,No,35.7,40.3,4.4,Low
CUST01752,4,19,0,1,0,0,Yes,No,32.8,14.5,4.0,Medium
CUST01753,7,21,0,2,1,0,No,No,6.9,39.0,4.0,Medium
CUST01754,10,50,3,8,4,2,No,Yes,25.9,36.1,3.9,Low
CUST01755,7,35,2,4,2,0,No,No,30.1,8.2,4.2,Medium
CUST01756,5,34,1,5,2,0,No,No,32.6,33.9,4.4,Medium
CUST01757,33,102,6,16,9,2,No,No,35.6,26.7,4.1,Low
CUST01758,2,9,0,1,0,0,No,No,36.0,30.9,4.1,Medium
CUST01759,10,44,1,4,2,2,No,Yes,7.4,25.9,3.7,Low
CUST01760,5,23,1,3,1,0,Yes,Yes,18.0,16.3,3.2,Medium
CUST01761,5,24,1,2,1,0,Yes,Yes,30.4,20.2,4.4,Medium
CUST01762,9,44,3,5,3,0,No,Yes,29.7,40.8,4.1,Medium
CUST01763,52,177,9,23,11,6,No,No,45.1,7.2,4.4,Low
CUST01764,0,0,0,0,0,0,Yes,No,19.0,19.6,4.3,High
CUST01765,7,37,2,5,3,0,No,Yes,51.0,10.8,4.3,Medium
CUST01766,37,208,10,20,8,6,Yes,Yes,34.2,27.3,4.4,Low
CUST01767,26,176,8,14,7,5,Yes,Yes,10.6,23.1,4.2,Low
CUST01768,13,88,6,10,6,2,Yes,Yes,23.2,8.1,3.9,Low
CUST01769,15,53,3,6,4,1,No,Yes,36.3,25.2,3.3,Medium
CUST01770,18,118,8,12,4,3,No,No,50.2,8.7,2.9,Low
CUST01771,26,155,9,16,10,7,Yes,No,9.6,16.5,4.6,Low
CUST01772,30,189,10,32,18,3,Yes,Yes,11.3,21.7,3.8,Low
CUST01773,13,39,2,6,3,2,Yes,Yes,5.7,41.4,4.2,Medium
CUST01774,3,13,0,1,0,0,No,Yes,29.1,37.5,3.6,High
CUST01775,13,68,3,11,6,0,Yes,Yes,24.5,18.7,3.8,Medium
CUST01776,21,135,6,12,5,6,Yes,Yes,44.6,9.1,4.3,Low
CUST01777,7,34,2,5,2,0,Yes,No,17.7,19.3,4.1,Medium
CUST01778,7,37,2,4,2,0,Yes,Yes,14.2,21.0,4.3,Medium
CUST01779,4,23,0,2,0,0,No,Yes,14.7,35.9,3.6,Medium
CUST01780,6,21,1,2,1,1,No,Yes,38.9,19.6,4.4,Medium
CUST01781,16,55,3,4,2,1,No,Yes,36.1,28.4,4.1,Medium
CUST01782,7,45,3,7,2,0,Yes,No,42.6,27.1,3.9,Medium
CUST01783,0,0,0,0,0,0,Yes,Yes,12.9,7.9,3.7,High
CUST01784,11,35,2,4,1,1,Yes,Yes,46.5,8.4,3.6,Low
CUST01785,26,166,10,19,9,2,No,No,32.5,39.1,4.0,Low
CUST01786,5,31,2,4,2,2,Yes,Yes,24.3,20.0,4.1,Low
CUST01787,30,98,3,11,5,5,Yes,Yes,42.0,19.1,4.6,Low
CUST01788,0,0,0,0,0,0,Yes,Yes,23.7,42.3,3.6,High
CUST01789,2,11,0,1,0,0,No,Yes,29.5,6.3,3.3,Medium
CUST01790,9,37,3,4,2,2,Yes,No,40.4,5.6,3.8,Medium
CUST01791,7,24,0,2,1,0,No,No,26.8,37.1,3.3,Medium
CUST01792,7,26,2,4,1,0,No,No,26.5,24.1,4.0,Medium
CUST01793,2,12,0,1,0,0,No,Yes,17.2,19.5,3.6,High
CUST01794,1,6,0,0,0,0,No,Yes,6.0,9.7,4.2,Medium
CUST01795,25,152,10,26,16,2,No,No,19.1,19.2,2.6,Low
CUST01796,7,27,1,4,2,2,No,No,39.6,36.8,4.3,Medium
CUST01797,9,62,2,9,5,0,No,No,44.2,39.1,3.7,Low
CUST01798,16,50,2,6,2,1,Yes,No,8.5,18.2,3.5,Medium
CUST01799,15,86,5,9,6,3,No,Yes,13.1,16.2,3.8,Low
CUST01800,11,48,1,6,3,2,Yes,Yes,7.5,24.2,2.3,Low
CUST01801,22,137,7,12,4,1,No,Yes,33.0,9.9,3.0,Low
CUST01802,3,12,0,1,0,0,Yes,Yes,29.6,11.1,4.1,Medium
CUST01803,23,120,10,11,5,3,No,Yes,13.2,42.3,2.9,Low
CUST01804,9,53,3,5,3,2,Yes,Yes,34.2,24.9,3.6,Low
CUST01805,7,42,2,6,2,0,No,Yes,15.8,37.0,4.4,Medium
CUST01806,48,156,6,17,8,4,No,Yes,19.5,19.4,4.7,Low
CUST01807,18,114,7,19,12,3,Yes,No,8.8,39.7,3.8,Low
CUST01808,25,116,7,16,8,4,Yes,No,31.3,9.0,4.3,Low
CUST01809,1,4,0,0,0,0,Yes,No,54.8,36.4,3.9,Medium
CUST01810,9,54,1,7,3,0,No,Yes,41.4,13.1,4.0,Low
CUST01811,19,94,6,11,6,1,Yes,Yes,36.1,27.1,4.0,Low
CUST01812,29,174,14,21,11,4,Yes,No,20.2,5.4,4.6,Low
CUST01813,2,9,0,1,0,0,No,Yes,7.4,10.6,3.6,High
CUST01814,5,19,1,3,1,1,Yes,Yes,34.3,30.3,3.7,Medium
CUST01815,25,156,7,15,6,2,Yes,No,15.7,26.4,3.3,Low
CUST01816,3,12,0,1,0,0,No,Yes,22.9,17.8,4.3,Medium
CUST01817,6,38,2,5,2,1,No,No,23.5,14.0,3.7,Medium
CUST01818,27,164,11,27,15,2,Yes,No,42.1,6.3,3.0,Low
CUST01819,6,38,1,6,2,0,No,Yes,22.4,32.1,4.0,Medium
CUST01820,32,142,8,15,6,5,No,Yes,43.0,21.2,4.0,Low
CUST01821,4,21,1,2,1,0,No,Yes,30.1,25.2,3.7,High
CUST01822,30,143,11,21,13,2,Yes,Yes,17.1,23.7,4.0,Low
CUST01823,7,41,2,3,1,1,Yes,Yes,40.3,5.9,3.9,Medium
CUST01824,12,58,2,7,3,0,Yes,Yes,7.8,19.8,4.0,Low
CUST01825,22,66,5,10,5,3,No,Yes,23.3,38.4,4.1,Low
CUST01826,28,120,6,16,9,3,Yes,Yes,37.3,10.1,4.3,Low
CUST01827,19,103,3,17,9,4,No,No,20.9,5.1,4.3,Low
CUST01828,28,142,7,24,9,3,No,Yes,49.0,25.9,3.3,Low
CUST01829,2,10,0,1,0,0,Yes,No,34.4,20.8,3.9,High
CUST01830,31,186,14,19,9,5,Yes,No,32.9,42.8,4.2,Low
CUST01831,32,173,15,27,17,4,No,No,24.5,39.3,4.6,Low
CUST01832,23,148,7,19,12,5,Yes,Yes,6.7,42.9,4.1,Low
CUST01833,14,61,4,8,3,2,No,Yes,55.0,14.1,2.4,Low
CUST01834,29,111,7,13,6,6,Yes,No,13.0,35.4,4.9,Low
CUST01835,59,218,12,34,14,6,No,No,27.4,25.0,4.5,Low
CUST01836,12,77,3,8,5,2,Yes,Yes,19.7,32.3,3.9,Medium
CUST01837,2,12,0,1,0,0,Yes,Yes,33.9,7.9,4.2,Medium
CUST01838,1,5,0,0,0,0,No,Yes,11.1,7.2,3.7,Low
CUST01839,17,111,5,17,7,0,Yes,Yes,12.8,10.7,3.8,Medium
CUST01840,12,81,6,6,3,1,No,Yes,9.4,14.9,3.4,Low
CUST01841,7,41,2,7,4,0,Yes,No,51.0,28.0,4.5,Medium
CUST01842,16,49,2,4,2,0,No,No,9.2,23.4,3.8,Low
CUST01843,3,12,0,1,0,0,Yes,Yes,49.4,15.1,3.9,High
CUST01844,1,6,0,1,0,0,No,No,47.3,32.2,3.5,Medium
CUST01845,0,0,0,0,0,0,Yes,No,50.3,41.5,4.2,High
CUST01846,36,148,4,14,8,4,Yes,No,9.6,28.0,4.9,Low
CUST01847,38,230,14,36,17,5,Yes,No,53.1,18.6,4.3,Low
CUST01848,5,18,1,2,1,1,Yes,No,17.0,36.2,3.5,Low
CUST01849,28,124,8,14,6,5,Yes,Yes,31.6,44.9,4.3,Low
CUST01850,5,22,1,3,1,0,Yes,No,53.6,29.1,3.9,Medium
CUST01851,4,15,0,1,0,0,No,No,30.1,42.7,3.2,Medium
CUST01852,16,103,9,9,4,2,Yes,Yes,24.7,19.0,4.1,Low
CUST01853,2,11,0,1,0,0,Yes,Yes,28.7,39.2,3.1,Medium
CUST01854,5,19,0,1,0,1,Yes,Yes,35.1,10.6,4.1,Low
CUST01855,5,22,0,1,0,0,Yes,Yes,34.7,22.7,3.1,Medium
CUST01856,14,48,2,4,2,0,Yes,No,49.0,12.0,3.7,Low
CUST01857,26,92,3,9,6,2,No,No,18.4,36.0,2.2,Low
CUST01858,16,72,2,6,3,0,Yes,Yes,8.7,8.6,3.7,Medium
CUST01859,4,13,0,1,0,0,Yes,Yes,47.0,42.1,4.0,Medium
CUST01860,4,24,0,2,0,0,Yes,No,15.0,30.1,4.3,Medium
CUST01861,31,147,11,24,15,5,No,Yes,9.3,38.6,4.1,Low
CUST01862,23,78,4,7,2,3,No,No,31.2,8.3,2.6,Medium
CUST01863,19,91,6,14,7,2,Yes,No,21.1,20.0,3.8,Medium
CUST01864,12,59,2,7,4,2,No,No,52.0,32.1,4.0,Medium
CUST01865,22,99,4,16,8,5,Yes,Yes,49.0,12.7,4.0,Low
CUST01866,9,32,1,5,2,2,Yes,Yes,52.1,28.4,3.5,Medium
CUST01867,5,28,2,2,1,2,Yes,Yes,17.9,18.1,3.6,Medium
CUST01868,12,62,2,6,3,2,Yes,No,28.8,24.0,3.8,Medium
CUST01869,1,5,0,0,0,0,No,Yes,40.1,31.0,3.7,Medium
CUST01870,13,52,3,8,4,2,No,Yes,22.0,35.5,4.0,Medium
CUST01871,10,48,2,7,4,1,No,Yes,5.2,20.5,3.6,Low
CUST01872,18,65,5,11,6,1,No,No,39.8,41.4,3.5,Medium
CUST01873,23,77,3,7,3,1,Yes,Yes,7.2,17.1,3.0,Low
CUST01874,24,83,4,10,5,3,Yes,No,26.7,18.6,4.5,Low
CUST01875,15,62,3,5,3,2,No,No,7.4,9.0,3.7,Medium
CUST01876,22,120,4,9,3,2,Yes,No,32.8,43.6,2.6,Medium
CUST01877,33,210,17,32,15,4,No,Yes,35.4,29.8,4.4,Low
CUST01878,31,185,7,31,16,5,Yes,No,53.4,29.1,5.0,Low
CUST01879,4,15,0,1,0,0,Yes,Yes,35.1,7.6,4.4,Low
CUST01880,14,75,3,13,7,2,No,Yes,45.1,32.2,4.1,Low
CUST01881,4,12,1,1,0,0,Yes,No,34.0,11.1,4.4,High
CUST01882,0,0,0,0,0,0,Yes,No,7.4,40.2,4.4,High
CUST01883,8,43,3,7,2,1,No,No,42.2,42.0,3.7,Medium
CUST01884,16,58,2,8,3,2,No,No,26.9,11.8,4.0,Medium
CUST01885,19,93,6,16,9,2,Yes,No,23.3,8.5,3.8,Medium
CUST01886,18,57,4,9,5,1,No,No,49.1,17.0,4.1,Low
CUST01887,1,3,0,0,0,0,No,No,33.2,34.2,4.5,High
CUST01888,15,97,7,9,6,0,Yes,Yes,11.0,26.2,3.7,Low
CUST01889,10,63,3,9,4,2,No,Yes,5.0,22.6,2.3,Low
CUST01890,2,11,0,1,0,0,Yes,Yes,43.7,21.2,4.4,Low
CUST01891,1,5,0,0,0,0,Yes,Yes,21.8,40.5,4.3,Medium
CUST01892,23,131,7,16,7,2,Yes,Yes,26.6,37.6,2.6,Medium
CUST01893,5,20,0,2,1,0,Yes,Yes,33.3,31.7,3.9,Medium
CUST01894,24,116,6,13,5,3,Yes,No,11.9,11.5,2.2,Low
CUST01895,7,48,3,8,5,0,Yes,Yes,39.5,35.0,3.7,Low
CUST01896,6,23,1,3,1,0,No,Yes,8.0,17.0,3.7,Medium
CUST01897,10,52,4,4,2,1,Yes,Yes,6.4,16.9,4.1,Low
CUST01898,26,111,4,15,6,1,Yes,Yes,33.6,8.7,3.4,Low
CUST01899,16,51,3,8,4,2,No,Yes,51.5,41.0,3.9,Medium
CUST01900,10,46,1,4,2,2,Yes,No,29.0,44.0,3.6,Low
CUST01901,2,11,0,1,0,0,Yes,Yes,31.2,43.1,4.3,Low
CUST01902,29,197,17,15,8,3,Yes,Yes,27.2,19.0,4.5,Low
CUST01903,6,32,1,3,1,0,Yes,Yes,20.4,23.2,4.5,Medium
CUST01904,25,84,3,11,7,1,Yes,No,17.1,39.4,2.5,Low
CUST01905,7,44,1,4,2,2,Yes,No,12.6,26.8,3.9,Low
CUST01906,7,36,1,5,3,0,No,No,36.7,26.3,3.2,Medium
CUST01907,28,190,16,17,7,2,No,No,23.0,39.1,4.6,Low
CUST01908,9,50,2,6,4,1,No,Yes,46.6,15.6,4.2,Medium
CUST01909,25,144,10,18,9,5,No,Yes,14.5,38.9,4.0,Low
CUST01910,27,121,7,17,11,2,Yes,No,27.4,23.0,3.0,Medium
CUST01911,7,45,3,4,2,1,No,Yes,22.2,15.8,3.7,Low
CUST01912,3,16,1,1,0,0,Yes,No,26.9,44.1,4.2,Medium
CUST01913,21,110,7,15,8,2,No,Yes,14.6,17.3,4.4,Low
CUST01914,4,15,1,1,0,0,No,No,22.8,24.5,4.2,Medium
CUST01915,7,26,1,2,1,2,No,No,26.1,33.4,3.8,Medium
CUST01916,16,97,4,9,4,3,No,Yes,32.3,10.6,3.3,Medium
CUST01917,18,103,3,11,5,2,Yes,No,41.3,28.9,4.2,Medium
CUST01918,0,0,0,0,0,0,Yes,Yes,26.5,32.9,3.9,High
CUST01919,12,65,2,5,2,2,Yes,Yes,14.4,27.8,3.7,Low
CUST01920,13,49,1,4,2,2,Yes,No,37.8,40.6,2.4,Low
CUST01921,15,84,5,8,5,0,Yes,Yes,13.4,26.4,3.5,Medium
CUST01922,18,108,7,16,8,2,Yes,No,17.4,22.9,4.1,Low
CUST01923,16,94,3,8,4,1,Yes,Yes,36.7,14.4,3.7,Low
CUST01924,17,113,9,16,8,2,Yes,No,40.4,22.9,3.9,Medium
CUST01925,7,31,0,3,1,0,Yes,No,39.2,6.8,4.3,Low
CUST01926,7,31,1,3,1,1,Yes,Yes,14.0,11.4,4.3,Low
CUST01927,36,224,16,18,8,4,No,Yes,49.3,19.0,4.4,Low
CUST01928,17,98,3,13,5,2,Yes,No,11.2,14.8,4.4,Low
CUST01929,2,10,0,0,0,0,Yes,Yes,43.8,5.9,4.1,Low
CUST01930,5,25,1,2,1,0,No,No,42.7,5.6,4.0,Medium
CUST01931,33,226,15,24,9,3,No,Yes,53.2,33.7,4.4,Low
CUST01932,7,30,1,3,1,0,No,Yes,10.9,42.2,4.1,Medium
CUST01933,8,47,1,5,2,0,No,No,29.7,7.6,3.5,Medium
CUST01934,47,223,12,27,12,5,No,No,51.3,17.8,4.9,Low
CUST01935,1,4,0,0,0,0,Yes,No,52.1,25.2,4.1,Medium
CUST01936,7,30,2,2,1,0,Yes,Yes,48.8,26.3,4.0,Medium
CUST01937,0,0,0,0,0,0,No,No,10.2,36.3,4.4,Medium
CUST01938,26,176,9,28,18,1,Yes,No,27.3,44.6,2.4,Low
CUST01939,6,37,1,3,1,2,Yes,No,17.1,22.1,4.0,Low
CUST01940,2,12,0,1,0,0,No,Yes,52.8,9.2,4.5,Medium
CUST01941,1,4,0,0,0,0,Yes,Yes,12.3,16.8,3.7,High
CUST01942,5,18,1,3,1,0,No,Yes,41.6,20.8,3.7,Medium
CUST01943,2,13,0,2,1,0,No,Yes,5.0,30.6,3.0,Medium
CUST01944,3,19,1,2,0,0,Yes,Yes,41.4,10.9,3.0,Medium
CUST01945,17,101,6,15,6,0,Yes,Yes,30.7,13.2,3.8,Low
CUST01946,1,6,0,0,0,0,No,No,8.9,15.3,3.7,High
CUST01947,4,14,1,1,0,0,No,Yes,50.4,18.0,3.4,Medium
CUST01948,1,6,0,0,0,0,No,Yes,41.7,20.4,4.0,Medium
CUST01949,19,59,3,6,2,1,No,No,42.7,17.0,3.4,Medium
CUST01950,2,7,0,0,0,0,Yes,Yes,10.5,39.6,4.3,Medium
CUST01951,28,143,11,21,9,2,Yes,No,14.4,30.0,4.2,Low
CUST01952,2,10,0,1,0,0,No,Yes,21.1,13.9,3.7,Medium
CUST01953,12,59,4,10,6,1,Yes,No,33.1,23.5,4.2,Low
CUST01954,28,90,5,11,6,3,Yes,Yes,29.3,34.6,3.3,Low
CUST01955,26,95,4,12,5,3,Yes,Yes,46.4,23.5,4.3,Low
CUST01956,3,16,0,1,0,0,No,Yes,11.1,34.8,4.2,Medium
CUST01957,14,46,3,7,4,0,No,No,25.0,39.5,4.4,Medium
CUST01958,8,37,3,3,1,2,Yes,Yes,48.7,41.1,3.4,Medium
CUST01959,27,90,7,15,8,3,Yes,Yes,24.8,41.8,3.0,Low
CUST01960,3,11,0,1,0,0,Yes,Yes,45.8,13.4,3.8,Medium
CUST01961,26,179,13,28,13,4,Yes,No,33.5,38.0,4.2,Low
CUST01962,1,6,0,0,0,0,No,Yes,19.5,35.1,3.1,Medium
CUST01963,16,98,5,12,6,0,No,Yes,44.8,20.7,4.4,Low
CUST01964,7,38,1,3,1,1,Yes,Yes,34.2,32.0,3.8,Low
CUST01965,7,47,1,7,4,0,No,No,47.5,40.1,3.4,Medium
CUST01966,29,115,3,13,6,5,Yes,No,7.1,12.4,4.3,Low
CUST01967,5,33,1,5,3,1,No,No,29.4,42.7,3.8,Medium
CUST01968,37,116,6,17,7,2,Yes,No,46.1,41.6,4.4,Low
CUST01969,33,192,6,30,14,7,Yes,Yes,36.0,33.4,4.4,Low
CUST01970,17,79,6,11,6,1,No,No,37.3,35.4,4.3,Medium
CUST01971,4,17,0,2,1,0,Yes,No,19.5,19.8,3.4,Medium
CUST01972,2,8,0,1,0,0,No,No,51.8,32.1,3.7,Medium
CUST01973,16,102,8,9,3,0,No,Yes,13.6,21.0,4.0,Low
CUST01974,2,6,0,0,0,0,No,No,51.6,17.0,4.3,Medium
CUST01975,3,10,0,1,0,0,Yes,Yes,28.3,29.5,4.5,Medium
CUST01976,16,50,4,4,2,1,Yes,No,18.2,28.1,2.5,Low
CUST01977,2,11,0,1,0,0,No,Yes,7.9,39.0,4.3,Medium
CUST01978,26,177,11,28,12,4,Yes,No,41.5,22.4,4.3,Low
CUST01979,6,20,1,3,1,0,No,Yes,7.1,8.6,4.3,Medium
CUST01980,1,3,0,0,0,0,Yes,No,30.6,43.7,4.3,Medium
CUST01981,17,83,3,14,9,3,No,No,32.2,12.3,3.9,Low
CUST01982,3,19,0,1,0,0,Yes,Yes,44.1,21.8,3.8,Medium
CUST01983,9,50,2,6,2,0,Yes,Yes,11.3,22.3,3.9,Medium
CUST01984,18,124,6,13,6,2,Yes,No,16.0,25.7,3.6,Medium
CUST01985,5,25,1,2,1,2,Yes,No,25.6,10.2,4.1,Medium
CUST01986,2,9,0,0,0,0,No,Yes,32.1,39.0,3.7,Medium
CUST01987,18,89,2,12,5,2,Yes,No,14.3,17.5,4.0,Medium
CUST01988,21,132,9,14,8,1,No,Yes,34.3,5.5,3.0,Low
CUST01989,23,133,7,19,7,2,Yes,No,34.3,44.3,2.4,Low
CUST01990,53,182,9,17,7,6,No,No,9.9,11.1,4.7,Low
CUST01991,15,61,2,6,3,5,No,No,17.7,26.0,3.9,Low
CUST01992,7,44,2,4,1,0,Yes,No,39.3,24.4,3.4,Medium
CUST01993,2,12,0,2,0,0,Yes,No,14.5,7.1,3.6,Medium
CUST01994,20,82,5,6,2,2,Yes,Yes,27.3,18.3,2.3,Low
CUST01995,16,65,5,11,5,3,No,Yes,53.5,33.5,3.1,Low
CUST01996,21,144,9,14,7,3,No,No,53.0,12.9,2.8,Medium
CUST01997,23,114,6,10,4,3,No,Yes,11.4,17.9,2.9,Low
CUST01998,5,15,0,1,0,0,No,No,6.4,44.4,3.7,Medium
CUST01999,21,91,6,15,9,3,No,No,16.8,32.8,4.9,Low
CUST02000,11,57,4,6,2,1,Yes,Yes,7.4,14.4,4.2,Low
CUST02001,24,113,7,16,7,1,No,No,46.3,9.8,2.9,Low
CUST02002,2,8,0,1,0,0,Yes,Yes,16.8,16.2,4.3,Medium
CUST02003,50,227,18,35,18,7,Yes,No,40.1,12.4,4.8,Low
CUST02004,5,22,0,3,1,0,Yes,No,28.0,29.9,3.7,Medium
CUST02005,28,143,5,20,8,1,No,No,24.5,18.2,2.6,Low
CUST02006,4,27,1,4,2,0,No,Yes,15.2,43.9,3.8,Medium
CUST02007,6,33,1,3,1,2,Yes,Yes,13.0,31.8,4.4,Low
CUST02008,7,48,1,8,4,0,No,No,20.0,14.3,3.4,Medium
CUST02009,48,182,14,22,11,6,No,No,49.6,36.1,4.9,Low
CUST02010,29,157,12,14,7,6,Yes,Yes,39.9,6.0,4.3,Low
CUST02011,13,44,2,7,4,1,Yes,Yes,40.1,6.3,3.8,Medium
CUST02012,7,45,3,6,2,2,Yes,Yes,37.4,7.1,3.6,Medium
CUST02013,8,28,0,4,2,2,No,No,43.0,7.4,4.3,Medium
CUST02014,49,236,21,27,15,5,No,No,36.7,5.8,4.6,Low
CUST02015,5,20,1,2,1,0,Yes,No,39.2,33.6,3.5,Medium
CUST02016,14,94,7,7,4,1,No,No,22.8,27.4,3.9,Medium
CUST02017,4,17,0,2,0,0,No,No,25.4,11.8,4.1,Medium
CUST02018,2,10,0,0,0,0,Yes,Yes,28.3,16.3,4.5,Medium
CUST02019,3,12,1,1,0,0,No,Yes,22.6,21.0,4.0,Medium
CUST02020,7,38,1,3,1,1,Yes,No,40.8,28.7,3.7,Medium
CUST02021,37,179,5,17,10,4,Yes,Yes,26.5,38.8,4.5,Low
CUST02022,15,67,3,8,4,0,Yes,No,22.9,38.5,3.5,Medium
CUST02023,1,6,0,1,0,0,Yes,No,51.0,17.5,3.6,High
CUST02024,32,174,13,30,18,5,Yes,Yes,27.6,11.5,4.1,Low
CUST02025,57,346,13,33,17,3,Yes,No,35.7,40.9,4.6,Low
CUST02026,2,7,0,1,0,0,No,No,22.2,12.9,3.9,Medium
CUST02027,13,86,3,11,6,3,No,No,39.8,39.2,2.7,Low
CUST02028,8,32,2,3,1,0,Yes,Yes,17.5,42.1,3.7,Low
CUST02029,17,55,4,7,3,5,Yes,No,7.6,39.7,4.4,Low
CUST02030,0,0,0,0,0,0,Yes,Yes,38.8,14.3,4.4,High
CUST02031,3,17,1,2,0,0,No,No,34.3,23.2,3.8,Medium
CUST02032,1,5,0,0,0,0,Yes,No,21.5,37.2,4.2,Medium
CUST02033,7,23,0,3,1,0,No,Yes,54.0,41.0,4.0,Medium
CUST02034,1,3,0,0,0,0,Yes,Yes,11.9,32.1,3.6,Medium
CUST02035,13,41,3,3,1,2,Yes,Yes,21.8,20.2,3.9,Low
CUST02036,57,222,10,20,12,6,Yes,No,42.3,27.4,4.2,Low
CUST02037,26,157,8,24,14,2,No,Yes,38.1,34.9,4.2,Low
CUST02038,16,100,6,17,8,2,No,No,13.8,33.7,3.9,Low
CUST02039,3,13,1,1,0,0,Yes,No,52.7,18.6,3.8,Medium
CUST02040,33,173,5,18,12,4,No,No,24.7,35.8,4.4,Low
CUST02041,11,48,2,7,3,2,No,No,52.8,10.9,3.6,Medium
CUST02042,12,57,2,5,2,2,No,No,8.2,5.9,3.8,Medium
CUST02043,13,86,7,11,5,2,Yes,No,8.1,34.0,2.5,Low
CUST02044,2,7,0,0,0,0,Yes,Yes,50.7,16.3,4.5,High
CUST02045,39,268,19,44,24,3,Yes,No,9.6,11.5,4.0,Low
CUST02046,3,17,0,2,1,0,No,Yes,28.3,28.9,3.8,Medium
CUST02047,46,232,17,35,18,5,Yes,Yes,28.5,38.8,4.9,Low
CUST02048,1,4,0,0,0,0,No,Yes,25.7,26.9,4.4,High
CUST02049,7,23,2,1,0,0,Yes,No,24.3,29.7,3.8,Medium
CUST02050,12,65,4,10,6,2,Yes,Yes,42.8,22.5,4.0,Low
CUST02051,12,52,2,8,5,0,Yes,No,48.4,30.4,3.6,Medium
CUST02052,34,166,11,28,11,2,Yes,No,13.4,22.2,4.4,Low
CUST02053,3,9,0,0,0,0,Yes,Yes,21.4,15.5,4.1,Medium
CUST02054,18,94,3,12,5,2,No,Yes,49.7,20.4,4.1,Low
CUST02055,27,134,9,17,8,5,Yes,No,15.4,15.9,4.8,Low
CUST02056,20,60,3,7,3,7,Yes,Yes,23.5,11.0,4.7,Low
CUST02057,1,4,0,0,0,0,Yes,Yes,30.4,13.7,3.4,Medium
CUST02058,34,174,14,29,14,2,No,No,45.3,11.1,4.2,Low
CUST02059,6,36,2,6,3,1,Yes,Yes,37.8,8.6,4.0,Medium
CUST02060,9,43,2,5,2,0,No,No,13.4,24.4,3.8,Medium
CUST02061,7,28,1,4,2,1,No,No,27.5,5.1,3.8,Medium
CUST02062,12,36,2,4,2,0,Yes,No,7.2,31.6,4.2,Low
CUST02063,18,103,3,9,5,0,Yes,Yes,17.8,35.8,4.3,Low
CUST02064,48,177,8,25,11,4,Yes,No,18.9,33.0,4.8,Low
CUST02065,7,32,1,3,1,0,Yes,No,43.6,17.0,3.6,Medium
CUST02066,4,18,1,1,0,0,Yes,Yes,38.7,10.9,3.9,Medium
CUST02067,16,69,3,7,3,2,Yes,Yes,15.0,30.4,3.8,Medium
CUST02068,4,18,0,3,1,0,Yes,Yes,31.3,16.4,4.2,Medium
CUST02069,22,105,9,15,6,3,No,No,12.1,16.5,3.9,Low
CUST02070,42,236,11,20,13,4,Yes,Yes,53.6,28.3,4.4,Low
CUST02071,27,129,8,13,5,5,Yes,No,30.4,44.4,4.5,Low
CUST02072,5,15,0,2,1,0,No,Yes,32.8,6.3,4.1,Medium
CUST02073,4,23,1,3,1,0,Yes,No,41.8,43.1,3.6,Medium
CUST02074,7,41,1,5,2,1,Yes,Yes,19.9,21.4,4.3,Low
CUST02075,18,120,6,13,8,2,No,Yes,51.4,17.7,2.6,Medium
CUST02076,28,111,7,11,5,2,Yes,Yes,5.1,7.7,4.3,Low
CUST02077,10,32,1,4,2,2,Yes,Yes,39.7,32.4,3.6,Low
CUST02078,6,34,2,2,0,0,Yes,Yes,31.8,29.5,3.2,Medium
CUST02079,18,68,4,10,5,1,No,No,49.1,40.8,3.4,Medium
CUST02080,22,107,4,17,11,3,Yes,Yes,43.3,41.1,2.6,Medium
CUST02081,0,0,0,0,0,0,No,Yes,33.3,25.7,4.2,High
CUST02082,33,143,11,21,9,4,Yes,Yes,51.5,31.0,4.3,Low
CUST02083,22,112,8,18,10,7,Yes,No,16.5,15.0,5.0,Low
CUST02084,14,87,5,11,7,1,No,Yes,16.5,19.9,4.3,Medium
CUST02085,25,170,10,16,9,4,Yes,No,14.2,24.3,4.3,Low
CUST02086,0,0,0,0,0,0,No,No,24.7,5.5,4.2,High
CUST02087,7,32,2,4,2,0,No,Yes,20.0,36.7,4.0,Medium
CUST02088,40,255,9,22,9,6,Yes,No,7.2,19.0,4.5,Low
CUST02089,4,15,1,2,1,0,Yes,No,25.3,38.5,4.0,Medium
CUST02090,2,6,0,0,0,0,Yes,Yes,7.8,34.6,3.1,Medium
CUST02091,20,95,6,15,7,2,Yes,Yes,48.0,14.6,3.8,Low
CUST02092,16,53,2,5,2,1,No,Yes,14.8,18.8,4.1,Low
CUST02093,36,129,7,14,7,3,No,Yes,12.2,22.6,4.0,Low
CUST02094,13,55,3,8,4,0,Yes,No,14.1,23.2,3.8,Low
CUST02095,25,157,5,18,10,3,Yes,No,34.4,8.8,2.7,Low
CUST02096,19,92,7,9,4,1,Yes,Yes,7.9,34.5,3.0,Low
CUST02097,21,85,2,13,7,4,Yes,No,13.7,32.1,4.3,Low
CUST02098,11,58,3,7,4,2,No,Yes,22.8,8.3,4.3,Low
CUST02099,37,244,8,33,19,7,Yes,Yes,53.5,9.9,4.7,Low
CUST02100,23,69,4,8,4,4,No,Yes,14.7,33.6,4.8,Low
CUST02101,15,80,6,6,2,1,No,Yes,9.1,42.3,3.7,Low
CUST02102,4,18,1,2,1,0,Yes,No,6.8,35.0,3.6,Medium
CUST02103,12,59,1,4,1,1,Yes,No,8.4,23.4,3.1,Low
CUST02104,1,5,0,0,0,0,Yes,Yes,30.2,19.4,3.8,High
CUST02105,17,106,6,10,5,2,No,Yes,54.4,24.1,4.3,Low
CUST02106,19,111,5,17,9,2,Yes,Yes,11.4,13.0,4.2,Low
CUST02107,0,0,0,0,0,0,Yes,Yes,24.3,10.4,3.7,High
CUST02108,5,21,1,3,1,1,No,Yes,44.9,6.7,3.6,Medium
CUST02109,27,86,7,9,6,3,Yes,No,48.5,5.8,4.6,Low
CUST02110,11,67,5,7,2,2,No,Yes,43.4,33.6,3.6,Medium
CUST02111,35,217,9,24,14,4,Yes,Yes,45.7,43.7,4.3,Low
CUST02112,1,3,0,0,0,0,No,Yes,14.2,38.8,4.1,High
CUST02113,17,67,2,8,5,1,Yes,Yes,53.5,44.9,3.9,Low
CUST02114,15,100,5,15,9,0,No,Yes,8.3,9.4,4.4,Medium
CUST02115,24,87,5,7,4,4,No,Yes,41.2,10.5,4.1,Low
CUST02116,24,80,5,14,5,7,Yes,No,53.5,5.5,4.9,Low
CUST02117,23,82,3,7,2,1,Yes,No,36.2,8.6,3.2,Low
CUST02118,16,58,2,9,4,1,Yes,No,36.9,10.1,3.6,Medium
CUST02119,34,172,11,17,10,5,No,No,20.9,38.2,4.2,Low
CUST02120,16,63,3,5,2,2,Yes,No,12.9,42.8,3.8,Medium
CUST02121,14,95,6,9,5,0,No,Yes,18.1,44.9,3.7,Low
CUST02122,28,183,14,28,18,1,Yes,No,48.3,22.1,3.3,Low
CUST02123,13,90,4,14,9,2,Yes,Yes,25.4,40.2,4.0,Medium
CUST02124,28,106,3,18,11,5,Yes,Yes,5.9,16.3,4.1,Low
CUST02125,18,74,6,6,2,2,Yes,No,40.6,30.1,4.1,Medium
CUST02126,3,18,1,1,0,0,Yes,Yes,38.9,25.8,4.5,Medium
CUST02127,18,73,5,12,6,2,No,Yes,32.3,15.7,3.1,Medium
CUST02128,7,28,0,3,1,2,Yes,Yes,11.6,39.6,3.8,Low
CUST02129,15,96,3,16,8,1,No,Yes,32.3,33.9,3.4,Medium
CUST02130,14,44,2,7,3,2,No,Yes,30.8,30.3,3.9,Low
CUST02131,26,79,6,11,5,2,No,No,36.2,12.5,4.6,Low
CUST02132,7,46,1,5,3,0,Yes,Yes,6.8,21.8,3.3,Medium
CUST02133,11,57,2,6,3,2,No,No,38.5,43.7,3.6,Low
CUST02134,37,175,13,21,14,2,No,No,16.7,40.7,4.6,Low
CUST02135,11,43,2,7,4,1,Yes,No,20.9,27.6,2.4,Low
CUST02136,4,14,0,2,0,0,No,Yes,22.1,28.2,4.2,Medium
CUST02137,1,5,0,0,0,0,Yes,Yes,49.2,7.8,4.0,Medium
CUST02138,2,6,0,0,0,0,Yes,Yes,12.0,35.0,3.8,Medium
CUST02139,10,36,2,2,1,3,No,No,44.8,5.3,2.4,Low
CUST02140,1,4,0,0,0,0,Yes,No,11.9,12.1,3.9,High
CUST02141,0,0,0,0,0,0,No,Yes,13.3,7.4,4.2,Medium
CUST02142,28,112,9,12,6,3,No,No,30.4,24.6,3.3,Low
CUST02143,2,13,0,2,1,0,Yes,Yes,25.6,16.1,3.5,Medium
CUST02144,11,67,3,9,4,0,No,Yes,31.4,42.4,4.4,Medium
CUST02145,39,204,12,31,15,4,Yes,Yes,23.4,17.6,4.1,Low
CUST02146,10,53,1,5,2,2,Yes,No,29.7,24.9,4.2,Medium
CUST02147,2,8,0,1,0,0,Yes,Yes,8.5,18.0,4.0,High
CUST02148,1,5,0,0,0,0,Yes,Yes,24.7,34.7,3.6,Medium
CUST02149,6,34,1,4,2,1,No,No,37.7,36.4,3.8,Medium
CUST02150,4,24,1,2,1,0,No,Yes,5.2,25.2,3.6,High
CUST02151,15,69,2,10,5,2,No,No,46.5,6.4,2.7,Low
CUST02152,39,234,18,28,16,4,No,No,28.3,39.2,4.4,Low
CUST02153,4,20,1,2,0,0,Yes,Yes,26.7,44.5,4.3,Medium
CUST02154,3,9,0,1,0,0,No,Yes,5.4,9.5,3.9,High
CUST02155,17,83,5,9,5,0,Yes,No,30.1,17.2,4.3,Low
CUST02156,34,203,15,24,9,4,No,Yes,21.3,37.7,4.5,Low
CUST02157,18,74,4,10,6,1,Yes,Yes,21.6,29.9,3.8,Low
CUST02158,1,4,0,0,0,0,Yes,No,21.7,19.3,4.4,Medium
CUST02159,16,100,5,14,7,2,Yes,No,32.2,32.9,2.3,Low
CUST02160,1,4,0,0,0,0,No,No,20.7,38.8,3.9,Medium
CUST02161,7,46,2,7,3,0,No,No,34.0,7.3,3.1,Medium
CUST02162,18,71,3,7,4,0,No,No,44.8,21.7,4.3,Low
CUST02163,16,93,3,15,7,2,Yes,No,28.2,25.8,4.0,Medium
CUST02164,4,21,1,3,1,0,No,Yes,46.8,13.1,3.2,Medium
CUST02165,0,0,0,0,0,0,Yes,Yes,23.7,6.2,4.3,Medium
CUST02166,19,105,3,12,5,1,No,Yes,33.3,10.6,2.8,Low
CUST02167,16,55,2,6,3,2,Yes,No,50.9,25.7,3.9,Medium
CUST02168,2,8,0,0,0,0,Yes,No,5.6,44.6,4.4,Medium
CUST02169,30,114,7,10,5,3,No,Yes,10.5,8.5,4.5,Low
CUST02170,4,18,0,1,0,0,Yes,Yes,28.1,36.4,3.4,Medium
CUST02171,16,57,2,6,4,2,Yes,No,28.9,30.0,2.5,Low
CUST02172,16,74,6,12,5,0,No,Yes,33.5,29.6,3.4,Medium
CUST02173,27,100,5,16,7,2,Yes,No,10.3,10.4,4.4,Low
CUST02174,3,18,0,1,0,0,Yes,No,7.8,32.2,3.7,Low
CUST02175,11,64,4,10,4,1,Yes,No,41.5,34.2,3.7,Low
CUST02176,1,3,0,0,0,0,Yes,No,9.1,9.6,3.9,Medium
CUST02177,16,98,4,14,9,0,No,No,24.9,35.9,4.1,Low
CUST02178,33,106,8,15,7,5,Yes,Yes,17.7,12.6,4.3,Low
CUST02179,6,20,1,3,1,1,No,Yes,18.9,39.4,3.4,Low
CUST02180,35,192,11,19,11,6,Yes,No,53.1,44.1,4.8,Low
CUST02181,31,116,3,15,6,4,No,No,14.1,26.5,4.2,Low
CUST02182,20,85,5,12,7,5,Yes,No,49.9,29.1,4.2,Low
CUST02183,1,5,0,0,0,0,Yes,Yes,42.9,28.7,3.5,Medium
CUST02184,11,62,2,9,3,1,Yes,Yes,46.6,24.4,4.1,Medium
CUST02185,4,14,0,1,0,0,Yes,No,17.4,23.2,4.5,Medium
CUST02186,0,0,0,0,0,0,Yes,No,14.8,29.6,3.6,Medium
CUST02187,2,10,0,1,0,0,No,Yes,25.3,38.0,3.4,Medium
CUST02188,20,125,8,14,7,4,Yes,Yes,8.6,26.7,4.1,Low
CUST02189,13,61,3,7,4,2,No,Yes,28.1,10.1,4.1,Medium
CUST02190,24,78,6,13,5,2,Yes,No,17.1,9.8,4.7,Low
CUST02191,31,154,5,19,7,5,Yes,No,41.2,31.9,4.4,Low
CUST02192,6,19,0,3,1,0,Yes,Yes,42.6,7.2,3.9,Medium
CUST02193,38,153,5,16,6,2,Yes,No,17.9,29.8,4.4,Low
CUST02194,4,18,1,2,0,0,Yes,Yes,25.6,23.3,3.5,Medium
CUST02195,15,53,2,4,2,2,No,No,25.8,21.8,3.6,Medium
CUST02196,35,112,4,10,6,5,Yes,No,42.3,9.1,4.3,Low
CUST02197,7,45,3,4,2,0,Yes,Yes,26.5,36.0,3.1,Medium
CUST02198,6,27,1,4,1,0,No,Yes,27.7,6.7,3.8,Low
CUST02199,3,15,0,2,1,0,Yes,Yes,5.0,18.4,3.2,Medium
CUST02200,29,190,11,20,8,2,Yes,Yes,21.2,14.6,2.9,Medium
CUST02201,12,71,3,10,5,0,Yes,Yes,45.3,27.8,4.2,Low
CUST02202,7,30,1,2,1,2,Yes,No,9.6,27.4,3.6,Low
CUST02203,8,34,2,4,2,2,Yes,Yes,21.6,26.0,3.8,Medium
CUST02204,23,142,5,20,12,3,Yes,Yes,48.4,12.6,4.9,Low
CUST02205,5,33,2,2,0,1,Yes,No,47.5,27.8,3.5,Low
CUST02206,19,68,5,9,4,1,No,Yes,30.5,44.0,3.5,Medium
CUST02207,16,104,4,10,6,1,Yes,No,14.1,33.6,3.8,Medium
CUST02208,16,82,7,8,3,2,Yes,No,45.8,29.5,4.2,Low
CUST02209,19,71,3,10,4,2,Yes,No,45.7,10.3,3.8,Medium
CUST02210,17,117,10,13,6,1,Yes,Yes,49.9,24.5,4.1,Medium
CUST02211,4,15,0,2,1,0,Yes,No,19.0,37.6,4.4,High
CUST02212,17,51,3,8,5,3,Yes,Yes,23.8,35.1,2.4,Low
CUST02213,9,59,2,10,6,2,No,No,35.1,37.4,4.2,Medium
CUST02214,15,59,3,5,3,2,Yes,Yes,51.3,26.2,3.8,Medium
CUST02215,57,180,10,15,7,5,Yes,Yes,6.6,43.0,4.3,Low
CUST02216,18,77,6,7,4,3,Yes,Yes,46.7,11.0,2.8,Low
CUST02217,7,47,2,4,2,2,No,No,28.2,12.0,4.0,Low
CUST02218,5,34,1,2,1,2,Yes,No,29.0,26.6,4.1,Low
CUST02219,1,6,0,1,0,0,No,Yes,53.2,23.7,3.8,High
CUST02220,10,42,3,3,1,0,Yes,Yes,13.1,44.2,4.4,Low
CUST02221,35,155,5,12,6,4,No,No,29.4,19.8,4.8,Low
CUST02222,13,39,1,6,3,1,Yes,Yes,39.5,24.3,3.8,Low
CUST02223,59,279,11,49,33,7,No,Yes,15.1,42.4,4.9,Low
CUST02224,3,12,0,1,0,0,No,Yes,38.4,26.9,3.8,Medium
CUST02225,23,73,4,9,3,3,Yes,Yes,48.6,6.6,4.2,Low
CUST02226,18,82,3,8,4,1,Yes,Yes,47.8,36.3,3.7,Medium
CUST02227,28,169,5,14,9,4,No,Yes,50.0,32.4,4.1,Low
CUST02228,1,5,0,0,0,0,Yes,Yes,38.3,37.0,4.3,High
CUST02229,14,91,3,10,5,0,Yes,Yes,19.2,14.7,4.3,Medium
CUST02230,4,24,1,3,1,0,Yes,No,41.5,38.8,4.1,Medium
CUST02231,15,77,3,6,2,2,No,No,42.2,17.1,3.1,Medium
CUST02232,19,121,4,17,11,1,No,Yes,8.8,44.0,4.2,Low
CUST02233,23,88,4,12,5,5,No,Yes,7.5,27.2,4.1,Low
CUST02234,8,32,1,3,2,1,Yes,No,38.7,13.3,3.8,Low
CUST02235,7,28,2,4,2,0,No,No,15.5,29.0,4.4,Low
CUST02236,17,99,5,11,6,1,Yes,Yes,20.7,33.8,3.5,Medium
CUST02237,17,91,7,13,7,0,Yes,No,21.5,8.9,4.3,Low
CUST02238,18,104,7,11,5,4,Yes,Yes,42.9,19.5,4.5,Low
CUST02239,18,75,5,8,3,1,No,Yes,49.1,29.6,3.9,Low
CUST02240,19,101,7,10,4,2,Yes,Yes,8.1,9.0,2.5,Low
CUST02241,18,107,7,17,8,0,No,No,5.4,7.6,4.3,Low
CUST02242,26,133,11,13,7,5,Yes,Yes,7.9,35.6,3.9,Low
CUST02243,45,247,13,29,12,3,Yes,No,15.4,29.5,4.8,Low
CUST02244,4,23,1,2,1,0,Yes,No,9.0,43.7,3.1,Medium
CUST02245,7,34,1,3,1,1,Yes,Yes,5.3,22.8,3.5,Medium
CUST02246,5,34,1,5,2,2,Yes,No,28.1,16.8,4.1,Low
CUST02247,13,44,1,6,3,1,Yes,Yes,45.8,10.3,3.5,Low
CUST02248,9,31,1,3,2,1,Yes,No,27.5,18.3,3.7,Low
CUST02249,13,90,7,15,6,1,Yes,No,14.9,29.6,3.6,Medium
CUST02250,23,91,5,9,5,3,Yes,Yes,28.0,7.2,2.3,Low
CUST02251,12,38,3,5,3,1,Yes,Yes,29.2,17.6,3.7,Low
CUST02252,14,87,5,10,6,0,No,Yes,9.1,25.8,3.8,Medium
CUST02253,7,42,1,5,2,0,No,No,33.8,18.4,3.6,Medium
CUST02254,14,78,6,12,6,3,Yes,Yes,10.2,33.3,3.2,Medium
CUST02255,12,82,4,9,4,0,Yes,Yes,54.3,24.9,4.1,Low
CUST02256,36,233,13,34,18,3,Yes,No,6.3,23.9,4.4,Low
CUST02257,19,132,11,22,12,1,Yes,Yes,44.9,36.9,3.7,Medium
CUST02258,6,26,2,2,1,0,Yes,Yes,14.7,5.5,4.3,Medium
CUST02259,48,215,8,18,10,4,Yes,No,28.0,36.3,5.0,Low
CUST02260,16,101,6,12,6,3,No,Yes,9.2,13.5,4.0,Low
CUST02261,4,19,1,2,0,0,No,Yes,11.3,11.9,4.4,High
CUST02262,14,59,3,10,5,2,Yes,Yes,49.2,26.4,3.8,Low
CUST02263,1,5,0,0,0,0,No,Yes,13.3,14.2,3.5,Medium
CUST02264,34,231,9,40,16,5,Yes,No,52.1,38.8,4.7,Low
CUST02265,6,22,1,2,0,0,Yes,Yes,13.5,22.8,3.4,Medium
CUST02266,6,25,1,3,2,0,No,No,18.3,43.8,3.4,Medium
CUST02267,7,23,1,2,1,0,No,No,6.7,29.1,3.1,Medium
CUST02268,3,19,0,1,0,0,Yes,Yes,12.5,37.4,3.9,Medium
CUST02269,37,226,15,27,18,3,Yes,Yes,18.1,28.4,4.1,Low
CUST02270,19,115,6,19,8,1,No,Yes,7.7,12.2,3.6,Low
CUST02271,19,116,4,9,4,1,Yes,No,7.9,28.5,4.1,Low
CUST02272,11,63,3,10,5,3,Yes,Yes,16.6,29.4,2.6,Medium
CUST02273,20,79,2,13,7,4,No,No,18.4,30.8,4.5,Low
CUST02274,43,206,17,27,14,3,Yes,Yes,42.4,33.4,4.6,Low
CUST02275,7,48,3,5,2,2,No,No,28.1,5.6,4.0,Low
CUST02276,5,23,1,3,1,0,Yes,Yes,19.9,39.6,3.9,Low
CUST02277,1,5,0,0,0,0,Yes,Yes,43.3,34.4,4.0,Medium
CUST02278,8,31,1,4,1,1,Yes,Yes,10.7,21.5,4.0,Medium
CUST02279,3,9,0,1,0,0,No,No,6.1,21.4,4.1,High
CUST02280,13,79,5,13,5,0,No,No,28.1,12.8,3.9,Low
CUST02281,4,27,1,4,2,0,Yes,Yes,53.6,16.8,3.3,Medium
CUST02282,7,25,2,4,2,0,Yes,Yes,48.6,18.4,3.5,Medium
CUST02283,6,30,1,3,1,1,No,No,6.0,44.4,3.4,Low
CUST02284,3,16,0,1,0,0,Yes,No,25.9,41.3,3.8,High
CUST02285,5,24,1,2,1,2,Yes,Yes,21.4,12.8,3.5,Medium
CUST02286,12,54,4,4,2,1,Yes,Yes,51.6,19.5,3.5,Medium
CUST02287,2,6,0,0,0,0,Yes,Yes,5.3,6.9,3.4,Low
CUST02288,37,164,13,20,13,3,No,Yes,51.0,26.6,4.5,Low
CUST02289,6,27,2,3,1,0,No,Yes,23.7,26.3,3.2,Low
CUST02290,14,82,4,10,4,0,Yes,Yes,50.7,33.0,4.0,Medium
CUST02291,35,163,12,17,7,4,No,Yes,8.6,39.2,4.2,Low
CUST02292,17,52,3,5,3,0,No,No,45.4,14.8,4.3,Medium
CUST02293,1,4,0,0,0,0,Yes,No,32.8,30.2,3.0,Medium
CUST02294,30,173,14,25,10,5,Yes,Yes,39.4,16.5,5.0,Low
CUST02295,38,120,10,18,11,4,Yes,No,8.9,23.1,3.9,Low
CUST02296,31,120,4,17,7,7,No,Yes,22.4,11.5,4.9,Low
CUST02297,14,97,3,13,7,0,Yes,Yes,47.4,26.2,3.9,Medium
CUST02298,2,9,0,0,0,0,Yes,Yes,7.9,26.5,3.6,Medium
CUST02299,55,374,20,51,20,5,No,No,46.8,37.6,5.0,Low
CUST02300,22,109,3,12,6,4,Yes,No,40.3,25.1,3.8,Low
CUST02301,2,9,0,1,0,0,No,No,36.6,32.8,4.3,High
CUST02302,38,222,11,29,12,5,No,Yes,25.6,10.0,4.2,Low
CUST02303,15,98,4,14,8,0,Yes,Yes,52.4,19.7,3.8,Low
CUST02304,12,82,5,10,5,1,Yes,Yes,32.9,20.4,3.7,Low
CUST02305,33,156,6,18,12,2,Yes,No,49.6,22.7,4.6,Low
CUST02306,10,58,2,5,2,3,Yes,Yes,45.0,35.7,2.8,Low
CUST02307,42,271,9,32,15,4,Yes,Yes,51.9,10.4,4.3,Low
CUST02308,19,117,9,11,5,3,Yes,No,12.2,6.2,4.4,Low
CUST02309,9,61,2,6,3,2,Yes,Yes,18.9,42.4,3.8,Medium
CUST02310,1,3,0,0,0,0,Yes,Yes,31.8,24.4,3.1,Medium
CUST02311,26,134,4,16,8,3,Yes,Yes,49.2,19.5,4.0,Low
CUST02312,15,53,3,7,3,0,Yes,Yes,5.7,36.4,3.5,Low
CUST02313,31,111,9,9,6,7,Yes,No,8.0,34.9,5.0,Low
CUST02314,29,158,9,14,6,6,No,No,45.5,30.0,4.9,Low
CUST02315,55,283,10,45,21,3,Yes,Yes,53.5,25.6,4.4,Low
CUST02316,15,53,1,7,4,5,Yes,No,28.3,42.7,4.3,Low
CUST02317,17,74,3,9,3,1,Yes,No,19.9,35.1,3.9,Low
CUST02318,6,30,1,4,2,0,No,No,34.3,34.2,3.3,Medium
CUST02319,19,130,11,14,9,1,Yes,Yes,48.0,30.0,3.6,Low
CUST02320,4,27,1,3,1,0,Yes,Yes,46.4,38.3,3.7,Medium
CUST02321,51,259,10,25,14,7,Yes,Yes,8.0,25.2,4.6,Low
CUST02322,9,47,1,6,2,0,Yes,Yes,10.0,44.6,4.0,Low
CUST02323,12,78,4,13,7,0,Yes,No,32.0,35.2,3.5,Medium
CUST02324,3,18,0,3,1,0,Yes,Yes,15.7,35.7,4.0,High
CUST02325,21,128,8,18,9,3,No,Yes,19.0,27.2,3.8,Low
CUST02326,19,116,5,10,5,2,Yes,No,53.3,22.9,3.5,Low
CUST02327,2,8,0,0,0,0,Yes,Yes,23.2,32.4,4.3,Low
CUST02328,5,34,1,4,2,1,Yes,Yes,11.0,12.5,4.3,Medium
CUST02329,13,74,5,8,3,1,No,No,18.9,9.9,3.9,Medium
CUST02330,6,36,1,4,2,2,Yes,Yes,14.8,40.6,4.4,Medium
CUST02331,19,72,5,8,3,0,Yes,Yes,19.0,24.4,4.2,Low
CUST02332,17,103,6,9,6,2,Yes,No,52.1,12.8,2.2,Low
CUST02333,1,5,0,0,0,0,No,Yes,20.3,39.6,3.2,Low
CUST02334,6,23,1,3,1,1,Yes,Yes,54.5,24.5,4.1,Low
CUST02335,14,81,4,12,7,0,No,No,32.6,34.8,3.8,Medium
CUST02336,1,3,0,0,0,0,No,No,16.8,11.8,4.2,High
CUST02337,1,3,0,0,0,0,No,Yes,33.6,40.7,3.9,Medium
CUST02338,6,24,2,3,1,0,No,Yes,19.1,17.0,3.8,Low
CUST02339,3,9,0,1,0,0,No,No,20.5,24.2,4.3,Medium
CUST02340,7,31,0,5,2,2,No,No,7.2,29.5,3.8,Medium
CUST02341,6,41,3,4,1,0,Yes,Yes,50.1,36.8,3.4,Medium
CUST02342,45,298,16,31,18,5,Yes,No,42.4,12.4,4.9,Low
CUST02343,5,25,1,2,1,1,No,Yes,11.3,33.0,4.3,Medium
CUST02344,14,68,3,8,4,0,Yes,No,16.6,25.2,3.6,Medium
CUST02345,12,42,3,4,2,2,No,Yes,9.4,13.3,3.6,Medium
CUST02346,8,25,1,3,1,2,Yes,No,43.5,26.2,3.8,Low
CUST02347,19,114,4,13,5,1,No,Yes,13.7,10.3,4.4,Medium
CUST02348,48,273,16,27,11,5,No,No,24.5,10.3,4.6,Low
CUST02349,10,30,1,2,1,0,Yes,No,52.3,6.0,4.0,Low
CUST02350,37,136,9,11,7,4,No,Yes,32.7,18.7,4.5,Low
CUST02351,9,41,2,6,2,2,Yes,Yes,10.9,7.8,4.3,Low
CUST02352,5,28,1,2,1,0,Yes,Yes,43.2,23.6,4.0,Medium
CUST02353,39,147,10,13,8,4,Yes,No,22.7,24.6,4.3,Low
CUST02354,26,89,3,8,4,1,Yes,No,27.0,24.4,3.0,Medium
CUST02355,6,40,2,4,2,0,Yes,Yes,47.2,26.9,3.8,Medium
CUST02356,12,72,3,9,4,1,No,Yes,35.1,13.5,4.1,Medium
CUST02357,16,85,5,14,7,0,Yes,No,47.3,13.3,4.1,Low
CUST02358,17,52,3,8,3,1,Yes,No,30.5,6.8,4.2,Medium
CUST02359,55,346,12,48,30,6,Yes,No,22.7,23.1,4.4,Low
CUST02360,7,36,1,5,2,0,No,No,16.6,36.5,3.1,Medium
CUST02361,15,80,2,12,5,2,No,Yes,52.1,36.2,3.8,Medium
CUST02362,13,41,2,5,3,2,Yes,Yes,7.3,24.7,3.6,Low
CUST02363,1,3,0,0,0,0,Yes,Yes,15.8,40.9,3.4,Medium
CUST02364,12,38,1,5,2,1,Yes,No,6.4,35.1,3.7,Low
CUST02365,8,42,3,6,3,2,No,No,21.0,15.4,3.5,Medium
CUST02366,10,58,4,9,4,2,Yes,Yes,26.6,7.8,3.7,Low
CUST02367,11,46,2,4,1,1,No,No,45.4,28.3,3.9,Low
CUST02368,4,22,1,1,0,0,No,No,15.1,41.5,3.6,Medium
CUST02369,5,26,0,3,1,2,Yes,Yes,42.1,34.2,3.8,Low
CUST02370,1,5,0,0,0,0,Yes,Yes,38.6,13.6,3.9,Medium
CUST02371,3,17,1,2,0,0,No,Yes,37.1,29.1,4.5,Medium
CUST02372,3,10,0,1,0,0,No,Yes,7.6,41.4,4.3,High
CUST02373,5,28,1,3,1,0,Yes,Yes,17.8,29.8,3.8,Medium
CUST02374,32,119,5,20,9,6,No,No,45.9,23.9,4.9,Low
CUST02375,26,108,8,8,3,3,No,No,8.1,44.6,4.1,Low
CUST02376,34,175,8,26,11,3,Yes,Yes,20.4,19.6,4.5,Low
CUST02377,12,45,2,6,3,1,No,Yes,51.5,10.8,2.5,Medium
CUST02378,4,21,0,3,1,0,Yes,No,51.7,16.2,4.2,High
CUST02379,16,56,4,7,3,3,Yes,Yes,22.3,8.4,2.8,Low
CUST02380,19,57,4,8,4,2,Yes,No,14.0,6.2,3.4,Medium
CUST02381,17,77,5,10,5,1,Yes,No,8.4,38.8,3.5,Low
CUST02382,5,22,1,1,0,1,Yes,Yes,6.6,42.0,3.8,Medium
CUST02383,9,33,2,4,1,2,No,Yes,7.2,38.0,3.5,Low
CUST02384,19,127,7,10,4,0,Yes,Yes,12.3,23.2,4.3,Medium
CUST02385,57,240,19,41,25,5,Yes,Yes,22.8,40.0,5.0,Low
CUST02386,28,173,5,16,10,5,No,No,51.0,20.2,4.4,Low
CUST02387,2,8,0,1,0,0,Yes,Yes,45.5,25.0,3.8,Medium
CUST02388,7,28,1,3,1,0,Yes,Yes,36.2,8.3,4.0,Medium
CUST02389,21,124,5,18,12,5,Yes,No,31.3,8.2,4.0,Low
CUST02390,25,120,7,18,9,5,No,No,11.3,31.7,4.4,Low
CUST02391,4,26,1,4,1,0,No,No,35.8,19.2,4.3,Medium
CUST02392,1,5,0,0,0,0,Yes,No,53.1,39.0,3.7,High
CUST02393,17,113,3,19,10,3,Yes,No,12.9,43.3,2.8,Low
CUST02394,27,89,4,14,7,1,Yes,Yes,22.7,32.9,3.2,Low
CUST02395,12,73,5,10,5,1,Yes,Yes,27.9,24.2,2.7,Medium
CUST02396,15,49,2,8,4,0,Yes,No,34.2,6.4,3.5,Medium
CUST02397,9,34,1,5,3,1,Yes,Yes,6.7,16.4,3.9,Low
CUST02398,18,88,6,13,7,1,Yes,No,51.8,38.0,4.1,Medium
CUST02399,1,5,0,0,0,0,Yes,No,42.9,30.0,3.8,Medium
CUST02400,4,23,0,3,1,0,Yes,Yes,40.5,26.8,3.3,Low
CUST02401,2,8,0,0,0,0,Yes,Yes,30.1,35.7,3.9,Medium
CUST02402,4,20,0,3,1,0,Yes,No,50.1,39.4,3.9,Medium
CUST02403,6,25,1,2,1,0,Yes,No,30.4,31.1,3.7,Medium
CUST02404,6,21,1,1,0,0,Yes,Yes,30.9,7.3,4.0,Low
CUST02405,22,101,6,12,6,4,No,No,5.5,11.6,4.4,Low
CUST02406,10,52,2,4,1,1,Yes,Yes,45.1,28.6,2.4,Low
CUST02407,26,96,6,9,6,1,No,Yes,38.2,8.2,2.8,Medium
CUST02408,2,9,0,1,0,0,No,Yes,15.8,37.7,4.0,High
CUST02409,27,103,8,9,5,5,No,Yes,23.3,5.9,4.4,Low
CUST02410,7,25,0,3,2,2,Yes,Yes,17.9,28.1,3.7,Low
CUST02411,21,71,2,7,3,2,Yes,No,9.1,6.0,4.3,Low
CUST02412,30,165,9,16,10,4,Yes,Yes,49.7,22.6,4.4,Low
CUST02413,29,105,9,10,6,4,No,No,40.3,36.9,4.5,Low
CUST02414,2,11,0,1,0,0,Yes,Yes,40.3,39.1,3.1,Medium
CUST02415,5,19,0,2,1,2,Yes,No,54.7,10.9,3.5,Medium
CUST02416,14,83,4,10,4,2,Yes,Yes,10.9,12.2,3.5,Low
CUST02417,9,61,5,10,4,1,No,Yes,53.1,22.8,4.4,Medium
CUST02418,28,177,10,20,8,1,No,Yes,51.4,24.0,2.4,Low
CUST02419,3,13,0,1,0,0,Yes,Yes,34.4,32.0,4.2,Medium
CUST02420,5,20,1,3,1,0,No,Yes,19.5,17.2,3.2,Medium
CUST02421,1,3,0,0,0,0,No,Yes,20.8,21.9,4.2,High
CUST02422,2,12,0,1,0,0,Yes,No,45.9,22.3,4.2,Medium
CUST02423,6,31,2,4,1,2,Yes,No,6.7,29.6,4.3,Medium
CUST02424,13,42,1,5,3,1,No,No,15.0,39.0,2.9,Low
CUST02425,4,27,2,4,1,0,Yes,No,34.9,35.5,3.6,Medium
CUST02426,20,86,7,8,3,3,Yes,No,53.7,39.3,4.3,Low
CUST02427,0,0,0,0,0,0,No,No,37.2,44.2,4.1,Medium
CUST02428,13,68,4,6,3,0,No,Yes,17.7,25.9,4.0,Medium
CUST02429,7,36,1,6,3,0,No,Yes,54.1,15.9,3.5,Low
CUST02430,14,64,5,9,5,2,Yes,No,14.9,23.2,4.0,Low
CUST02431,35,152,11,17,7,4,Yes,No,8.2,32.0,4.6,Low
CUST02432,6,23,1,2,1,2,Yes,No,32.1,7.0,3.9,Medium
CUST02433,1,4,0,0,0,0,No,Yes,47.7,28.1,3.6,Low
CUST02434,19,105,5,16,8,2,Yes,Yes,14.1,9.8,2.9,Medium
CUST02435,12,56,5,7,4,1,Yes,Yes,20.1,15.8,3.8,Medium
CUST02436,0,0,0,0,0,0,Yes,Yes,29.9,17.0,4.1,Medium
CUST02437,30,209,10,37,23,5,Yes,Yes,5.5,18.9,4.4,Low
CUST02438,22,98,3,9,4,4,Yes,No,52.3,39.6,4.2,Low
CUST02439,43,239,8,37,17,5,No,No,20.1,19.5,4.7,Low
CUST02440,17,70,6,12,7,1,No,Yes,51.4,24.1,3.4,Low
CUST02441,33,222,12,30,19,5,Yes,No,52.7,20.8,4.5,Low
CUST02442,23,86,5,11,5,3,No,No,40.4,34.0,3.8,Low
CUST02443,14,54,4,5,2,2,Yes,Yes,50.3,36.2,3.8,Low
CUST02444,35,152,7,19,9,3,Yes,Yes,46.2,23.5,4.3,Low
CUST02445,7,22,1,2,1,0,Yes,No,32.5,36.5,3.1,Medium
CUST02446,3,20,1,2,0,0,Yes,No,18.8,24.9,4.0,Medium
CUST02447,16,91,7,13,7,2,No,Yes,51.3,13.7,4.2,Medium
CUST02448,25,157,11,18,11,3,Yes,Yes,25.3,20.6,4.4,Low
CUST02449,26,150,7,24,14,2,Yes,Yes,17.6,9.0,2.4,Low
CUST02450,6,28,1,2,0,2,Yes,Yes,51.9,17.8,4.3,Low
CUST02451,7,30,2,2,1,0,Yes,Yes,27.6,38.2,3.8,Low
CUST02452,7,23,0,3,1,1,No,Yes,40.9,34.6,3.6,Low
CUST02453,2,8,0,0,0,0,No,Yes,54.4,42.0,3.5,Low
CUST02454,23,148,7,24,11,4,No,No,39.3,40.9,4.2,Low
CUST02455,56,306,12,33,15,4,Yes,No,20.5,31.4,4.6,Low
CUST02456,16,87,2,10,5,0,No,Yes,35.9,20.7,4.1,Medium
CUST02457,8,45,1,6,2,0,No,No,8.1,18.2,4.3,Low
CUST02458,2,8,0,0,0,0,No,No,50.0,42.4,4.2,Medium
CUST02459,7,44,1,6,2,0,Yes,No,22.4,42.8,3.6,Medium
CUST02460,8,55,3,8,3,2,No,Yes,41.5,32.0,3.7,Low
CUST02461,4,20,1,3,2,0,Yes,No,46.5,12.7,3.2,Medium
CUST02462,28,174,8,14,7,2,Yes,No,48.8,29.5,4.6,Low
CUST02463,0,0,0,0,0,0,Yes,Yes,50.9,17.3,3.7,Medium
CUST02464,1,3,0,0,0,0,Yes,Yes,24.3,28.5,3.7,Medium
CUST02465,18,64,4,5,3,0,Yes,Yes,27.3,11.9,4.0,Low
CUST02466,15,70,3,9,3,0,Yes,No,22.2,5.2,4.0,Low
CUST02467,0,0,0,0,0,0,Yes,Yes,50.5,34.9,4.1,Medium
CUST02468,16,63,5,11,6,1,Yes,Yes,49.9,16.1,4.2,Medium
CUST02469,11,55,4,8,3,0,Yes,Yes,49.7,8.1,4.4,Low
CUST02470,17,102,8,10,5,0,Yes,Yes,18.6,35.3,4.3,Low
CUST02471,27,100,6,10,6,2,Yes,Yes,26.0,30.0,2.2,Low
CUST02472,2,10,0,1,0,0,Yes,Yes,32.8,35.9,3.9,High
CUST02473,37,219,9,19,12,5,Yes,Yes,40.1,17.7,4.2,Low
CUST02474,3,14,0,1,0,0,Yes,Yes,42.8,35.3,3.3,Medium
CUST02475,6,22,1,2,0,0,Yes,No,40.4,16.9,4.4,Low
CUST02476,21,131,6,16,9,4,Yes,No,45.0,10.1,4.6,Low
CUST02477,18,108,4,9,3,0,Yes,No,9.1,14.1,3.6,Medium
CUST02478,11,35,1,3,1,0,Yes,Yes,27.9,42.3,3.7,Low
CUST02479,12,48,3,5,2,1,Yes,Yes,16.9,40.5,3.5,Low
CUST02480,8,51,3,5,2,2,Yes,No,8.0,41.8,3.8,Medium
CUST02481,16,48,2,8,3,2,Yes,No,20.6,11.1,3.8,Low
CUST02482,20,87,5,15,6,2,Yes,Yes,23.7,20.5,3.0,Low
CUST02483,25,142,5,11,6,1,No,Yes,34.7,29.5,2.8,Low
CUST02484,4,25,2,3,1,0,No,Yes,5.2,5.9,3.7,Medium
CUST02485,4,12,1,2,0,0,Yes,Yes,20.4,5.2,4.2,Medium
CUST02486,16,51,4,5,3,4,No,Yes,34.7,28.4,3.9,Low
CUST02487,15,103,8,12,5,3,Yes,Yes,31.1,26.3,2.2,Medium
CUST02488,9,35,2,4,1,2,No,Yes,30.0,21.6,3.7,Medium
CUST02489,6,29,1,2,1,2,No,Yes,30.3,26.2,3.9,Medium
CUST02490,6,35,1,3,1,0,Yes,No,34.5,24.2,3.2,Medium
CUST02491,26,110,6,18,9,4,Yes,No,48.6,24.4,4.1,Low
CUST02492,6,21,1,2,1,0,Yes,Yes,51.7,43.3,3.6,Low
CUST02493,11,43,3,5,2,2,Yes,No,33.7,5.6,3.7,Medium
CUST02494,26,168,5,14,7,1,Yes,Yes,54.5,19.3,2.8,Low
CUST02495,32,168,9,23,11,3,No,Yes,33.9,22.0,3.9,Low
CUST02496,11,43,3,7,4,0,Yes,No,51.0,9.8,4.1,Medium
CUST02497,49,201,6,16,6,5,Yes,No,23.1,35.0,4.4,Low
CUST02498,4,16,0,2,0,0,Yes,No,43.7,14.3,3.8,Medium
CUST02499,30,106,6,12,8,5,Yes,Yes,51.9,12.1,4.5,Low
CUST02500,7,39,3,6,2,0,No,No,31.7,31.9,3.1,Medium
CUST02501,24,111,9,13,7,3,Yes,Yes,22.0,39.0,3.4,Low
CUST02502,4,24,1,4,2,0,Yes,No,46.3,17.4,4.2,Medium
CUST02503,13,59,2,6,3,2,Yes,No,42.9,16.5,4.0,Low
CUST02504,6,33,1,5,2,0,Yes,Yes,28.1,10.0,4.0,Medium
CUST02505,35,142,8,21,12,4,Yes,Yes,33.3,16.3,4.1,Low
CUST02506,2,8,0,1,0,0,No,No,52.0,22.1,3.8,High
CUST02507,5,22,1,2,0,0,Yes,No,32.9,30.4,3.9,Medium
CUST02508,4,23,2,3,1,0,No,Yes,33.1,37.9,3.0,Medium
CUST02509,32,175,11,28,19,2,Yes,Yes,27.0,37.8,4.5,Low
CUST02510,33,148,7,21,8,4,Yes,Yes,39.3,27.2,4.7,Low
CUST02511,11,45,1,3,2,0,Yes,No,31.5,10.7,4.1,Low
CUST02512,32,117,5,11,6,7,Yes,No,7.1,8.3,4.3,Low
CUST02513,17,110,8,13,9,3,Yes,No,13.2,16.6,3.8,Low
CUST02514,1,3,0,0,0,0,No,No,44.0,41.4,3.6,Medium
CUST02515,7,43,3,3,1,2,Yes,Yes,19.2,9.5,3.4,Medium
CUST02516,7,41,3,3,1,1,No,Yes,47.2,17.0,3.7,Low
CUST02517,16,89,3,9,6,5,Yes,Yes,31.9,38.8,4.6,Low
CUST02518,39,118,8,18,9,5,Yes,Yes,7.1,44.4,4.3,Low
CUST02519,16,88,4,9,4,1,Yes,Yes,28.0,27.6,3.6,Medium
CUST02520,13,57,4,9,6,2,Yes,Yes,47.5,31.3,3.4,Medium
CUST02521,11,37,1,5,2,0,Yes,Yes,15.6,30.7,4.0,Medium
CUST02522,39,117,3,19,10,4,Yes,Yes,18.8,22.7,3.8,Low
CUST02523,19,101,6,12,8,1,No,No,22.7,25.7,3.5,Medium
CUST02524,16,61,3,6,2,1,No,No,8.8,36.5,3.9,Medium
CUST02525,14,74,2,8,5,0,Yes,No,18.1,23.7,4.1,Medium
CUST02526,3,10,0,0,0,0,Yes,Yes,19.7,19.7,3.5,Medium
CUST02527,6,23,0,2,0,0,Yes,Yes,5.9,17.8,3.1,Medium
CUST02528,14,52,4,4,2,0,No,No,15.8,44.9,3.9,Medium
CUST02529,12,64,2,6,3,3,Yes,No,21.4,5.4,3.4,Low
CUST02530,12,69,2,7,4,1,Yes,Yes,50.9,18.6,4.1,Medium
CUST02531,24,131,9,12,6,2,Yes,Yes,6.5,16.4,2.3,Medium
CUST02532,4,20,1,3,1,0,No,Yes,27.6,31.9,4.4,Medium
CUST02533,7,32,2,5,2,0,No,Yes,14.2,43.5,4.2,Low
CUST02534,35,105,5,8,4,5,Yes,Yes,49.3,29.3,3.9,Low
CUST02535,21,94,4,10,4,2,No,Yes,52.0,14.7,4.6,Low
CUST02536,18,102,3,9,5,5,No,Yes,33.0,24.4,4.5,Low
CUST02537,11,53,4,7,3,2,Yes,Yes,12.0,25.0,4.4,Low
CUST02538,19,59,3,8,4,3,Yes,No,26.1,10.0,4.0,Low
CUST02539,5,27,2,2,0,2,No,No,15.3,30.7,4.2,Low
CUST02540,48,315,15,37,21,5,No,No,43.7,29.8,4.8,Low
CUST02541,17,52,4,6,2,2,No,No,45.6,6.2,3.4,Medium
CUST02542,12,65,5,8,4,2,Yes,Yes,22.9,43.1,4.2,Low
CUST02543,0,0,0,0,0,0,No,Yes,38.1,5.5,4.1,High
CUST02544,4,27,1,2,1,0,Yes,Yes,5.1,32.0,3.8,High
CUST02545,19,87,7,7,3,1,No,No,23.8,11.0,3.3,Medium
CUST02546,27,121,6,13,9,2,Yes,Yes,45.1,10.6,2.5,Medium
CUST02547,2,12,0,1,0,0,Yes,Yes,23.2,33.4,3.4,Medium
CUST02548,19,60,3,10,4,5,Yes,Yes,24.9,25.7,4.0,Low
CUST02549,3,17,0,2,0,0,Yes,Yes,25.6,23.0,3.9,Medium
CUST02550,51,267,12,33,14,4,No,No,30.3,15.0,4.3,Low
CUST02551,13,44,2,4,1,0,No,No,38.1,38.0,4.1,Medium
CUST02552,6,21,0,1,0,0,Yes,Yes,34.0,7.7,4.3,Low
CUST02553,26,159,11,28,11,5,Yes,Yes,15.8,23.2,4.6,Low
CUST02554,17,101,8,10,5,5,No,No,7.2,42.1,4.5,Low
CUST02555,29,200,12,16,10,3,Yes,Yes,5.1,7.3,4.6,Low
CUST02556,14,45,2,5,2,0,Yes,No,41.6,8.7,4.3,Medium
CUST02557,15,49,2,7,3,0,No,Yes,7.7,42.6,4.0,Medium
CUST02558,5,33,2,5,2,0,Yes,No,49.2,41.7,4.5,Medium
CUST02559,14,87,7,12,7,1,Yes,Yes,51.6,24.8,3.8,Low
CUST02560,2,9,0,0,0,0,Yes,Yes,29.7,42.9,4.4,Medium
CUST02561,4,26,1,2,1,0,Yes,No,46.6,23.2,4.5,Medium
CUST02562,19,115,3,15,10,1,No,No,35.0,27.2,4.4,Low
CUST02563,0,0,0,0,0,0,Yes,No,48.5,27.7,4.4,Medium
CUST02564,11,71,3,9,5,1,No,Yes,11.2,6.0,3.8,Medium
CUST02565,4,18,0,2,1,0,Yes,Yes,23.7,41.0,3.9,High
CUST02566,6,19,1,2,1,2,No,No,39.7,37.1,3.6,Low
CUST02567,9,41,3,4,2,1,No,Yes,29.1,39.3,4.3,Low
CUST02568,10,43,2,7,2,0,Yes,Yes,6.5,7.5,4.2,Medium
CUST02569,5,19,1,2,0,0,No,Yes,40.9,37.9,4.0,Medium
CUST02570,12,74,3,12,5,0,No,Yes,37.3,35.0,3.9,Low
CUST02571,6,19,1,3,1,1,Yes,Yes,28.6,25.0,3.5,Medium
CUST02572,3,10,0,1,0,0,No,Yes,20.2,22.5,3.9,Medium
CUST02573,11,46,1,3,1,1,Yes,No,46.7,37.5,2.8,Low
CUST02574,29,121,5,21,14,1,No,No,35.3,43.8,3.0,Low
CUST02575,6,40,1,6,2,0,No,Yes,21.9,35.5,3.9,Low
CUST02576,25,105,4,12,7,4,No,Yes,34.3,31.7,3.9,Low
CUST02577,18,82,6,6,3,2,No,No,22.5,21.2,3.7,Medium
CUST02578,13,86,4,15,8,3,Yes,No,31.0,40.6,3.1,Medium
CUST02579,3,19,1,2,1,0,Yes,Yes,14.8,39.1,4.4,Medium
CUST02580,9,56,2,9,4,0,No,Yes,23.0,34.7,4.1,Low
CUST02581,7,22,0,2,1,0,Yes,No,51.5,14.8,4.0,Medium
CUST02582,14,54,2,6,3,2,Yes,Yes,49.6,13.2,3.4,Low
CUST02583,12,59,4,9,4,2,Yes,Yes,28.2,25.2,3.5,Low
CUST02584,17,104,3,12,6,0,Yes,Yes,53.2,14.8,3.6,Medium
CUST02585,13,40,2,3,2,0,Yes,Yes,39.8,13.7,4.3,Low
CUST02586,5,22,0,3,1,2,No,No,47.7,43.4,4.0,Medium
CUST02587,1,5,0,0,0,0,Yes,Yes,44.1,33.2,3.3,Medium
CUST02588,3,14,0,1,0,0,Yes,Yes,21.8,21.1,3.6,Medium
CUST02589,10,46,4,3,1,1,No,Yes,43.3,36.1,3.9,Low
CUST02590,2,13,0,1,0,0,Yes,Yes,13.4,22.4,4.1,Medium
CUST02591,10,54,4,6,3,0,Yes,Yes,31.1,42.4,4.2,Medium
CUST02592,7,40,2,6,3,2,Yes,No,22.8,38.7,4.2,Low
CUST02593,3,9,0,1,0,0,Yes,No,33.0,42.9,4.1,Medium
CUST02594,8,28,1,4,2,2,Yes,Yes,6.0,16.0,3.4,Medium
CUST02595,13,69,2,11,4,2,Yes,Yes,15.7,8.3,4.1,Low
CUST02596,6,27,1,3,2,0,Yes,Yes,9.5,11.1,3.7,Medium
CUST02597,13,55,3,8,3,1,No,No,19.1,37.6,4.2,Low
CUST02598,38,122,10,20,11,4,No,Yes,32.0,29.1,4.0,Low
CUST02599,1,4,0,0,0,0,No,No,9.8,33.8,3.0,Medium
CUST02600,7,22,1,2,1,2,Yes,Yes,18.4,39.0,3.7,Medium
CUST02601,24,159,9,22,11,5,Yes,No,47.5,6.6,4.5,Low
CUST02602,46,311,16,40,20,6,Yes,No,31.8,42.3,4.3,Low
CUST02603,19,119,10,21,11,0,Yes,Yes,25.2,31.5,3.9,Medium
CUST02604,11,53,1,4,1,2,No,Yes,27.3,43.1,4.3,Medium
CUST02605,19,110,5,9,4,1,No,No,26.6,5.8,4.4,Medium
CUST02606,15,55,3,5,2,2,Yes,Yes,8.5,19.2,4.0,Low
CUST02607,19,67,4,8,4,5,No,No,19.3,17.6,4.3,Low
CUST02608,16,89,7,15,9,4,Yes,No,13.5,34.3,4.5,Low
CUST02609,5,24,1,3,1,0,Yes,No,24.5,39.9,3.5,Medium
CUST02610,10,65,5,10,5,2,No,Yes,26.5,26.7,3.6,Low
CUST02611,15,82,6,13,8,1,Yes,Yes,24.1,42.1,3.4,Low
CUST02612,19,121,7,21,8,4,No,Yes,46.2,40.4,4.1,Low
CUST02613,12,39,2,6,2,1,No,Yes,14.6,25.8,4.1,Medium
CUST02614,4,22,1,2,0,0,No,Yes,40.8,43.8,3.3,Low
CUST02615,15,56,1,4,2,1,Yes,Yes,44.3,9.5,4.0,Low
CUST02616,13,80,2,11,4,0,Yes,Yes,5.7,12.2,3.8,Low
CUST02617,17,60,3,7,2,5,Yes,No,32.3,27.5,4.2,Low
CUST02618,13,65,2,7,3,1,Yes,No,7.4,31.3,3.8,Low
CUST02619,3,18,1,2,1,0,No,No,37.2,15.8,3.2,Medium
CUST02620,18,105,4,9,5,2,Yes,Yes,11.8,36.6,4.1,Low
CUST02621,4,13,0,1,0,0,No,No,48.0,32.7,4.5,Medium
CUST02622,15,61,3,9,3,3,Yes,Yes,13.1,15.5,2.9,Low
CUST02623,12,66,5,6,4,1,Yes,Yes,14.1,29.8,3.6,Low
CUST02624,17,81,5,10,6,2,No,No,50.1,30.2,4.1,Low
CUST02625,33,228,13,21,10,2,No,No,36.3,22.8,4.4,Low
CUST02626,16,104,4,11,5,5,Yes,No,52.4,5.6,4.4,Low
CUST02627,24,101,4,14,6,5,No,No,36.8,35.4,4.4,Low
CUST02628,12,49,2,5,3,2,No,Yes,21.0,24.0,3.9,Medium
CUST02629,53,342,19,56,34,3,Yes,Yes,8.2,15.1,4.7,Low
CUST02630,6,24,1,2,1,0,No,Yes,7.4,10.3,3.5,Medium
CUST02631,28,161,10,27,18,2,Yes,No,12.4,7.2,2.2,Low
CUST02632,50,182,8,21,13,6,Yes,No,54.4,21.1,4.7,Low
CUST02633,13,73,5,13,5,0,Yes,No,12.9,25.5,3.8,Medium
CUST02634,59,258,11,31,16,3,Yes,No,39.1,36.7,4.3,Low
CUST02635,9,28,1,2,1,0,No,Yes,11.1,25.2,3.5,Medium
CUST02636,42,251,22,34,20,6,No,Yes,8.1,35.3,4.4,Low
CUST02637,7,21,1,3,1,0,Yes,Yes,7.4,35.9,3.4,Medium
CUST02638,31,140,10,12,8,5,Yes,No,30.0,41.6,4.5,Low
CUST02639,1,6,0,0,0,0,Yes,Yes,14.8,10.5,4.5,Medium
CUST02640,19,107,9,18,9,2,No,Yes,38.0,21.9,3.3,Medium
CUST02641,24,137,8,23,15,1,Yes,Yes,24.0,5.9,2.2,Medium
CUST02642,0,0,0,0,0,0,Yes,No,37.4,15.9,3.6,Medium
CUST02643,22,141,8,12,6,5,Yes,Yes,9.3,7.2,3.9,Low
CUST02644,31,151,9,13,5,4,Yes,Yes,29.5,21.2,4.6,Low
CUST02645,2,11,0,0,0,0,Yes,No,50.7,10.9,4.2,Medium
CUST02646,19,76,4,6,4,0,No,No,11.8,21.5,4.1,Medium
CUST02647,15,76,5,8,5,2,No,Yes,18.8,18.7,3.7,Low
CUST02648,31,186,9,21,10,3,Yes,No,34.7,7.1,4.1,Low
CUST02649,4,15,1,1,0,0,Yes,No,20.0,22.4,3.5,Medium
CUST02650,28,169,11,27,11,1,Yes,No,7.7,36.6,2.9,Low
CUST02651,2,10,0,1,0,0,No,No,54.5,9.1,3.5,Medium
CUST02652,9,38,1,5,2,1,Yes,No,24.5,7.3,4.4,Low
CUST02653,13,47,2,5,2,0,No,No,49.0,27.6,3.9,Medium
CUST02654,3,16,0,2,0,0,Yes,No,17.5,32.9,3.2,Medium
CUST02655,1,4,0,0,0,0,Yes,Yes,27.9,40.1,3.6,Medium
CUST02656,26,176,12,23,12,2,No,Yes,36.9,27.5,4.5,Low
CUST02657,15,51,1,5,3,3,Yes,No,14.6,14.5,2.6,Medium
CUST02658,14,74,4,6,3,2,No,No,20.9,38.8,3.7,Medium
CUST02659,22,80,3,11,7,3,Yes,No,15.0,16.1,4.3,Low
CUST02660,37,132,11,11,7,5,Yes,Yes,18.4,14.6,4.1,Low
CUST02661,37,228,20,24,9,5,Yes,No,26.6,32.8,4.3,Low
CUST02662,3,16,1,2,1,0,Yes,No,38.5,39.2,4.2,Low
CUST02663,31,202,15,25,15,7,Yes,No,10.1,33.0,5.0,Low
CUST02664,5,20,0,2,1,2,Yes,No,55.0,5.9,4.4,Medium
CUST02665,13,65,5,6,4,2,Yes,No,45.1,35.0,4.1,Low
CUST02666,10,33,2,5,2,0,No,Yes,15.6,22.3,3.5,Medium
CUST02667,2,9,0,1,0,0,Yes,Yes,48.3,16.6,4.1,Medium
CUST02668,9,40,1,3,1,1,Yes,Yes,35.4,25.3,3.8,Low
CUST02669,12,45,3,5,2,3,Yes,Yes,42.4,13.1,2.5,Medium
CUST02670,21,76,3,11,6,4,No,No,52.2,22.5,4.2,Low
CUST02671,8,40,2,6,3,2,Yes,No,7.0,22.5,4.3,Medium
CUST02672,19,127,4,12,5,0,Yes,No,30.1,31.7,3.6,Low
CUST02673,25,154,9,17,11,5,No,Yes,25.0,34.7,4.1,Low
CUST02674,5,28,1,3,1,0,Yes,No,50.2,34.2,3.2,Medium
CUST02675,7,32,1,2,1,1,No,Yes,31.9,32.4,4.0,Medium
CUST02676,2,13,1,1,0,0,No,No,28.0,24.5,3.6,High
CUST02677,34,196,15,27,13,3,Yes,Yes,12.8,35.0,3.9,Low
CUST02678,2,13,0,2,1,0,Yes,Yes,10.4,15.7,4.5,High
CUST02679,17,74,5,12,6,0,Yes,No,35.2,13.4,4.4,Medium
CUST02680,4,19,0,1,0,0,Yes,No,37.7,14.0,4.0,Medium
CUST02681,35,177,6,28,12,4,No,Yes,15.5,28.1,3.9,Low
CUST02682,3,15,1,1,0,0,Yes,No,51.6,24.5,3.8,High
CUST02683,3,20,0,2,1,0,No,No,11.8,34.5,4.2,High
CUST02684,11,48,2,8,4,2,Yes,Yes,41.9,29.7,3.4,Low
CUST02685,42,241,13,30,14,4,No,No,11.6,39.9,4.9,Low
CUST02686,28,153,11,22,11,2,Yes,Yes,36.0,37.8,4.5,Low
CUST02687,28,130,4,15,8,5,Yes,Yes,46.2,16.3,4.6,Low
CUST02688,6,27,1,4,2,0,Yes,No,43.1,43.9,3.9,Low
CUST02689,3,15,0,1,0,0,No,Yes,39.7,28.5,4.4,Medium
CUST02690,4,25,1,2,1,0,Yes,Yes,13.9,32.1,4.3,Medium
CUST02691,2,9,0,1,0,0,Yes,Yes,24.8,17.2,4.4,High
CUST02692,12,41,3,6,3,2,No,No,38.3,10.0,3.4,Medium
CUST02693,5,22,1,3,1,0,Yes,Yes,50.1,9.5,3.6,Low
CUST02694,2,11,0,1,0,0,No,Yes,38.9,42.5,4.3,High
CUST02695,7,46,1,6,4,0,No,No,21.2,17.3,3.5,Medium
CUST02696,17,91,5,14,8,3,Yes,Yes,51.6,40.7,2.5,Medium
CUST02697,18,124,7,21,12,2,No,No,19.5,23.3,3.7,Medium
CUST02698,9,54,3,7,4,1,Yes,Yes,43.7,12.6,3.7,Medium
CUST02699,1,3,0,0,0,0,No,No,40.5,40.6,3.8,Medium
CUST02700,1,4,0,0,0,0,No,No,29.2,37.3,4.4,High
CUST02701,19,99,4,11,5,1,Yes,No,53.7,35.8,4.3,Medium
CUST02702,12,73,4,8,4,1,Yes,No,17.0,26.3,3.8,Medium
CUST02703,20,95,5,14,5,2,Yes,Yes,33.3,22.6,3.0,Medium
CUST02704,7,34,1,5,2,0,No,Yes,41.8,31.0,3.9,Low
CUST02705,19,59,4,9,5,2,Yes,Yes,21.7,20.4,3.7,Low
CUST02706,14,62,5,10,5,2,No,No,38.4,29.3,2.7,Low
CUST02707,0,0,0,0,0,0,No,No,30.2,36.6,4.4,High
CUST02708,2,10,0,1,0,0,Yes,No,6.9,26.3,4.1,Low
CUST02709,32,194,15,17,7,5,Yes,No,46.6,37.2,4.5,Low
CUST02710,15,68,3,11,4,1,Yes,Yes,37.6,33.2,3.1,Low
CUST02711,16,91,5,11,4,2,No,Yes,46.6,13.3,3.5,Medium
CUST02712,3,16,0,2,1,0,Yes,No,54.7,41.4,3.8,Medium
CUST02713,32,151,10,21,13,5,No,Yes,5.3,31.9,4.2,Low
CUST02714,7,47,1,7,4,0,Yes,Yes,39.8,42.6,4.4,Medium
CUST02715,25,167,12,24,14,4,No,Yes,32.0,26.1,3.8,Low
CUST02716,6,30,1,4,1,1,Yes,Yes,30.6,28.5,4.0,Low
CUST02717,2,8,0,1,0,0,Yes,No,7.0,22.9,4.1,High
CUST02718,24,125,8,10,5,3,Yes,Yes,32.3,36.2,3.0,Low
CUST02719,3,10,0,1,0,0,No,Yes,27.4,41.7,3.7,Medium
CUST02720,6,30,2,4,1,0,Yes,No,5.3,30.8,3.9,Low
CUST02721,5,15,1,1,0,1,Yes,Yes,31.8,21.2,4.4,Low
CUST02722,3,17,0,1,0,0,Yes,Yes,15.8,23.1,4.3,Medium
CUST02723,17,108,5,10,6,0,Yes,No,19.2,33.0,4.3,Low
CUST02724,7,44,1,6,3,2,Yes,No,53.2,43.0,3.4,Medium
CUST02725,13,55,4,6,2,3,No,No,39.9,32.7,2.3,Medium
CUST02726,0,0,0,0,0,0,No,Yes,13.1,27.3,4.5,Medium
CUST02727,9,59,3,8,5,1,Yes,Yes,14.4,29.1,4.0,Low
CUST02728,3,12,0,1,0,0,Yes,No,50.0,9.7,3.9,High
CUST02729,3,16,1,1,0,0,Yes,No,24.6,39.0,3.2,Low
CUST02730,40,272,20,39,20,7,Yes,No,42.4,14.4,4.6,Low
CUST02731,2,9,0,1,0,0,Yes,No,27.0,29.0,3.8,High
CUST02732,7,37,2,6,2,1,No,Yes,48.3,23.2,4.1,Medium
CUST02733,7,41,2,6,2,0,No,No,7.5,42.6,3.9,Medium
CUST02734,14,80,3,7,3,3,No,Yes,19.5,44.3,3.2,Low
CUST02735,9,42,1,5,2,0,Yes,Yes,37.4,31.1,3.8,Medium
CUST02736,18,120,9,14,6,0,No,No,24.2,37.8,3.7,Low
CUST02737,1,4,0,0,0,0,No,Yes,53.8,43.9,3.5,Medium
CUST02738,1,3,0,0,0,0,Yes,No,5.8,18.6,4.3,Medium
CUST02739,3,12,0,1,0,0,Yes,No,26.5,44.1,3.9,Low
CUST02740,2,7,0,0,0,0,No,No,37.1,13.2,4.0,Medium
CUST02741,13,45,3,6,2,2,Yes,No,31.8,7.3,3.0,Low
CUST02742,6,20,1,2,1,1,Yes,No,26.5,30.9,3.5,Medium
CUST02743,5,26,1,2,1,1,No,Yes,8.5,30.6,4.0,Low
CUST02744,9,37,1,3,1,2,Yes,Yes,44.4,39.3,3.9,Medium
CUST02745,6,27,1,3,1,0,No,No,10.2,6.3,3.7,Medium
CUST02746,39,245,13,42,22,5,Yes,No,54.9,43.8,4.1,Low
CUST02747,1,4,0,0,0,0,Yes,Yes,10.6,29.0,4.4,Medium
CUST02748,19,75,6,7,2,0,Yes,Yes,21.3,7.9,4.2,Medium
CUST02749,29,116,7,19,8,2,Yes,No,32.7,38.8,2.3,Low
CUST02750,13,70,4,7,4,0,Yes,No,54.7,43.0,3.5,Low
CUST02751,55,304,15,54,23,3,Yes,No,29.8,37.2,4.8,Low
CUST02752,16,86,2,9,5,5,Yes,Yes,23.6,5.8,4.1,Low
CUST02753,57,395,13,41,18,7,Yes,No,18.0,11.2,4.3,Low
CUST02754,6,26,0,3,2,0,Yes,Yes,30.0,36.4,4.1,Medium
CUST02755,22,145,9,16,7,3,No,Yes,16.0,5.5,3.1,Low
CUST02756,26,148,9,16,10,2,No,No,30.3,34.0,3.2,Low
CUST02757,3,19,0,3,1,0,No,No,38.4,41.7,3.6,High
CUST02758,9,52,4,8,4,2,Yes,No,5.1,35.8,3.6,Medium
CUST02759,23,149,6,23,12,2,Yes,No,53.2,39.0,4.0,Low
CUST02760,14,83,5,12,7,0,Yes,No,49.4,18.9,3.5,Low
CUST02761,17,102,7,15,8,2,No,No,20.7,27.4,4.2,Low
CUST02762,22,113,9,14,6,5,Yes,No,6.0,18.0,4.3,Low
CUST02763,17,103,6,12,7,0,Yes,Yes,25.5,39.6,3.9,Low
CUST02764,5,18,1,2,0,0,Yes,No,18.8,19.4,4.2,Medium
CUST02765,4,23,0,4,1,0,No,Yes,48.4,32.5,3.6,Medium
CUST02766,2,8,0,0,0,0,No,Yes,45.1,18.6,3.5,Medium
CUST02767,14,55,3,8,3,1,Yes,No,50.4,44.6,2.3,Low
CUST02768,3,13,0,2,0,0,No,No,11.6,43.7,4.3,Low
CUST02769,5,25,1,2,1,0,Yes,No,27.4,41.1,4.0,Medium
CUST02770,16,110,3,14,9,1,Yes,Yes,48.7,29.8,4.3,Low
CUST02771,7,25,1,3,1,0,Yes,Yes,9.0,7.5,3.5,Low
CUST02772,1,4,0,0,0,0,No,No,14.7,18.8,4.2,Medium
CUST02773,15,88,5,11,6,1,No,No,12.6,18.9,2.4,Low
CUST02774,13,39,1,6,2,0,Yes,Yes,12.5,44.3,3.9,Medium
CUST02775,1,4,0,0,0,0,Yes,No,46.4,13.9,3.6,High
CUST02776,6,23,1,3,1,1,Yes,Yes,7.9,27.4,3.4,Medium
CUST02777,10,66,2,8,4,1,Yes,No,51.5,26.5,4.3,Low
CUST02778,11,37,2,6,2,3,Yes,Yes,36.5,37.6,2.7,Medium
CUST02779,2,7,0,0,0,0,Yes,Yes,48.0,22.8,3.6,High
CUST02780,18,78,3,10,4,3,Yes,Yes,31.4,24.1,2.9,Low
CUST02781,23,140,8,12,7,3,No,Yes,29.4,39.5,2.4,Low
CUST02782,2,12,1,1,0,0,No,Yes,18.8,18.5,3.7,Medium
CUST02783,49,234,20,21,8,5,No,Yes,15.4,30.0,4.7,Low
CUST02784,4,27,1,3,1,0,Yes,Yes,16.8,37.4,4.0,Medium
CUST02785,18,98,8,8,4,0,No,No,40.0,11.2,4.3,Low
CUST02786,13,61,4,6,3,2,Yes,No,30.5,36.8,3.2,Low
CUST02787,3,9,0,1,0,0,Yes,No,50.1,37.7,4.2,Medium
CUST02788,15,102,6,15,7,2,Yes,No,39.7,32.1,2.9,Low
CUST02789,4,26,0,4,2,0,Yes,Yes,33.2,26.1,4.4,Low
CUST02790,5,22,1,2,1,0,Yes,Yes,8.2,36.3,3.1,Medium
CUST02791,17,79,4,13,8,2,Yes,Yes,18.8,19.9,3.9,Medium
CUST02792,27,170,7,18,8,5,No,Yes,13.8,24.6,4.2,Low
CUST02793,24,78,3,13,7,3,Yes,No,31.0,10.0,4.6,Low
CUST02794,7,40,3,5,2,0,Yes,No,9.5,41.9,3.6,Medium
CUST02795,50,167,6,21,9,4,Yes,No,19.5,25.9,4.2,Low
CUST02796,18,110,5,16,7,2,No,No,16.6,34.8,4.3,Medium
CUST02797,3,17,0,1,0,0,No,Yes,40.8,6.7,4.0,Medium
CUST02798,18,108,4,17,10,0,No,No,26.7,25.6,3.8,Medium
CUST02799,14,68,2,6,2,3,Yes,Yes,40.9,5.7,3.1,Low
CUST02800,20,120,8,11,5,2,Yes,No,51.8,34.4,2.6,Medium
CUST02801,19,86,6,10,4,1,Yes,Yes,36.4,23.1,3.4,Low
CUST02802,19,120,7,21,13,1,Yes,Yes,45.9,40.7,4.1,Medium
CUST02803,14,96,8,9,5,2,Yes,No,43.5,22.7,3.7,Low
CUST02804,10,49,2,5,2,1,Yes,No,31.6,22.6,3.8,Low
CUST02805,33,224,13,25,14,3,Yes,No,12.8,8.7,3.8,Low
CUST02806,3,18,1,2,1,0,No,Yes,35.4,25.2,4.1,High
CUST02807,5,28,0,4,2,0,No,Yes,25.9,41.3,3.8,Low
CUST02808,17,51,4,5,2,1,Yes,Yes,35.3,10.3,2.8,Low
CUST02809,9,49,2,5,3,0,No,No,9.6,39.4,3.7,Low
CUST02810,16,55,2,7,3,5,No,Yes,24.1,36.7,4.0,Low
CUST02811,9,48,2,5,3,0,No,No,41.7,41.0,3.8,Medium
CUST02812,0,0,0,0,0,0,No,No,49.6,31.5,4.4,Medium
CUST02813,3,16,0,1,0,0,No,No,31.4,8.3,3.7,Low
CUST02814,35,117,9,16,8,2,Yes,No,13.6,7.4,4.0,Low
CUST02815,1,5,0,0,0,0,No,No,51.6,37.9,3.6,Medium
CUST02816,26,87,3,8,4,3,No,No,35.2,9.4,4.1,Low
CUST02817,4,22,1,2,1,0,Yes,No,21.9,34.6,3.7,Medium
CUST02818,20,74,3,12,5,3,Yes,Yes,28.8,21.9,2.4,Low
CUST02819,10,30,2,2,1,0,Yes,Yes,14.3,16.0,4.3,Medium
CUST02820,1,5,0,0,0,0,Yes,Yes,50.8,14.7,3.7,High
CUST02821,16,63,2,9,5,4,Yes,No,53.0,10.8,4.1,Low
CUST02822,4,26,1,3,1,0,Yes,Yes,35.0,21.7,3.4,Medium
CUST02823,3,13,0,2,1,0,No,Yes,48.1,44.9,3.7,Medium
CUST02824,1,6,0,0,0,0,Yes,No,41.2,32.6,4.0,Medium
CUST02825,1,3,0,0,0,0,No,Yes,21.5,6.3,3.8,High
CUST02826,33,144,12,14,8,2,No,Yes,7.9,8.5,4.0,Low
CUST02827,3,16,0,1,0,0,Yes,No,10.2,37.2,3.6,Medium
CUST02828,17,110,4,18,12,0,No,No,35.4,30.4,4.1,Medium
CUST02829,6,25,1,3,1,0,Yes,No,45.3,9.3,3.7,Medium
CUST02830,6,31,1,3,1,0,Yes,No,23.0,40.5,3.9,Medium
CUST02831,0,0,0,0,0,0,No,No,37.6,13.4,4.2,Medium
CUST02832,15,55,1,8,3,1,Yes,Yes,20.8,44.8,3.6,Medium
CUST02833,19,77,6,13,6,0,No,No,31.4,20.2,3.7,Medium
CUST02834,9,62,2,9,6,0,No,Yes,27.9,18.1,4.1,Medium
CUST02835,18,96,6,8,5,1,Yes,No,43.9,32.8,3.9,Low
CUST02836,16,64,4,6,3,2,Yes,Yes,35.9,18.9,3.9,Low
CUST02837,27,144,7,24,14,4,No,No,52.0,25.1,4.1,Low
CUST02838,12,79,4,9,5,1,Yes,Yes,54.1,40.8,3.5,Medium
CUST02839,5,28,2,3,1,2,No,Yes,5.8,26.4,4.3,Low
CUST02840,21,82,5,13,6,2,No,No,26.6,22.1,4.0,Low
CUST02841,19,93,3,14,8,2,Yes,No,50.9,40.5,4.3,Medium
CUST02842,19,107,4,10,5,2,No,Yes,44.6,19.8,4.4,Medium
CUST02843,3,15,0,2,1,0,No,No,39.1,32.9,3.7,Low
CUST02844,26,103,4,15,9,3,Yes,Yes,25.8,31.1,2.3,Low
CUST02845,45,232,7,25,14,6,Yes,Yes,19.4,13.0,5.0,Low
CUST02846,8,32,1,4,2,2,Yes,Yes,35.8,33.0,3.4,Low
CUST02847,10,59,4,10,4,2,Yes,Yes,6.7,29.8,4.2,Medium
CUST02848,17,52,4,4,2,1,No,No,15.5,31.9,3.8,Low
CUST02849,19,115,3,9,4,0,No,Yes,51.1,42.0,4.0,Low
CUST02850,19,102,8,14,6,4,No,No,45.6,26.9,3.8,Low
CUST02851,12,38,3,6,3,1,Yes,Yes,6.9,30.2,3.6,Low
CUST02852,1,5,0,0,0,0,Yes,No,13.0,12.8,3.7,Medium
CUST02853,5,23,1,2,1,2,No,Yes,18.4,41.2,3.8,Low
CUST02854,5,32,1,3,2,2,No,No,8.8,12.7,3.6,Medium
CUST02855,4,20,0,1,0,0,Yes,Yes,20.9,28.5,4.4,Medium
CUST02856,24,150,13,16,8,2,No,No,20.8,24.7,2.5,Medium
CUST02857,8,29,2,2,0,0,Yes,Yes,22.0,38.3,4.3,Low
CUST02858,2,6,0,0,0,0,No,Yes,11.4,39.6,3.8,Medium
CUST02859,4,22,1,1,0,0,Yes,No,8.0,38.5,3.6,High
CUST02860,44,138,5,18,12,6,Yes,No,9.5,38.7,4.8,Low
CUST02861,17,60,3,8,5,1,Yes,Yes,34.1,34.2,3.6,Low
CUST02862,4,12,0,1,0,0,Yes,No,43.8,17.8,3.3,Medium
CUST02863,3,17,0,2,1,0,Yes,No,9.3,25.8,4.2,Medium
CUST02864,27,110,9,11,7,3,No,No,8.4,16.6,4.0,Low
CUST02865,26,97,4,15,8,2,Yes,No,41.2,15.5,2.5,Medium
CUST02866,11,62,3,8,3,1,No,Yes,45.7,16.1,2.6,Low
CUST02867,4,23,1,2,0,0,Yes,No,54.2,13.0,3.8,High
CUST02868,1,3,0,0,0,0,Yes,No,11.4,28.6,4.4,Medium
CUST02869,13,40,1,5,3,0,Yes,Yes,21.8,13.9,3.5,Medium
CUST02870,7,32,1,4,2,0,Yes,Yes,17.6,40.9,3.0,Medium
CUST02871,34,212,14,37,15,3,No,Yes,21.4,10.1,4.3,Low
CUST02872,24,166,12,28,16,5,Yes,Yes,33.5,13.5,4.8,Low
CUST02873,1,3,0,0,0,0,Yes,No,18.9,38.3,3.9,Medium
CUST02874,38,115,7,20,12,3,Yes,No,11.9,35.4,3.8,Low
CUST02875,20,67,4,9,5,5,No,Yes,52.8,28.7,3.8,Low
CUST02876,8,44,3,3,1,1,Yes,No,22.6,8.1,3.8,Low
CUST02877,8,45,3,7,3,0,No,Yes,37.0,22.3,3.5,Medium
CUST02878,0,0,0,0,0,0,Yes,Yes,29.3,15.6,3.8,High
CUST02879,10,52,3,6,3,2,No,Yes,22.0,5.4,4.2,Low
CUST02880,15,104,7,16,9,3,No,Yes,19.7,43.4,3.0,Low
CUST02881,17,51,2,7,4,5,Yes,Yes,45.2,26.1,4.1,Low
CUST02882,3,12,0,2,0,0,Yes,Yes,30.0,7.5,4.3,Medium
CUST02883,19,100,7,11,7,0,Yes,No,40.0,30.9,4.1,Low
CUST02884,23,94,7,9,5,4,No,No,35.6,27.5,4.7,Low
CUST02885,8,28,2,3,2,2,No,Yes,49.2,35.8,3.8,Low
CUST02886,19,112,5,11,5,2,No,Yes,44.8,23.5,3.6,Medium
CUST02887,17,117,8,17,8,2,Yes,No,42.4,19.9,3.1,Low
CUST02888,11,64,4,11,7,1,Yes,No,45.3,21.8,3.3,Low
CUST02889,5,29,1,4,2,2,No,Yes,34.0,32.5,4.4,Low
CUST02890,5,26,1,4,2,1,No,Yes,50.9,25.2,3.6,Medium
CUST02891,12,63,2,5,3,2,Yes,No,51.7,29.3,3.7,Medium
CUST02892,15,90,6,13,8,0,Yes,No,34.6,11.8,4.0,Low
CUST02893,5,34,2,4,2,0,Yes,Yes,34.3,27.1,3.1,Low
CUST02894,17,97,3,16,9,1,No,No,25.7,13.7,2.3,Medium
CUST02895,20,105,8,9,4,2,Yes,Yes,11.3,27.5,3.1,Low
CUST02896,1,3,0,0,0,0,No,No,17.0,9.0,3.7,Low
CUST02897,5,17,1,1,0,0,Yes,No,11.6,32.8,3.3,Medium
CUST02898,29,113,7,20,13,2,No,No,51.1,44.5,4.2,Low
CUST02899,16,64,2,10,5,3,Yes,Yes,9.7,15.6,4.5,Low
CUST02900,15,91,4,11,4,1,Yes,Yes,52.1,18.0,4.0,Low
CUST02901,14,80,5,12,7,1,Yes,No,26.8,25.2,3.7,Medium
CUST02902,16,93,6,7,3,1,Yes,No,21.8,6.0,3.8,Medium
CUST02903,1,3,0,0,0,0,Yes,Yes,41.0,11.9,4.1,Medium
CUST02904,1,6,0,0,0,0,Yes,Yes,10.0,20.4,4.0,Medium
CUST02905,16,64,5,7,3,2,Yes,No,18.8,15.2,4.2,Low
CUST02906,5,16,1,2,0,0,Yes,No,38.1,15.6,4.4,Low
CUST02907,18,105,3,9,3,1,Yes,Yes,9.3,18.8,3.9,Medium
CUST02908,26,161,6,27,17,3,Yes,No,41.8,37.9,2.7,Low
CUST02909,7,23,1,3,1,0,Yes,No,28.4,29.2,3.5,Medium
CUST02910,23,140,10,14,8,2,No,No,36.2,12.7,2.6,Low
CUST02911,5,26,1,2,0,0,Yes,No,35.1,30.8,4.3,Medium
CUST02912,2,7,0,1,0,0,Yes,Yes,5.2,34.9,4.2,Medium
CUST02913,6,28,1,3,1,0,Yes,Yes,22.2,31.8,4.0,Medium
CUST02914,40,259,18,20,11,3,No,No,26.8,6.9,4.8,Low
CUST02915,21,107,5,19,12,4,Yes,No,31.2,34.7,4.6,Low
CUST02916,7,21,0,2,0,0,Yes,Yes,44.0,10.2,3.5,Medium
CUST02917,18,94,7,7,4,2,Yes,Yes,43.5,44.2,3.8,Low
CUST02918,13,60,2,6,3,0,Yes,No,12.5,28.3,3.5,Low
CUST02919,44,137,11,21,9,3,Yes,No,52.0,30.9,4.9,Low
CUST02920,34,210,10,25,11,3,No,Yes,21.4,9.9,4.4,Low
CUST02921,18,96,7,11,6,1,Yes,No,29.6,6.7,3.6,Low
CUST02922,6,36,2,4,1,2,No,Yes,7.0,8.7,4.0,Medium
CUST02923,1,5,0,0,0,0,No,No,32.1,44.4,4.4,Medium
CUST02924,0,0,0,0,0,0,Yes,Yes,42.9,10.3,3.9,Medium
CUST02925,36,138,7,15,9,5,Yes,Yes,11.6,16.7,4.2,Low
CUST02926,14,85,5,11,7,3,Yes,No,46.9,19.5,3.4,Low
CUST02927,12,83,3,7,4,2,No,No,19.6,32.9,3.4,Low
CUST02928,21,100,7,15,8,3,No,Yes,10.3,40.8,2.8,Low
CUST02929,13,77,6,9,6,1,Yes,Yes,44.6,44.4,4.1,Medium
CUST02930,31,208,10,35,18,2,No,Yes,19.5,21.5,4.7,Low
CUST02931,6,32,1,4,2,0,No,Yes,27.4,34.7,3.5,Medium
CUST02932,1,3,0,0,0,0,No,No,47.9,25.3,4.2,Medium
CUST02933,1,4,0,0,0,0,Yes,Yes,38.1,11.3,4.2,High
CUST02934,12,71,3,5,2,0,No,Yes,5.5,44.0,4.2,Medium
CUST02935,6,33,1,5,3,0,No,No,30.0,31.9,3.5,Medium
CUST02936,5,18,1,1,0,0,Yes,Yes,54.1,40.9,3.3,Medium
CUST02937,19,78,4,11,5,0,Yes,No,11.1,23.1,4.1,Low
CUST02938,7,31,1,4,1,0,Yes,Yes,8.6,7.9,4.2,Medium
CUST02939,1,3,0,0,0,0,Yes,Yes,16.2,15.1,4.2,Medium
CUST02940,15,102,6,16,9,2,Yes,Yes,53.5,26.8,3.7,Low
CUST02941,12,51,3,5,2,0,No,Yes,21.7,33.4,3.8,Low
CUST02942,17,90,5,13,6,1,No,Yes,44.6,27.4,4.3,Medium
CUST02943,15,49,4,6,3,3,Yes,No,32.0,12.9,4.3,Low
CUST02944,42,239,8,26,10,4,No,Yes,30.7,32.2,4.9,Low
CUST02945,30,138,11,21,8,4,No,Yes,14.3,6.3,4.2,Low
CUST02946,14,44,1,7,3,2,Yes,No,9.8,26.8,3.9,Medium
CUST02947,26,163,13,16,7,3,No,Yes,23.9,9.6,2.6,Low
CUST02948,0,0,0,0,0,0,Yes,Yes,17.3,36.4,3.8,High
CUST02949,29,125,9,19,9,5,No,Yes,18.7,42.8,4.1,Low
CUST02950,0,0,0,0,0,0,Yes,No,16.2,33.6,3.7,Medium
CUST02951,16,92,6,12,6,1,No,Yes,34.6,35.3,4.0,Medium
CUST02952,3,16,1,1,0,0,Yes,Yes,27.8,39.3,3.6,Medium
CUST02953,38,163,6,28,12,4,No,Yes,54.1,24.4,4.4,Low
CUST02954,4,12,0,1,0,0,No,No,5.5,37.1,3.7,High
CUST02955,13,57,3,8,4,2,Yes,No,18.0,37.4,3.7,Low
CUST02956,35,162,5,20,9,4,No,Yes,11.0,22.6,4.5,Low
CUST02957,4,13,1,1,0,0,Yes,No,43.3,33.1,4.3,Medium
CUST02958,41,198,9,25,10,5,Yes,Yes,25.4,28.3,4.9,Low
CUST02959,13,50,1,8,3,1,No,No,52.0,41.8,3.0,Low
CUST02960,40,150,6,14,8,4,Yes,No,36.7,29.8,4.8,Low
CUST02961,12,71,4,8,5,1,No,Yes,5.5,28.3,4.1,Low
CUST02962,6,30,1,3,1,0,No,No,6.3,21.9,3.0,Medium
CUST02963,24,146,5,15,10,5,Yes,No,37.4,43.2,4.8,Low
CUST02964,14,77,2,6,4,0,Yes,No,37.0,11.2,3.7,Medium
CUST02965,22,85,6,13,5,6,Yes,No,20.3,8.3,4.3,Low
CUST02966,20,119,4,17,9,3,No,No,51.8,11.2,3.9,Low
CUST02967,14,77,6,10,6,0,Yes,Yes,22.6,42.9,3.7,Medium
CUST02968,5,17,0,2,1,2,No,No,53.4,25.2,4.2,Medium
CUST02969,15,86,3,9,5,2,Yes,Yes,15.6,34.9,3.9,Low
CUST02970,12,57,3,9,4,2,No,No,16.4,20.2,3.2,Medium
CUST02971,19,85,2,13,5,1,Yes,Yes,24.4,8.2,3.7,Medium
CUST02972,2,8,0,0,0,0,Yes,No,32.7,23.1,4.3,Medium
CUST02973,2,8,0,1,0,0,Yes,No,13.6,37.0,3.8,Medium
CUST02974,28,123,5,18,12,3,No,Yes,36.5,25.7,4.7,Low
CUST02975,2,7,0,0,0,0,Yes,No,50.9,14.9,3.1,Medium
CUST02976,19,81,2,11,5,0,Yes,No,45.4,41.2,3.7,Low
CUST02977,2,12,1,1,0,0,Yes,No,23.5,9.6,3.8,Medium
CUST02978,15,87,4,9,5,2,Yes,No,19.2,42.3,3.0,Low
CUST02979,23,102,6,17,9,3,No,No,13.5,44.4,3.9,Low
CUST02980,2,6,0,0,0,0,Yes,No,41.5,27.8,4.1,Medium
CUST02981,13,69,4,6,3,2,Yes,Yes,42.1,18.9,3.3,Low
CUST02982,5,29,1,3,2,0,No,No,51.9,22.6,4.3,Medium
CUST02983,4,19,1,1,0,0,Yes,No,48.6,26.7,3.9,Low
CUST02984,2,6,0,0,0,0,Yes,Yes,42.1,38.2,4.3,High
CUST02985,12,49,2,6,3,2,No,Yes,51.7,41.0,4.1,Medium
CUST02986,2,10,0,1,0,0,No,Yes,10.2,24.1,3.7,Medium
CUST02987,18,98,6,8,4,1,Yes,Yes,16.2,20.9,4.1,Low
CUST02988,9,37,1,5,2,2,No,No,25.9,29.5,4.2,Low
CUST02989,6,27,1,2,1,0,No,Yes,25.9,11.6,4.0,Medium
CUST02990,0,0,0,0,0,0,Yes,Yes,48.3,17.8,4.4,Medium
CUST02991,7,45,3,5,3,1,Yes,No,23.0,16.7,4.1,Medium
CUST02992,7,24,1,4,2,1,Yes,No,21.0,24.8,4.1,Low
CUST02993,9,54,3,5,2,1,Yes,Yes,42.2,40.6,4.2,Medium
CUST02994,17,89,3,8,5,1,Yes,Yes,20.6,9.4,3.5,Medium
CUST02995,1,4,0,0,0,0,No,Yes,11.6,43.1,4.1,High
CUST02996,7,32,1,5,3,0,Yes,No,34.1,15.5,3.2,Medium
CUST02997,2,10,0,1,0,0,No,No,28.6,30.4,4.4,Low
CUST02998,7,41,3,4,2,0,Yes,Yes,47.0,41.6,3.0,Medium
CUST02999,3,14,0,2,1,0,Yes,No,40.2,13.2,4.4,Medium
CUST03000,38,161,12,28,18,2,Yes,Yes,17.2,14.4,4.5,Low
CUST03001,17,93,4,11,6,2,No,No,47.6,23.6,4.1,Medium
CUST03002,5,19,1,2,0,0,Yes,No,6.6,23.7,3.2,Low
CUST03003,5,31,1,3,1,1,Yes,No,26.8,37.8,3.7,Medium
CUST03004,19,120,8,16,8,2,Yes,Yes,10.3,18.5,3.7,Low
CUST03005,3,17,1,1,0,0,Yes,Yes,49.5,31.9,4.3,Medium
CUST03006,36,220,7,37,19,2,No,Yes,14.0,37.9,4.1,Low
CUST03007,7,44,3,5,3,0,No,No,44.3,43.6,3.3,Medium
CUST03008,2,13,0,1,0,0,Yes,No,17.2,14.4,3.0,Medium
CUST03009,6,36,3,6,3,1,Yes,Yes,48.9,16.3,4.3,Medium
CUST03010,3,20,1,1,0,0,Yes,Yes,6.9,7.6,4.5,Medium
CUST03011,16,52,3,6,3,3,Yes,Yes,22.6,40.8,2.2,Low
CUST03012,22,131,5,12,5,1,No,No,16.4,12.9,2.6,Low
CUST03013,14,43,2,6,3,2,No,Yes,21.9,17.8,3.6,Medium
CUST03014,5,30,1,4,2,0,Yes,Yes,29.8,34.4,3.8,Low
CUST03015,18,122,9,18,9,3,No,Yes,24.1,26.3,3.0,Low
CUST03016,29,150,12,17,6,3,Yes,No,36.7,20.9,4.3,Low
CUST03017,52,221,9,20,8,7,Yes,Yes,16.2,11.8,4.6,Low
CUST03018,1,4,0,0,0,0,Yes,Yes,24.7,16.4,4.2,Medium
CUST03019,18,69,5,6,3,0,Yes,No,20.4,33.5,3.8,Medium
CUST03020,15,50,4,6,4,1,Yes,Yes,41.9,14.3,4.2,Medium
CUST03021,34,164,10,14,6,7,No,Yes,38.2,26.5,4.3,Low
CUST03022,5,34,1,5,2,0,Yes,Yes,31.8,42.8,4.2,Low
CUST03023,15,77,6,9,5,5,No,No,7.3,22.2,4.1,Low
CUST03024,5,24,0,3,1,0,No,No,21.8,21.6,3.6,Medium
CUST03025,1,5,0,0,0,0,Yes,No,14.3,34.6,4.3,High
CUST03026,3,18,1,3,1,0,No,Yes,45.3,32.5,3.8,Medium
CUST03027,8,45,3,7,2,0,Yes,Yes,6.9,32.0,3.7,Low
CUST03028,9,36,1,2,1,2,Yes,No,47.2,33.6,3.5,Medium
CUST03029,31,188,10,28,18,4,Yes,Yes,40.9,28.4,4.4,Low
CUST03030,4,15,1,1,0,0,Yes,Yes,19.1,40.1,4.0,Medium
CUST03031,6,19,1,2,1,0,No,No,34.0,38.7,4.0,Medium
CUST03032,27,172,6,21,11,5,Yes,Yes,23.1,7.9,4.3,Low
CUST03033,12,78,2,10,4,2,Yes,Yes,13.3,31.8,3.6,Medium
CUST03034,3,11,0,1,0,0,No,No,17.1,27.8,4.3,High
CUST03035,17,113,3,20,9,0,No,Yes,12.8,27.7,4.2,Low
CUST03036,17,83,7,14,7,2,No,Yes,46.6,6.7,3.5,Medium
CUST03037,35,208,11,30,15,5,Yes,No,16.2,14.2,3.9,Low
CUST03038,13,71,3,10,6,1,Yes,Yes,10.2,25.0,4.1,Medium
CUST03039,7,24,0,2,0,0,Yes,Yes,54.0,31.3,4.1,Low
CUST03040,12,66,4,5,3,1,Yes,No,37.3,43.7,4.1,Low
CUST03041,14,94,7,8,3,0,No,No,47.9,21.6,4.0,Low
CUST03042,11,48,2,7,3,0,No,No,35.6,19.4,4.4,Medium
CUST03043,4,15,0,1,0,0,No,Yes,19.9,18.8,3.8,High
CUST03044,10,40,3,5,2,0,No,No,14.8,42.5,4.2,Medium
CUST03045,9,53,1,6,4,1,Yes,No,26.7,44.1,3.8,Low
CUST03046,5,31,1,3,1,0,Yes,No,38.5,25.3,4.4,Medium
CUST03047,13,46,3,5,3,2,Yes,No,15.1,27.5,4.0,Medium
CUST03048,11,40,2,3,1,0,No,No,8.2,36.6,3.9,Medium
CUST03049,1,3,0,0,0,0,No,No,48.2,22.6,3.4,Medium
CUST03050,15,104,7,8,5,2,Yes,No,17.9,26.9,4.0,Medium
CUST03051,8,34,2,5,2,1,Yes,Yes,7.3,41.0,4.0,Medium
CUST03052,13,56,1,8,5,0,Yes,Yes,20.2,30.8,4.1,Low
CUST03053,24,150,10,16,9,6,Yes,No,33.6,23.6,4.4,Low
CUST03054,7,22,0,3,1,2,No,No,14.7,16.7,3.8,Medium
CUST03055,14,84,7,9,5,0,Yes,Yes,22.9,30.2,4.3,Medium
CUST03056,0,0,0,0,0,0,Yes,Yes,19.0,17.4,3.8,Medium
CUST03057,2,7,0,1,0,0,Yes,Yes,6.5,22.8,3.6,Medium
CUST03058,18,69,6,11,4,2,Yes,Yes,29.0,7.3,4.2,Low
CUST03059,3,13,0,1,0,0,Yes,Yes,19.8,17.3,3.6,Low
CUST03060,18,89,4,8,5,1,Yes,No,53.8,15.8,4.2,Low
CUST03061,3,18,0,1,0,0,Yes,No,31.8,7.2,4.0,Low
CUST03062,25,80,2,8,4,4,Yes,No,48.8,7.1,4.7,Low
CUST03063,29,114,8,19,10,2,Yes,No,14.6,34.7,2.7,Low
CUST03064,3,10,0,1,0,0,Yes,No,6.7,36.1,3.5,Medium
CUST03065,3,11,0,1,0,0,No,Yes,38.0,31.2,4.1,High
CUST03066,4,22,1,2,1,0,No,No,35.2,32.2,3.7,Medium
CUST03067,11,74,4,10,6,1,No,No,33.0,29.4,3.5,Low
CUST03068,38,247,15,35,17,4,Yes,Yes,21.9,19.0,4.2,Low
CUST03069,34,169,12,25,10,5,No,No,7.0,22.7,4.4,Low
CUST03070,12,70,2,11,6,0,Yes,No,6.2,13.5,4.3,Low
CUST03071,16,54,4,4,1,1,Yes,No,7.9,11.9,3.6,Low
CUST03072,35,153,13,14,6,4,Yes,Yes,10.8,22.2,4.2,Low
CUST03073,6,41,3,5,2,0,Yes,Yes,6.7,25.1,4.3,Low
CUST03074,10,39,2,4,2,0,No,No,13.0,31.3,3.9,Medium
CUST03075,2,11,0,1,0,0,Yes,No,17.1,14.0,3.6,Medium
CUST03076,3,11,0,0,0,0,No,No,37.7,30.4,4.1,Medium
CUST03077,4,19,0,1,0,0,No,No,50.8,19.7,3.6,Medium
CUST03078,10,58,2,7,3,2,Yes,No,43.6,37.7,2.4,Low
CUST03079,25,123,4,12,6,5,Yes,Yes,28.8,18.2,4.5,Low
CUST03080,1,3,0,0,0,0,Yes,Yes,17.9,29.1,3.9,Medium
CUST03081,22,121,5,11,5,3,No,Yes,54.7,29.4,3.9,Low
CUST03082,15,98,4,13,9,1,No,Yes,12.1,21.0,2.9,Low
CUST03083,15,92,3,14,8,0,Yes,Yes,43.1,20.2,3.7,Medium
CUST03084,27,105,6,15,9,4,Yes,Yes,9.2,41.6,4.2,Low
CUST03085,39,196,16,32,14,3,No,No,14.4,32.5,4.6,Low
CUST03086,13,57,3,7,3,2,Yes,Yes,20.0,35.7,4.1,Medium
CUST03087,8,25,2,2,1,0,Yes,Yes,23.6,13.5,4.0,Low
CUST03088,3,9,0,1,0,0,Yes,Yes,24.3,44.0,3.7,Medium
CUST03089,5,15,1,1,0,0,Yes,Yes,43.5,37.9,3.7,Medium
CUST03090,3,11,0,0,0,0,No,No,8.7,11.7,3.6,High
CUST03091,1,6,0,0,0,0,Yes,No,22.7,23.3,3.9,High
CUST03092,36,197,7,20,10,5,No,No,23.9,26.6,4.6,Low
CUST03093,0,0,0,0,0,0,No,Yes,7.9,7.1,4.4,High
CUST03094,12,56,1,9,4,0,Yes,No,21.2,9.7,4.0,Medium
CUST03095,16,94,5,14,6,1,Yes,Yes,48.0,28.5,4.3,Low
CUST03096,28,193,16,23,13,4,Yes,Yes,22.7,10.2,4.4,Low
CUST03097,0,0,0,0,0,0,Yes,No,25.9,44.9,3.5,High
CUST03098,3,10,0,1,0,0,No,Yes,51.8,5.5,3.6,Medium
CUST03099,7,37,2,3,1,0,Yes,Yes,22.5,37.8,3.6,Low
CUST03100,5,30,2,4,2,0,Yes,Yes,29.3,18.4,3.4,Medium
CUST03101,16,108,7,15,8,2,Yes,Yes,23.2,28.9,3.7,Low
CUST03102,7,45,2,6,2,0,Yes,No,32.7,44.4,4.0,Medium
CUST03103,4,18,1,1,0,0,No,Yes,5.1,41.7,4.0,Low
CUST03104,5,16,1,2,1,0,Yes,Yes,11.9,13.5,3.5,Medium
CUST03105,0,0,0,0,0,0,No,Yes,48.2,14.3,4.2,High
CUST03106,27,152,12,19,9,5,Yes,Yes,40.4,37.4,4.4,Low
CUST03107,7,21,1,2,1,0,No,Yes,36.5,30.9,4.4,Medium
CUST03108,1,5,0,0,0,0,Yes,No,42.9,22.8,4.0,Medium
CUST03109,1,4,0,0,0,0,Yes,Yes,36.4,9.0,4.1,Medium
CUST03110,18,86,3,11,6,2,Yes,Yes,33.9,10.8,4.1,Medium
CUST03111,31,140,7,18,7,5,No,Yes,46.7,40.6,4.4,Low
CUST03112,21,96,6,10,5,3,Yes,Yes,27.2,8.5,4.4,Low
CUST03113,19,68,3,8,3,2,Yes,No,24.9,42.9,4.2,Low
CUST03114,9,29,1,3,1,1,Yes,Yes,34.8,31.4,4.1,Medium
CUST03115,6,29,0,4,2,0,No,Yes,24.8,7.6,4.3,Medium
CUST03116,5,32,1,4,1,2,Yes,Yes,39.5,11.9,3.9,Medium
CUST03117,14,75,3,10,4,1,No,Yes,10.0,16.1,3.5,Medium
CUST03118,8,50,2,6,3,2,No,Yes,36.0,40.9,4.0,Medium
CUST03119,22,106,7,12,7,3,No,No,38.1,38.2,4.6,Low
CUST03120,17,108,5,10,6,1,Yes,Yes,8.1,24.6,3.8,Medium
CUST03121,2,13,0,1,0,0,No,Yes,30.1,14.8,3.0,Low
CUST03122,4,14,1,1,0,0,No,Yes,39.9,25.2,4.4,Medium
CUST03123,0,0,0,0,0,0,Yes,Yes,16.0,15.0,4.5,High
CUST03124,6,24,1,4,1,0,Yes,Yes,43.5,17.8,4.1,Medium
CUST03125,5,23,1,3,1,0,No,No,14.6,9.2,3.8,Medium
CUST03126,26,140,5,17,10,3,Yes,No,27.3,23.4,4.7,Low
CUST03127,7,41,3,6,3,0,No,Yes,24.3,28.8,4.5,Medium
CUST03128,11,36,1,4,2,1,Yes,Yes,18.3,26.5,4.2,Medium
CUST03129,6,22,1,2,1,0,No,No,9.2,26.2,4.0,Medium
CUST03130,3,18,1,3,2,0,Yes,No,52.4,42.9,3.2,Medium
CUST03131,11,54,2,9,5,2,Yes,No,22.3,28.6,3.0,Low
CUST03132,3,15,0,1,0,0,Yes,No,50.8,22.6,3.3,Medium
CUST03133,49,188,15,31,20,5,Yes,No,30.8,26.1,4.8,Low
CUST03134,2,7,0,0,0,0,No,Yes,47.6,8.1,4.5,High
CUST03135,16,84,5,10,4,0,Yes,No,6.7,35.7,3.9,Low
CUST03136,57,213,13,37,24,4,Yes,Yes,27.1,24.2,4.8,Low
CUST03137,26,170,9,23,10,4,Yes,Yes,30.0,40.3,4.4,Low
CUST03138,10,65,2,8,3,0,Yes,No,53.0,26.0,3.7,Low
CUST03139,0,0,0,0,0,0,Yes,No,49.9,33.4,4.3,Medium
CUST03140,15,78,5,10,6,2,Yes,No,17.6,42.6,4.3,Medium
CUST03141,20,66,3,10,5,5,Yes,Yes,30.8,7.2,4.3,Low
CUST03142,14,87,7,7,2,1,Yes,Yes,26.5,28.7,3.5,Low
CUST03143,1,6,0,0,0,0,Yes,Yes,41.4,6.4,3.8,Medium
CUST03144,21,139,5,19,7,2,Yes,No,7.1,34.3,4.0,Low
CUST03145,3,11,0,1,0,0,Yes,Yes,7.1,41.6,4.5,Medium
CUST03146,16,53,4,9,4,0,Yes,Yes,32.2,40.3,4.3,Low
CUST03147,30,168,10,26,17,2,Yes,No,55.0,21.2,4.7,Low
CUST03148,14,83,3,11,4,3,No,Yes,20.5,19.8,3.2,Low
CUST03149,12,64,2,9,5,1,Yes,No,52.5,22.4,3.8,Medium
CUST03150,18,116,9,14,8,4,Yes,Yes,32.6,11.6,4.6,Low
CUST03151,4,17,0,1,0,0,Yes,Yes,38.7,8.9,3.6,High
CUST03152,3,19,0,3,1,0,No,No,42.7,11.7,3.5,Low
CUST03153,15,83,6,10,4,2,Yes,No,11.1,24.7,3.8,Low
CUST03154,13,66,4,11,7,2,Yes,Yes,24.0,16.6,4.3,Medium
CUST03155,20,120,4,17,7,3,Yes,No,42.0,6.3,4.6,Low
CUST03156,27,169,10,22,12,2,No,No,22.4,22.0,3.3,Low
CUST03157,24,114,9,11,7,3,Yes,No,52.9,44.8,4.9,Low
CUST03158,5,21,1,2,0,2,Yes,No,37.9,20.0,3.5,Low
CUST03159,6,21,0,3,1,1,Yes,Yes,50.2,42.3,4.3,Medium
CUST03160,5,20,1,3,1,1,No,No,30.0,22.7,3.8,Medium
CUST03161,38,252,20,24,14,2,No,Yes,27.6,35.0,4.3,Low
CUST03162,3,16,0,2,0,0,Yes,Yes,43.6,43.8,3.8,Medium
CUST03163,2,8,0,0,0,0,Yes,No,38.0,15.2,3.9,Medium
CUST03164,5,23,1,3,2,2,Yes,No,7.3,8.9,3.5,Medium
CUST03165,0,0,0,0,0,0,No,No,42.8,25.3,4.0,Medium
CUST03166,2,6,0,0,0,0,Yes,Yes,42.3,30.9,3.6,Medium
CUST03167,7,41,3,6,3,0,Yes,Yes,14.7,15.1,3.2,Medium
CUST03168,17,65,5,5,2,4,Yes,No,33.6,44.6,4.1,Low
CUST03169,7,40,1,6,3,0,Yes,No,12.8,16.0,3.9,Medium
CUST03170,6,22,1,2,1,0,Yes,Yes,49.6,10.8,3.4,Medium
CUST03171,6,23,0,2,0,0,Yes,Yes,43.3,10.0,4.1,Medium
CUST03172,23,122,4,17,7,3,No,Yes,24.2,35.2,4.2,Low
CUST03173,7,45,3,3,1,2,Yes,Yes,53.2,21.3,3.7,Low
CUST03174,42,274,9,21,8,5,Yes,Yes,23.1,24.8,5.0,Low
CUST03175,4,24,1,3,1,0,Yes,Yes,54.2,24.6,3.8,Medium
CUST03176,17,82,5,9,4,2,Yes,No,53.9,18.0,3.8,Medium
CUST03177,5,28,1,3,1,0,Yes,No,48.9,13.4,4.3,Medium
CUST03178,4,26,1,2,0,0,No,No,31.4,44.6,4.4,Medium
CUST03179,10,52,2,6,2,2,Yes,Yes,10.1,44.4,3.7,Low
CUST03180,30,203,8,28,14,4,No,Yes,21.1,44.4,4.6,Low
CUST03181,3,11,0,1,0,0,No,Yes,34.7,36.2,3.6,High
CUST03182,38,146,6,22,14,2,No,Yes,6.7,10.1,4.1,Low
CUST03183,21,78,3,10,5,3,Yes,Yes,12.0,12.9,2.4,Low
CUST03184,5,23,0,2,0,0,Yes,No,45.4,30.8,4.1,Medium
CUST03185,10,63,4,6,2,0,Yes,Yes,18.0,14.4,3.5,Medium
CUST03186,0,0,0,0,0,0,Yes,Yes,23.9,18.9,3.7,Medium
CUST03187,6,21,0,3,1,0,Yes,Yes,49.4,33.4,4.2,Low
CUST03188,3,19,1,2,0,0,Yes,Yes,8.0,36.4,3.2,Medium
CUST03189,31,206,10,25,11,3,Yes,Yes,47.4,43.0,4.3,Low
CUST03190,24,164,14,18,11,1,No,Yes,52.8,17.1,3.0,Low
CUST03191,24,119,10,10,6,2,Yes,Yes,42.5,17.3,4.5,Low
CUST03192,7,47,2,8,4,2,Yes,No,38.4,9.7,3.7,Low
CUST03193,1,4,0,0,0,0,No,No,34.0,37.5,4.1,Medium
CUST03194,15,77,6,10,4,2,No,Yes,29.4,31.1,4.4,Low
CUST03195,18,122,6,17,7,2,Yes,Yes,16.6,12.2,4.2,Low
CUST03196,17,75,4,9,3,2,Yes,No,36.4,31.3,2.3,Low
CUST03197,24,123,4,18,10,5,No,No,27.1,8.7,4.7,Low
CUST03198,18,72,4,9,5,2,Yes,Yes,48.5,31.4,3.9,Low
CUST03199,27,88,4,11,6,5,Yes,No,23.8,19.8,4.4,Low
CUST03200,13,71,2,9,4,0,No,No,23.2,23.3,3.8,Low
CUST03201,11,34,1,4,2,1,Yes,Yes,35.0,24.6,4.0,Low
CUST03202,1,5,0,0,0,0,Yes,No,15.1,16.5,3.9,Medium
CUST03203,19,96,7,9,6,2,No,Yes,22.6,8.6,4.2,Low
CUST03204,38,206,16,36,17,4,Yes,No,12.4,11.5,3.9,Low
CUST03205,2,6,0,0,0,0,No,No,26.3,33.8,3.7,Medium
CUST03206,6,18,0,2,1,0,Yes,Yes,51.3,31.4,3.1,Medium
CUST03207,36,199,8,20,9,4,Yes,Yes,51.7,18.7,4.6,Low
CUST03208,21,86,3,14,6,3,Yes,Yes,47.4,32.0,3.9,Low
CUST03209,3,10,0,0,0,0,Yes,Yes,34.3,18.8,3.9,Medium
CUST03210,11,62,3,9,4,1,No,No,33.0,20.5,4.1,Medium
CUST03211,16,74,2,9,5,1,No,No,16.0,7.4,3.8,Medium
CUST03212,28,131,9,23,11,5,Yes,Yes,15.6,15.0,4.2,Low
CUST03213,1,4,0,0,0,0,No,Yes,6.6,36.0,3.8,Medium
CUST03214,15,48,4,8,4,2,No,No,11.3,15.3,4.7,Low
CUST03215,33,129,6,11,4,5,Yes,Yes,6.9,19.4,4.0,Low
CUST03216,12,43,2,6,2,2,No,Yes,44.9,34.9,3.5,Medium
CUST03217,30,173,7,13,8,7,Yes,Yes,31.0,38.3,5.0,Low
CUST03218,3,9,0,0,0,0,No,Yes,19.5,6.6,3.1,Medium
CUST03219,25,112,4,17,9,6,Yes,No,50.5,17.0,4.4,Low
CUST03220,33,206,7,33,15,2,Yes,Yes,26.5,23.1,4.6,Low
CUST03221,7,26,0,3,1,2,Yes,No,54.5,27.3,3.7,Low
CUST03222,1,6,0,1,0,0,Yes,No,51.3,42.2,3.9,Medium
CUST03223,11,42,3,5,3,1,No,Yes,44.4,15.7,2.4,Low
CUST03224,6,32,1,5,2,0,No,Yes,17.7,32.2,3.0,Medium
CUST03225,4,14,0,1,0,0,No,Yes,54.7,20.5,3.3,Medium
CUST03226,2,10,0,0,0,0,No,Yes,13.4,6.3,4.3,High
CUST03227,29,123,9,11,7,2,No,Yes,5.5,8.7,2.9,Low
CUST03228,28,145,7,17,8,3,No,No,17.9,10.2,4.4,Low
CUST03229,26,156,5,22,12,2,No,Yes,54.9,18.6,2.7,Low
CUST03230,27,83,4,8,3,3,No,No,26.6,25.7,4.0,Low
CUST03231,2,12,0,2,1,0,No,No,25.3,28.2,4.1,Medium
CUST03232,7,25,2,2,0,0,Yes,Yes,42.0,30.7,3.1,Medium
CUST03233,7,41,1,6,2,1,Yes,Yes,6.1,28.7,4.2,Medium
CUST03234,26,129,10,19,13,3,Yes,No,25.0,42.0,3.4,Low
CUST03235,8,39,2,4,2,0,No,Yes,51.5,25.7,4.1,Medium
CUST03236,28,145,12,25,13,4,Yes,Yes,36.9,12.6,4.6,Low
CUST03237,16,54,4,7,4,1,No,No,26.5,31.0,4.1,Medium
CUST03238,14,53,4,6,3,1,No,No,30.1,41.2,4.1,Medium
CUST03239,39,241,11,26,12,5,Yes,Yes,27.7,7.4,4.3,Low
CUST03240,15,86,6,13,7,1,Yes,Yes,6.4,10.8,4.3,Medium
CUST03241,1,6,0,1,0,0,Yes,Yes,12.5,27.9,4.5,Medium
CUST03242,3,10,0,1,0,0,Yes,Yes,25.5,8.3,3.8,High
CUST03243,26,176,13,25,10,2,Yes,Yes,5.1,17.7,3.9,Low
CUST03244,6,18,1,3,1,0,No,No,13.1,44.7,4.5,Low
CUST03245,2,13,0,1,0,0,Yes,Yes,12.5,40.7,3.7,Medium
CUST03246,1,5,0,0,0,0,Yes,Yes,32.9,40.5,3.8,Medium
CUST03247,9,39,3,5,2,2,Yes,Yes,30.8,18.7,4.3,Medium
CUST03248,0,0,0,0,0,0,No,No,41.5,29.6,3.8,Medium
CUST03249,26,125,9,17,10,2,Yes,No,20.8,16.7,2.3,Low
CUST03250,2,8,0,1,0,0,Yes,No,11.4,26.7,3.7,Medium
CUST03251,6,29,2,2,1,0,Yes,No,20.2,21.6,3.6,Low
CUST03252,8,43,3,6,4,0,Yes,No,12.6,32.1,3.6,Low
CUST03253,6,36,2,4,1,2,Yes,No,31.8,22.3,4.3,Medium
CUST03254,17,70,5,11,5,4,Yes,No,30.6,20.1,4.4,Low
CUST03255,6,25,2,2,0,0,No,Yes,54.2,16.8,3.5,Medium
CUST03256,4,12,1,1,0,0,Yes,No,54.2,11.0,3.3,Medium
CUST03257,13,63,5,9,6,1,Yes,No,13.8,29.7,3.6,Low
CUST03258,5,25,1,3,1,0,No,No,52.2,15.6,4.5,Medium
CUST03259,17,99,8,13,6,3,Yes,Yes,34.3,27.0,2.7,Low
CUST03260,22,82,6,8,5,4,No,Yes,29.4,25.1,4.6,Low
CUST03261,8,32,2,4,1,0,Yes,Yes,53.3,13.7,4.3,Medium
CUST03262,29,161,5,14,9,1,No,No,54.1,39.2,3.3,Low
CUST03263,4,22,1,2,1,0,Yes,Yes,13.8,39.9,3.8,Medium
CUST03264,12,65,2,6,2,3,Yes,Yes,25.1,28.6,2.6,Low
CUST03265,0,0,0,0,0,0,Yes,Yes,5.4,34.2,3.7,Medium
CUST03266,11,42,2,5,2,0,Yes,No,28.2,33.8,3.6,Medium
CUST03267,5,21,1,2,1,0,Yes,Yes,47.3,11.3,4.4,Medium
CUST03268,1,4,0,0,0,0,No,Yes,52.7,44.3,4.0,High
CUST03269,2,12,0,1,0,0,Yes,Yes,39.2,40.3,4.5,High
CUST03270,56,200,15,26,12,5,Yes,No,30.3,11.5,4.9,Low
CUST03271,5,16,1,1,0,1,No,Yes,19.2,31.9,4.3,Medium
CUST03272,2,6,0,0,0,0,No,No,46.6,16.1,3.6,Medium
CUST03273,12,38,2,5,2,1,No,No,50.7,13.9,4.1,Medium
CUST03274,17,114,7,20,11,0,Yes,Yes,44.1,13.5,4.1,Medium
CUST03275,3,19,0,2,1,0,No,No,17.7,11.8,3.7,Medium
CUST03276,11,72,2,7,3,2,Yes,Yes,13.1,18.5,3.6,Medium
CUST03277,22,117,8,19,9,3,No,No,6.8,17.1,4.4,Low
CUST03278,22,114,8,19,12,5,Yes,No,15.0,6.8,4.3,Low
CUST03279,4,21,0,2,0,0,No,No,53.1,27.4,4.4,Medium
CUST03280,2,12,0,1,0,0,No,Yes,37.0,34.5,3.9,High
CUST03281,7,39,2,5,2,0,Yes,No,10.9,43.9,3.3,Low
CUST03282,23,149,10,12,5,5,No,Yes,42.8,33.1,4.9,Low
CUST03283,18,109,7,18,9,2,No,Yes,15.5,35.6,3.7,Low
CUST03284,8,36,1,3,1,2,No,No,29.5,40.8,3.8,Low
CUST03285,12,79,4,11,6,1,Yes,Yes,36.4,16.9,3.9,Low
CUST03286,13,77,4,12,8,1,Yes,Yes,54.4,36.2,3.9,Medium
CUST03287,7,24,1,4,2,0,No,Yes,8.1,37.5,4.5,Medium
CUST03288,6,31,2,4,2,0,Yes,No,6.2,20.7,3.5,Low
CUST03289,5,16,0,1,0,0,No,No,21.1,15.5,4.0,Low
CUST03290,41,272,17,46,30,6,Yes,No,8.2,8.4,4.4,Low
CUST03291,5,34,1,5,2,0,Yes,Yes,39.3,24.4,3.2,Medium
CUST03292,18,82,5,7,4,1,No,Yes,12.6,9.3,3.7,Low
CUST03293,4,25,1,3,1,0,Yes,Yes,41.5,31.3,3.6,Medium
CUST03294,6,34,1,5,2,0,No,No,54.1,9.7,3.3,Medium
CUST03295,4,26,1,2,1,0,Yes,Yes,36.1,6.3,3.8,High
CUST03296,2,11,0,1,0,0,Yes,No,19.5,31.6,3.7,Medium
CUST03297,4,18,0,2,1,0,No,No,14.3,29.1,3.9,Medium
CUST03298,10,57,3,9,3,3,No,Yes,35.5,8.1,2.6,Low
CUST03299,56,297,18,45,30,4,No,No,52.1,26.7,4.4,Low
CUST03300,26,166,11,14,6,4,Yes,No,40.9,28.8,4.2,Low
CUST03301,17,56,2,6,3,1,Yes,Yes,28.5,28.1,3.8,Low
CUST03302,9,30,2,5,2,1,No,Yes,25.0,24.9,3.8,Medium
CUST03303,6,41,3,3,2,0,Yes,Yes,25.3,16.4,3.9,Medium
CUST03304,6,34,2,2,1,1,No,No,23.5,33.0,4.1,Medium
CUST03305,14,78,3,8,3,0,Yes,No,47.5,12.4,3.6,Medium
CUST03306,36,140,7,16,9,3,Yes,Yes,38.8,20.3,4.2,Low
CUST03307,4,13,0,1,0,0,No,No,48.7,14.7,3.7,High
CUST03308,2,12,0,1,0,0,Yes,No,52.6,31.5,3.5,Medium
CUST03309,59,205,7,26,13,5,Yes,Yes,25.4,27.4,4.6,Low
CUST03310,38,250,22,32,14,4,Yes,No,24.4,43.2,3.9,Low
CUST03311,11,39,1,5,2,3,No,No,22.7,21.6,2.3,Low
CUST03312,5,15,0,2,0,0,Yes,Yes,27.8,37.0,3.1,Medium
CUST03313,21,110,9,15,6,3,Yes,Yes,18.4,29.7,3.4,Medium
CUST03314,23,92,5,8,4,5,Yes,No,51.7,17.8,4.0,Low
CUST03315,8,25,2,3,1,1,No,Yes,47.9,27.4,3.6,Medium
CUST03316,4,14,1,1,0,0,No,Yes,51.2,22.6,4.1,Medium
CUST03317,23,109,4,11,7,3,No,No,21.6,17.7,2.6,Low
CUST03318,8,34,1,5,3,0,Yes,Yes,21.2,6.2,3.7,Low
CUST03319,9,55,4,8,3,2,Yes,Yes,10.8,36.7,4.2,Medium
CUST03320,9,55,3,8,4,2,Yes,No,31.8,22.1,4.4,Medium
CUST03321,39,206,9,36,21,6,No,No,42.2,6.0,4.2,Low
CUST03322,19,60,2,9,5,0,Yes,Yes,46.6,33.4,3.6,Low
CUST03323,6,21,0,3,1,2,No,Yes,13.6,29.3,3.5,Medium
CUST03324,2,6,0,0,0,0,Yes,Yes,13.4,16.6,3.8,High
CUST03325,1,6,0,0,0,0,No,No,20.9,25.1,4.5,Medium
CUST03326,7,40,2,5,2,2,Yes,Yes,43.5,9.1,3.8,Medium
CUST03327,20,62,5,6,2,3,Yes,No,42.2,20.5,2.6,Low
CUST03328,6,37,2,4,1,0,No,Yes,53.1,29.6,4.1,Low
CUST03329,13,83,6,7,4,1,No,Yes,29.7,7.5,3.3,Low
CUST03330,8,36,2,6,3,1,No,Yes,8.1,8.1,4.0,Medium
CUST03331,17,75,6,9,4,2,No,No,38.3,19.2,3.8,Low
CUST03332,14,74,5,6,3,2,Yes,Yes,23.5,24.8,3.1,Low
CUST03333,6,19,1,3,1,1,Yes,Yes,43.7,14.4,4.0,Low
CUST03334,18,111,5,18,10,1,Yes,No,50.1,37.9,4.0,Medium
CUST03335,1,4,0,0,0,0,Yes,Yes,13.3,33.3,3.9,Medium
CUST03336,6,33,1,4,1,1,Yes,Yes,42.3,39.6,4.3,Low
CUST03337,15,104,8,18,7,0,No,No,21.5,35.6,3.8,Low
CUST03338,37,115,8,20,8,2,No,No,46.5,13.0,3.9,Low
CUST03339,38,176,9,16,9,3,Yes,No,19.5,27.0,4.6,Low
CUST03340,0,0,0,0,0,0,No,Yes,38.4,31.8,3.6,Medium
CUST03341,24,158,7,18,11,2,No,No,7.3,11.7,4.0,Low
CUST03342,18,112,7,14,7,2,Yes,Yes,13.3,8.8,4.3,Low
CUST03343,8,48,2,7,4,0,Yes,No,44.8,6.5,4.4,Medium
CUST03344,2,11,0,1,0,0,No,Yes,46.6,22.2,3.7,Medium
CUST03345,3,12,0,1,0,0,No,No,40.7,22.8,3.1,Low
CUST03346,6,19,1,2,1,0,Yes,No,49.6,40.4,3.4,Medium
CUST03347,2,7,0,1,0,0,Yes,No,32.0,31.0,4.3,Low
CUST03348,2,6,0,1,0,0,Yes,Yes,12.3,6.0,3.8,Medium
CUST03349,6,31,2,5,3,0,No,Yes,37.3,25.6,3.2,Medium
CUST03350,30,108,3,13,7,3,No,Yes,39.0,16.6,4.3,Low
CUST03351,15,76,3,11,7,1,Yes,No,6.9,44.7,3.7,Medium
CUST03352,14,65,2,5,2,0,No,No,29.3,6.1,4.1,Medium
CUST03353,14,84,6,9,4,2,Yes,Yes,5.6,16.2,3.9,Medium
CUST03354,54,355,21,48,26,3,Yes,Yes,54.5,7.8,4.9,Low
CUST03355,4,24,1,2,0,0,Yes,Yes,47.4,25.7,3.8,Low
CUST03356,23,86,5,15,9,1,No,No,31.7,10.6,3.1,Medium
CUST03357,0,0,0,0,0,0,No,No,17.9,44.6,3.7,High
CUST03358,35,129,5,19,8,2,Yes,Yes,16.2,20.7,4.3,Low
CUST03359,1,6,0,0,0,0,No,Yes,6.7,27.0,3.8,Medium
CUST03360,3,17,1,2,1,0,No,Yes,8.2,22.6,4.4,High
CUST03361,8,41,3,4,2,1,Yes,Yes,30.9,25.7,4.0,Low
CUST03362,58,393,14,63,27,5,No,Yes,36.8,24.8,4.6,Low
CUST03363,15,80,3,12,7,0,Yes,Yes,47.9,22.6,3.7,Low
CUST03364,5,19,1,1,0,1,No,No,43.2,24.0,4.1,Medium
CUST03365,12,64,4,7,3,0,No,No,31.8,6.1,4.0,Medium
CUST03366,13,50,3,7,4,1,Yes,No,45.3,9.6,3.4,Medium
CUST03367,7,38,2,4,1,0,Yes,No,16.7,7.2,3.3,Medium
CUST03368,6,22,0,2,1,0,Yes,Yes,13.0,29.3,3.8,Medium
CUST03369,17,101,8,10,4,2,Yes,Yes,14.3,33.2,3.0,Low
CUST03370,2,12,0,1,0,0,No,No,7.9,44.9,4.4,High
CUST03371,39,238,20,36,24,5,Yes,Yes,5.1,39.5,3.8,Low
CUST03372,25,96,2,15,7,4,No,No,26.6,19.5,4.0,Low
CUST03373,3,16,0,2,1,0,No,Yes,7.4,22.9,4.1,Low
CUST03374,16,84,6,10,6,0,Yes,Yes,44.4,17.6,3.5,Medium
CUST03375,33,106,8,13,8,4,Yes,Yes,45.9,30.2,4.5,Low
CUST03376,12,74,3,6,3,1,Yes,Yes,22.3,37.5,3.6,Low
CUST03377,3,18,0,3,1,0,Yes,Yes,39.5,18.0,4.4,Medium
CUST03378,7,29,2,4,2,0,No,No,12.5,24.0,3.2,Medium
CUST03379,39,132,11,13,6,5,Yes,No,5.4,30.3,4.4,Low
CUST03380,31,168,13,27,12,5,Yes,Yes,52.8,16.0,4.0,Low
CUST03381,37,183,13,18,12,3,No,Yes,37.6,7.5,4.1,Low
CUST03382,1,6,0,0,0,0,Yes,Yes,46.6,37.3,3.5,Medium
CUST03383,25,130,4,22,10,5,Yes,Yes,27.0,22.0,4.8,Low
CUST03384,4,15,0,2,0,0,No,Yes,19.6,18.7,3.9,Medium
CUST03385,16,55,2,8,4,2,No,Yes,24.0,11.4,4.0,Low
CUST03386,12,83,7,13,5,0,No,Yes,41.4,24.1,3.8,Low
CUST03387,49,295,22,31,18,4,No,No,29.2,26.3,4.6,Low
CUST03388,23,91,3,13,7,3,Yes,Yes,21.2,43.3,3.4,Low
CUST03389,19,77,5,9,4,1,No,Yes,40.0,39.9,4.2,Low
CUST03390,5,21,0,2,1,0,No,Yes,13.5,8.4,4.5,Medium
CUST03391,6,22,0,3,1,1,Yes,No,37.8,35.2,4.0,Low
CUST03392,35,108,6,10,4,5,Yes,Yes,27.1,32.1,4.8,Low
CUST03393,38,260,19,42,17,4,Yes,No,38.0,8.1,4.3,Low
CUST03394,7,31,1,4,2,2,Yes,No,9.6,38.6,4.1,Medium
CUST03395,3,17,0,2,0,0,Yes,No,52.0,36.9,3.0,Medium
CUST03396,55,377,31,43,21,7,Yes,Yes,30.8,29.3,4.8,Low
CUST03397,18,86,7,13,6,3,No,Yes,6.2,38.0,3.1,Low
CUST03398,2,6,0,0,0,0,No,Yes,11.0,22.7,3.8,High
CUST03399,29,93,7,9,4,3,Yes,Yes,30.2,30.0,2.7,Low
CUST03400,3,17,0,2,1,0,Yes,No,12.1,9.5,3.5,Low
CUST03401,17,108,7,9,4,2,No,Yes,38.5,10.0,3.5,Medium
CUST03402,4,19,1,2,1,0,Yes,No,18.6,40.1,4.4,Medium
CUST03403,20,63,3,10,4,5,Yes,No,39.8,7.2,4.0,Low
CUST03404,14,45,3,3,1,1,Yes,Yes,41.9,40.7,3.4,Medium
CUST03405,25,144,11,17,9,3,Yes,Yes,31.5,23.7,4.7,Low
CUST03406,16,50,4,8,4,2,No,No,30.5,5.2,3.7,Low
CUST03407,12,52,3,5,2,2,Yes,No,23.6,6.5,4.0,Low
CUST03408,5,34,1,6,4,0,Yes,No,46.1,6.4,3.3,Medium
CUST03409,26,159,8,23,13,4,Yes,No,12.0,39.7,4.0,Low
CUST03410,16,90,7,14,5,1,Yes,No,34.5,27.7,4.0,Low
CUST03411,4,18,1,1,0,0,Yes,Yes,47.6,13.1,4.1,High
CUST03412,5,15,0,1,0,0,No,No,42.4,43.8,3.4,Medium
CUST03413,4,20,0,2,1,0,No,Yes,26.7,38.7,3.3,Medium
CUST03414,0,0,0,0,0,0,Yes,No,35.6,38.2,4.4,Medium
CUST03415,1,3,0,0,0,0,Yes,Yes,9.1,44.0,3.9,Medium
CUST03416,3,14,1,1,0,0,No,Yes,12.1,27.2,4.2,Medium
CUST03417,3,14,1,1,0,0,Yes,Yes,32.3,9.5,3.8,Medium
CUST03418,27,150,10,12,6,3,No,No,29.0,19.1,2.7,Low
CUST03419,13,51,1,8,4,2,No,Yes,28.4,26.3,3.9,Low
CUST03420,18,78,2,11,6,0,Yes,No,43.9,27.8,3.6,Medium
CUST03421,15,45,3,5,2,1,Yes,Yes,31.1,32.3,3.9,Medium
CUST03422,30,182,5,17,11,5,No,Yes,5.1,11.7,4.5,Low
CUST03423,13,69,4,12,5,2,No,No,23.6,35.4,3.6,Low
CUST03424,38,138,9,21,12,3,Yes,Yes,20.8,22.8,4.6,Low
CUST03425,28,94,4,16,8,3,Yes,No,49.1,21.5,4.7,Low
CUST03426,18,101,7,17,11,1,Yes,No,17.6,36.9,4.3,Medium
CUST03427,7,42,2,4,2,0,No,Yes,13.4,42.4,3.9,Medium
CUST03428,4,13,0,2,0,0,No,No,21.5,17.1,3.5,Medium
CUST03429,33,173,10,22,13,4,Yes,Yes,52.7,7.6,4.4,Low
CUST03430,12,77,6,13,8,3,No,No,50.6,8.5,3.1,Low
CUST03431,0,0,0,0,0,0,No,Yes,8.4,18.6,3.6,High
CUST03432,1,6,0,0,0,0,No,Yes,45.2,18.2,3.9,Low
CUST03433,2,12,0,1,0,0,Yes,No,21.2,28.2,3.8,Medium
CUST03434,16,88,4,8,5,2,Yes,No,15.9,41.8,3.9,Low
CUST03435,16,71,3,8,3,1,No,No,9.0,23.7,3.5,Medium
CUST03436,53,242,16,30,20,7,Yes,No,22.8,5.3,4.9,Low
CUST03437,16,98,7,7,3,2,No,No,12.5,34.5,4.3,Low
CUST03438,6,40,1,3,1,1,Yes,Yes,15.0,24.8,4.2,Medium
CUST03439,47,206,11,27,13,3,Yes,No,38.0,35.7,4.4,Low
CUST03440,11,40,1,5,2,0,Yes,Yes,45.6,14.1,4.4,Medium
CUST03441,19,102,5,9,3,5,Yes,No,47.1,43.3,4.0,Low
CUST03442,1,6,0,0,0,0,No,No,21.4,16.5,3.2,Medium
CUST03443,17,91,7,12,6,0,No,Yes,24.1,7.4,3.8,Low
CUST03444,12,82,3,10,6,1,Yes,No,10.3,37.9,3.1,Medium
CUST03445,6,35,1,3,1,1,Yes,Yes,19.3,16.9,4.3,Low
CUST03446,17,115,6,20,12,2,No,Yes,50.4,6.3,3.0,Low
CUST03447,19,132,7,16,10,1,Yes,Yes,30.5,15.4,4.3,Low
CUST03448,4,24,1,3,1,0,Yes,No,34.8,31.8,4.1,Medium
CUST03449,15,73,4,7,3,1,No,No,17.5,35.5,4.1,Medium
CUST03450,11,49,4,8,4,2,Yes,No,41.8,39.6,4.4,Low
CUST03451,29,172,5,22,10,5,Yes,No,38.2,20.0,4.3,Low
CUST03452,5,26,1,2,1,1,No,Yes,17.5,8.6,4.2,Medium
CUST03453,39,221,14,29,16,5,No,Yes,32.6,25.4,3.9,Low
CUST03454,21,110,6,16,7,4,No,No,19.1,34.7,4.2,Low
CUST03455,34,237,13,22,10,5,No,Yes,51.9,33.1,4.6,Low
CUST03456,6,41,2,6,2,2,No,Yes,39.7,18.2,4.0,Medium
CUST03457,50,347,16,43,22,7,No,Yes,39.3,22.3,4.7,Low
CUST03458,39,205,13,24,16,2,Yes,No,32.7,38.5,4.3,Low
CUST03459,5,32,1,4,2,0,No,Yes,52.8,7.2,3.7,Medium
CUST03460,3,12,0,1,0,0,No,Yes,51.5,25.0,3.9,Medium
CUST03461,49,211,7,29,14,3,No,Yes,19.6,41.7,4.5,Low
CUST03462,3,20,0,1,0,0,Yes,Yes,43.8,19.4,3.8,Medium
CUST03463,16,102,8,10,6,2,No,Yes,50.0,40.9,4.1,Low
CUST03464,7,40,2,5,2,1,Yes,Yes,43.5,6.9,3.7,Medium
CUST03465,35,131,4,20,13,4,No,Yes,10.5,35.6,4.6,Low
CUST03466,22,152,5,19,11,2,No,Yes,32.1,39.9,2.4,Medium
CUST03467,12,40,1,4,1,0,No,No,14.2,23.9,3.6,Low
CUST03468,2,9,0,1,0,0,Yes,No,37.6,31.2,3.3,Medium
CUST03469,7,47,2,6,3,1,Yes,Yes,6.0,37.6,4.2,Low
CUST03470,17,58,3,9,3,2,Yes,Yes,47.0,16.3,4.3,Medium
CUST03471,3,20,1,2,1,0,Yes,No,19.4,11.9,3.2,Medium
CUST03472,2,11,0,1,0,0,No,Yes,11.4,39.5,3.9,Medium
CUST03473,5,21,1,2,1,0,Yes,Yes,37.7,31.7,3.8,Medium
CUST03474,5,29,1,2,1,1,Yes,Yes,9.1,19.5,3.8,Medium
CUST03475,6,26,0,4,2,2,Yes,Yes,18.7,29.9,3.5,Low
CUST03476,4,13,0,2,1,0,No,No,27.8,8.3,3.7,Medium
CUST03477,17,56,1,6,3,0,Yes,Yes,44.7,20.3,3.7,Medium
CUST03478,1,5,0,0,0,0,Yes,No,11.9,9.1,3.8,Medium
CUST03479,7,46,2,7,4,0,Yes,Yes,35.8,23.6,4.1,Low
CUST03480,20,89,3,13,5,3,Yes,Yes,25.1,39.4,4.7,Low
CUST03481,36,186,6,23,14,5,Yes,Yes,7.5,15.8,4.9,Low
CUST03482,13,41,1,4,2,2,Yes,No,6.6,37.2,4.1,Low
CUST03483,18,87,3,9,3,2,Yes,Yes,30.4,19.7,3.9,Medium
CUST03484,14,45,2,4,2,0,Yes,Yes,13.5,44.5,4.2,Low
CUST03485,18,77,3,11,6,2,No,No,36.2,43.4,3.7,Low
CUST03486,38,186,5,18,9,3,Yes,Yes,54.0,32.4,4.4,Low
CUST03487,18,125,5,13,6,1,No,Yes,9.1,11.3,4.3,Low
CUST03488,30,183,10,28,17,6,Yes,Yes,53.1,27.0,4.8,Low
CUST03489,7,25,1,3,1,2,Yes,Yes,19.9,28.9,3.9,Medium
CUST03490,14,57,4,7,3,1,Yes,No,38.1,32.4,4.4,Low
CUST03491,48,310,9,31,15,3,Yes,Yes,40.8,21.8,4.4,Low
CUST03492,24,126,4,20,12,7,Yes,Yes,51.0,21.0,4.5,Low
CUST03493,17,86,4,13,8,0,No,No,48.5,40.0,4.1,Medium
CUST03494,25,81,3,7,4,4,Yes,Yes,42.6,35.5,4.1,Low
CUST03495,4,13,0,1,0,0,Yes,Yes,46.4,20.1,4.1,Medium
CUST03496,10,45,2,7,3,3,Yes,Yes,20.9,14.8,2.5,Low
CUST03497,10,50,4,7,3,0,Yes,No,37.6,41.7,4.4,Medium
CUST03498,59,245,11,39,25,4,No,Yes,22.9,32.0,4.4,Low
CUST03499,1,6,0,0,0,0,Yes,Yes,37.7,28.6,4.1,Medium
CUST03500,2,13,0,1,0,0,No,No,12.2,40.5,3.7,High
CUST03501,4,26,1,2,0,0,No,No,13.5,5.5,3.8,Medium
CUST03502,11,47,2,6,2,2,No,No,29.4,32.3,2.8,Low
CUST03503,38,234,20,38,24,2,Yes,No,36.7,36.6,4.2,Low
CUST03504,18,65,5,5,2,0,No,Yes,5.4,13.5,4.2,Medium
CUST03505,19,131,4,12,4,5,Yes,Yes,31.0,43.5,4.4,Low
CUST03506,5,31,1,3,1,0,No,No,43.5,18.2,3.1,Medium
CUST03507,7,39,2,5,2,0,Yes,No,33.9,20.3,3.6,Medium
CUST03508,5,18,1,2,1,0,No,Yes,16.2,26.4,4.2,Low
CUST03509,26,99,5,14,8,4,No,No,43.3,14.8,4.2,Low
CUST03510,26,168,8,15,7,2,Yes,Yes,43.5,41.8,3.9,Low
CUST03511,7,42,1,7,3,0,Yes,No,23.4,19.1,4.1,Low
CUST03512,38,231,7,30,20,5,Yes,Yes,27.5,13.8,4.4,Low
CUST03513,19,111,8,9,6,2,No,Yes,37.2,5.0,3.7,Low
CUST03514,18,93,4,15,10,1,No,Yes,45.9,11.1,3.9,Low
CUST03515,2,9,0,1,0,0,No,Yes,32.2,30.7,3.2,Medium
CUST03516,9,43,1,5,2,1,Yes,Yes,11.8,27.4,3.9,Medium
CUST03517,2,12,0,1,0,0,Yes,No,23.8,22.2,3.8,High
CUST03518,26,89,5,15,6,1,Yes,Yes,37.4,15.1,3.4,Medium
CUST03519,10,69,3,9,5,2,No,Yes,51.5,6.1,3.7,Medium
CUST03520,1,5,0,0,0,0,Yes,Yes,54.9,13.7,4.4,Medium
CUST03521,1,3,0,0,0,0,Yes,No,6.1,41.2,3.8,Low
CUST03522,11,56,2,5,2,1,Yes,Yes,11.1,9.8,3.8,Medium
CUST03523,19,127,9,13,7,2,Yes,No,45.4,20.2,4.1,Medium
CUST03524,11,73,5,11,4,2,No,No,38.2,6.0,3.5,Medium
CUST03525,18,74,3,9,5,0,No,Yes,41.5,35.4,4.0,Low
CUST03526,6,18,1,2,1,0,No,No,41.9,15.3,3.1,Medium
CUST03527,3,16,0,2,1,0,No,No,45.6,35.8,3.8,High
CUST03528,3,11,0,1,0,0,No,No,7.7,33.6,3.9,High
CUST03529,9,34,1,5,2,0,Yes,Yes,10.9,17.0,4.1,Medium
CUST03530,18,80,3,13,6,2,Yes,Yes,21.7,6.4,4.1,Medium
CUST03531,39,240,19,36,22,7,No,No,16.7,27.4,4.6,Low
CUST03532,26,122,6,18,9,2,Yes,Yes,15.1,5.4,2.8,Medium
CUST03533,17,98,4,10,5,2,Yes,Yes,41.9,30.9,4.3,Low
CUST03534,19,82,5,8,5,2,Yes,No,45.1,29.7,4.0,Medium
CUST03535,4,12,0,1,0,0,No,No,52.5,34.4,4.1,Medium
CUST03536,8,40,3,5,2,0,Yes,No,38.0,30.4,3.4,Low
CUST03537,4,27,0,2,1,0,No,Yes,27.5,38.6,3.8,Medium
CUST03538,33,171,13,29,15,3,Yes,Yes,15.5,15.7,4.3,Low
CUST03539,25,159,8,17,7,3,No,Yes,52.4,10.8,2.4,Low
CUST03540,4,17,1,2,0,0,Yes,Yes,33.8,10.1,4.4,High
CUST03541,49,166,8,24,15,5,Yes,No,33.6,6.1,4.4,Low
CUST03542,36,206,6,17,10,4,Yes,Yes,16.7,40.9,4.0,Low
CUST03543,1,4,0,0,0,0,No,Yes,31.7,39.4,3.9,Medium
CUST03544,15,84,6,8,5,3,Yes,Yes,31.4,9.8,3.9,Low
CUST03545,2,9,0,1,0,0,No,Yes,6.9,12.3,3.9,High
CUST03546,29,167,14,19,10,3,Yes,No,54.6,18.9,4.3,Low
CUST03547,1,3,0,0,0,0,Yes,Yes,11.0,41.4,3.2,Medium
CUST03548,24,73,4,7,3,5,Yes,Yes,16.0,33.6,4.4,Low
CUST03549,17,52,1,8,4,2,Yes,Yes,18.6,29.7,4.2,Low
CUST03550,4,24,1,3,1,0,No,No,53.8,44.5,4.1,Medium
CUST03551,37,152,5,18,11,3,Yes,No,17.0,26.6,3.8,Low
CUST03552,1,4,0,0,0,0,No,Yes,46.5,22.8,3.7,Medium
CUST03553,39,198,14,21,8,5,Yes,Yes,29.7,22.6,4.5,Low
CUST03554,1,6,0,0,0,0,Yes,No,37.4,41.6,3.9,Medium
CUST03555,17,118,6,16,10,2,Yes,Yes,5.2,44.1,3.5,Medium
CUST03556,16,102,4,12,8,1,Yes,Yes,8.8,27.0,4.2,Medium
CUST03557,1,5,0,0,0,0,Yes,Yes,50.5,44.2,3.2,Medium
CUST03558,24,121,9,18,8,3,Yes,Yes,11.2,21.6,4.2,Low
CUST03559,6,21,1,3,1,0,No,Yes,25.9,9.6,4.1,Low
CUST03560,41,262,21,43,24,5,Yes,No,47.6,11.8,5.0,Low
CUST03561,31,167,7,27,12,3,Yes,Yes,25.3,22.1,4.3,Low
CUST03562,16,100,6,17,8,2,Yes,Yes,25.0,23.3,4.3,Medium
CUST03563,21,123,6,18,9,2,Yes,No,28.3,24.9,4.5,Low
CUST03564,2,12,0,1,0,0,Yes,No,35.2,35.1,3.6,Medium
CUST03565,11,66,3,8,4,2,Yes,No,28.2,35.2,4.3,Medium
CUST03566,4,23,1,3,1,0,Yes,Yes,41.4,35.8,3.8,High
CUST03567,10,69,2,11,6,1,No,Yes,37.4,36.8,4.2,Medium
CUST03568,6,20,0,3,2,2,No,No,48.6,28.4,3.7,Low
CUST03569,18,92,8,9,5,1,No,Yes,19.2,44.7,3.4,Medium
CUST03570,26,151,4,16,6,2,Yes,Yes,34.0,17.7,4.7,Low
CUST03571,34,129,4,22,12,3,Yes,Yes,12.7,6.5,3.9,Low
CUST03572,30,128,8,13,6,4,Yes,Yes,15.6,15.5,4.3,Low
CUST03573,19,119,6,14,7,0,Yes,Yes,16.8,5.7,3.7,Low
CUST03574,17,79,5,8,4,4,No,Yes,51.7,36.6,4.2,Low
CUST03575,8,43,2,6,3,0,No,No,40.6,32.8,3.9,Low
CUST03576,7,21,1,1,0,0,Yes,Yes,17.5,25.4,4.1,Low
CUST03577,16,106,6,17,11,0,No,Yes,7.2,29.5,3.5,Low
CUST03578,4,19,0,2,1,0,Yes,Yes,25.8,16.7,3.4,Medium
CUST03579,4,18,0,2,0,0,No,No,11.9,38.8,3.6,Medium
CUST03580,13,81,3,7,2,2,No,No,24.3,30.7,4.2,Medium
CUST03581,1,4,0,0,0,0,Yes,No,52.0,26.8,3.7,Medium
CUST03582,28,104,8,13,7,4,Yes,Yes,30.1,23.8,4.3,Low
CUST03583,7,48,4,6,2,0,No,Yes,46.7,31.5,4.2,Medium
CUST03584,39,254,12,24,11,4,Yes,No,32.9,37.5,3.9,Low
CUST03585,8,27,1,4,2,1,Yes,Yes,40.8,19.4,3.8,Low
CUST03586,2,12,0,2,0,0,Yes,Yes,37.6,18.7,4.4,Medium
CUST03587,37,142,4,23,11,2,Yes,No,28.6,33.6,4.4,Low
CUST03588,9,50,3,5,3,2,No,No,16.7,41.4,4.2,Low
CUST03589,13,84,5,7,3,0,Yes,No,32.4,34.2,3.8,Medium
CUST03590,1,5,0,0,0,0,No,Yes,15.2,18.7,3.6,Medium
CUST03591,12,69,3,8,5,1,No,Yes,28.4,24.6,4.4,Low
CUST03592,15,90,7,8,3,1,Yes,Yes,20.1,27.1,3.9,Low
CUST03593,7,33,2,3,1,0,Yes,Yes,25.1,41.1,4.4,Medium
CUST03594,14,80,2,7,3,3,No,Yes,53.5,35.2,2.3,Low
CUST03595,18,123,9,13,6,2,No,Yes,21.4,31.7,4.2,Low
CUST03596,2,6,0,0,0,0,Yes,Yes,43.7,19.9,4.5,Medium
CUST03597,19,65,4,5,2,0,Yes,No,45.7,25.8,3.7,Medium
CUST03598,24,81,3,9,4,2,Yes,Yes,10.7,18.9,3.1,Low
CUST03599,37,157,6,19,11,5,Yes,Yes,11.5,14.4,4.3,Low
CUST03600,11,63,2,5,3,1,Yes,Yes,48.9,12.2,4.3,Medium
CUST03601,24,96,7,11,5,1,Yes,Yes,39.2,43.1,2.6,Medium
CUST03602,31,119,4,20,11,6,Yes,Yes,42.1,16.5,4.8,Low
CUST03603,44,284,22,50,23,6,Yes,Yes,42.9,19.9,4.4,Low
CUST03604,11,53,4,6,3,1,Yes,Yes,16.8,17.7,4.3,Medium
CUST03605,20,84,2,10,6,6,No,Yes,33.9,36.7,4.3,Low
CUST03606,4,25,1,2,1,0,Yes,No,32.7,31.6,4.0,Medium
CUST03607,51,181,11,16,10,5,No,Yes,37.8,43.6,4.9,Low
CUST03608,1,5,0,0,0,0,Yes,No,16.2,30.0,4.0,Low
CUST03609,12,71,5,10,6,1,No,No,35.7,16.1,3.5,Medium
CUST03610,17,77,6,9,3,1,No,Yes,12.4,5.7,2.9,Medium
CUST03611,13,82,6,13,5,1,No,Yes,6.9,28.1,4.2,Low
CUST03612,2,10,0,1,0,0,Yes,No,15.2,19.6,3.6,Low
CUST03613,1,3,0,0,0,0,Yes,No,5.1,27.9,4.3,Low
CUST03614,12,60,4,4,2,1,No,No,46.0,34.7,2.9,Low
CUST03615,33,99,6,8,4,6,No,Yes,28.7,44.0,4.8,Low
CUST03616,11,39,1,4,2,1,Yes,Yes,29.3,21.1,3.5,Medium
CUST03617,23,124,10,16,7,6,Yes,No,18.6,26.2,4.4,Low
CUST03618,1,5,0,0,0,0,Yes,Yes,23.4,14.6,3.8,Medium
CUST03619,37,192,13,15,7,5,Yes,No,37.6,39.4,4.3,Low
CUST03620,3,12,0,1,0,0,No,No,43.3,6.7,3.6,Medium
CUST03621,30,158,14,23,13,2,No,Yes,11.5,45.0,4.6,Low
CUST03622,14,47,2,5,2,0,Yes,Yes,27.2,22.0,3.5,Low
CUST03623,48,174,12,28,12,4,Yes,Yes,29.9,25.3,4.8,Low
CUST03624,5,21,0,2,0,2,Yes,Yes,43.5,29.3,4.1,Medium
CUST03625,4,17,1,2,0,0,No,Yes,30.3,38.3,4.1,Low
CUST03626,23,107,7,15,9,2,Yes,No,18.1,37.4,4.4,Low
CUST03627,27,83,5,11,6,7,No,No,47.0,26.9,4.9,Low
CUST03628,10,50,4,8,3,2,No,No,54.0,20.6,4.4,Low
CUST03629,2,10,0,0,0,0,Yes,Yes,39.0,26.3,3.6,Medium
CUST03630,20,127,8,10,4,4,No,Yes,30.1,44.3,4.3,Low
CUST03631,1,4,0,0,0,0,No,No,21.6,13.1,4.2,High
CUST03632,6,27,1,2,1,1,No,Yes,8.8,37.7,4.4,Medium
CUST03633,21,78,5,10,4,1,No,Yes,34.5,36.8,2.3,Low
CUST03634,29,168,6,16,8,5,No,Yes,8.6,25.2,4.1,Low
CUST03635,13,72,2,10,5,1,No,No,17.5,34.6,4.1,Medium
CUST03636,15,79,3,13,5,2,Yes,Yes,17.8,38.6,3.8,Low
CUST03637,1,6,0,0,0,0,Yes,No,24.3,30.7,3.8,Medium
CUST03638,27,87,5,14,7,3,Yes,Yes,22.5,20.7,2.6,Low
CUST03639,7,26,2,3,1,0,Yes,No,27.4,29.3,3.6,Medium
CUST03640,3,17,0,1,0,0,Yes,Yes,48.5,41.8,3.4,Medium
CUST03641,18,64,5,10,5,3,No,Yes,7.2,14.5,2.4,Low
CUST03642,4,20,1,1,0,0,Yes,Yes,52.4,41.2,3.6,Medium
CUST03643,4,16,0,2,1,0,Yes,No,47.1,44.4,3.5,Medium
CUST03644,39,251,13,41,22,2,No,No,41.3,36.9,4.5,Low
CUST03645,5,20,0,2,0,1,No,Yes,23.4,35.5,3.6,Medium
CUST03646,7,35,1,5,2,0,No,No,10.2,40.4,3.5,Medium
CUST03647,32,117,7,20,9,3,Yes,No,9.4,31.7,4.0,Low
CUST03648,3,13,0,1,0,0,Yes,Yes,11.8,7.7,4.2,Medium
CUST03649,2,7,0,0,0,0,No,No,7.2,28.2,3.9,Medium
CUST03650,18,76,5,12,6,2,Yes,Yes,18.8,31.1,4.0,Medium
CUST03651,25,112,7,13,6,4,No,Yes,33.9,43.2,4.2,Low
CUST03652,17,79,5,9,5,1,No,Yes,31.0,10.7,3.6,Low
CUST03653,11,48,1,6,3,2,Yes,Yes,46.8,39.6,4.2,Medium
CUST03654,13,71,4,6,3,1,Yes,No,54.0,35.6,4.3,Low
CUST03655,23,78,2,9,3,2,No,No,47.8,29.7,4.7,Low
CUST03656,36,187,15,23,15,4,Yes,Yes,21.4,21.7,4.3,Low
CUST03657,5,20,1,3,1,0,Yes,Yes,19.0,22.7,3.1,Low
CUST03658,6,34,2,4,2,0,No,Yes,46.3,27.7,3.2,Medium
CUST03659,5,25,1,3,2,0,Yes,Yes,18.6,8.2,3.5,Medium
CUST03660,1,4,0,0,0,0,Yes,Yes,39.0,26.4,3.6,Low
CUST03661,28,119,6,12,6,3,Yes,Yes,40.2,8.4,2.4,Low
CUST03662,1,4,0,0,0,0,Yes,Yes,49.2,20.8,4.4,Medium
CUST03663,1,3,0,0,0,0,Yes,No,5.4,32.2,4.1,Medium
CUST03664,5,31,2,4,1,2,Yes,Yes,54.0,18.5,4.1,Low
CUST03665,27,88,3,15,6,1,No,No,7.7,9.9,2.9,Low
CUST03666,35,162,6,24,13,5,Yes,Yes,7.5,24.1,4.4,Low
CUST03667,31,173,5,21,11,3,Yes,No,32.6,31.3,4.1,Low
CUST03668,5,18,0,1,0,2,Yes,No,51.7,10.0,3.4,Low
CUST03669,14,46,1,4,1,1,Yes,Yes,28.4,40.6,3.7,Low
CUST03670,8,54,2,6,3,2,Yes,Yes,11.6,14.4,3.9,Medium
CUST03671,4,24,1,4,1,0,Yes,Yes,32.2,15.6,3.7,Medium
CUST03672,45,290,9,52,25,6,Yes,Yes,23.5,15.1,4.7,Low
CUST03673,2,9,0,1,0,0,Yes,Yes,10.1,5.6,4.2,Low
CUST03674,28,153,12,16,7,4,Yes,Yes,44.1,32.8,3.8,Low
CUST03675,16,111,8,16,7,2,Yes,Yes,11.6,6.9,3.9,Medium
CUST03676,1,4,0,0,0,0,Yes,No,43.6,16.1,4.3,High
CUST03677,14,58,2,5,2,1,Yes,No,17.2,43.5,3.8,Low
CUST03678,8,25,2,3,1,0,Yes,No,28.7,31.7,3.8,Low
CUST03679,7,35,1,4,1,2,Yes,No,28.1,44.2,4.0,Low
CUST03680,10,58,4,7,3,0,Yes,Yes,49.1,22.1,4.1,Low
CUST03681,4,21,0,2,1,0,Yes,No,20.2,41.5,3.9,High
CUST03682,2,9,0,0,0,0,No,No,23.4,18.9,3.4,Medium
CUST03683,31,99,3,11,4,4,Yes,Yes,51.4,27.5,4.4,Low
CUST03684,11,69,2,5,2,0,No,Yes,24.6,39.6,3.7,Low
CUST03685,8,47,1,6,4,1,Yes,No,7.5,34.6,4.1,Medium
CUST03686,5,33,2,3,1,0,Yes,Yes,14.5,7.5,4.3,Low
CUST03687,19,105,4,11,5,0,Yes,Yes,26.5,20.2,3.4,Low
CUST03688,7,48,2,7,3,0,Yes,No,38.8,14.5,3.2,Medium
CUST03689,3,20,1,2,1,0,Yes,No,22.7,34.4,4.2,High
CUST03690,6,39,1,6,2,2,No,No,22.0,37.7,4.1,Low
CUST03691,28,106,5,11,7,7,Yes,Yes,47.0,28.6,4.6,Low
CUST03692,19,124,8,11,6,2,No,Yes,18.3,12.3,3.5,Medium
CUST03693,5,17,0,3,1,2,No,No,6.4,10.1,4.1,Low
CUST03694,12,66,5,11,7,2,No,Yes,36.7,22.8,4.0,Medium
CUST03695,2,10,0,1,0,0,No,No,16.6,35.3,4.4,Medium
CUST03696,21,128,9,14,8,3,No,Yes,45.0,39.6,3.1,Low
CUST03697,19,105,6,10,6,1,Yes,Yes,47.5,24.9,3.1,Low
CUST03698,13,58,3,9,5,2,No,No,46.4,18.9,3.9,Low
CUST03699,1,6,0,1,0,0,Yes,Yes,51.8,31.5,4.0,Medium
CUST03700,2,9,0,1,0,0,Yes,No,6.0,11.1,3.6,High
CUST03701,11,36,3,5,2,3,No,Yes,17.2,35.9,2.4,Low
CUST03702,9,54,3,5,2,2,Yes,No,31.6,41.0,4.3,Medium
CUST03703,10,32,2,4,2,1,No,Yes,12.4,8.6,4.0,Medium
CUST03704,10,61,4,10,4,1,Yes,No,8.1,33.1,3.4,Medium
CUST03705,2,12,0,1,0,0,Yes,No,46.4,40.2,4.1,Medium
CUST03706,7,43,3,7,2,0,Yes,Yes,36.0,35.8,4.5,Low
CUST03707,4,15,0,2,1,0,No,No,43.2,18.5,3.3,Low
CUST03708,19,68,2,5,3,1,No,Yes,42.9,12.1,4.2,Low
CUST03709,1,3,0,0,0,0,No,No,51.2,14.6,3.8,Low
CUST03710,5,22,1,3,1,0,Yes,No,41.0,8.2,4.2,Medium
CUST03711,10,46,2,6,2,2,Yes,Yes,35.4,17.8,4.4,Low
CUST03712,0,0,0,0,0,0,Yes,Yes,53.1,30.1,3.5,Medium
CUST03713,14,63,2,9,5,2,No,Yes,37.8,38.3,3.8,Low
CUST03714,5,27,2,2,1,1,Yes,Yes,14.0,5.1,4.1,Low
CUST03715,7,21,1,2,0,2,No,No,26.3,43.9,4.2,Medium
CUST03716,12,41,3,6,3,1,No,No,25.7,8.8,4.0,Low
CUST03717,44,162,14,19,8,6,Yes,Yes,23.5,15.8,4.3,Low
CUST03718,14,50,2,4,2,1,Yes,No,11.4,24.3,4.3,Medium
CUST03719,5,34,2,4,1,0,No,No,41.1,5.4,4.1,Low
CUST03720,9,45,3,5,2,2,No,No,51.9,25.7,3.5,Low
CUST03721,14,94,6,13,5,0,No,Yes,38.0,33.9,4.0,Medium
CUST03722,43,298,13,29,11,3,No,Yes,46.6,7.3,4.4,Low
CUST03723,14,90,8,14,7,2,No,No,40.5,6.2,2.9,Low
CUST03724,1,3,0,0,0,0,No,Yes,54.3,23.5,4.1,Low
CUST03725,20,109,9,19,13,3,No,Yes,30.3,32.7,4.0,Low
CUST03726,18,95,8,8,5,1,No,No,48.8,23.2,3.7,Low
CUST03727,34,132,4,13,7,7,No,No,5.2,32.9,4.6,Low
CUST03728,1,4,0,0,0,0,Yes,Yes,29.6,33.1,4.2,Medium
CUST03729,21,84,5,8,5,2,Yes,Yes,13.5,14.4,2.5,Low
CUST03730,2,7,0,0,0,0,Yes,Yes,43.6,20.4,4.1,Medium
CUST03731,19,119,6,20,9,4,Yes,Yes,35.3,37.6,4.4,Low
CUST03732,12,59,4,4,1,1,Yes,Yes,42.1,39.3,3.5,Medium
CUST03733,4,26,1,3,2,0,No,Yes,49.7,40.1,4.4,Medium
CUST03734,17,109,8,17,7,1,Yes,No,51.6,26.7,3.9,Low
CUST03735,18,97,8,10,6,1,Yes,Yes,43.9,29.6,4.0,Low
CUST03736,1,5,0,0,0,0,Yes,No,40.6,6.6,3.2,Medium
CUST03737,2,12,0,1,0,0,No,Yes,49.4,12.8,3.9,Medium
CUST03738,18,80,3,9,6,2,Yes,No,29.5,38.5,3.7,Medium
CUST03739,17,114,9,12,7,0,No,Yes,35.6,28.0,4.2,Low
CUST03740,1,5,0,0,0,0,Yes,No,12.2,10.8,4.2,Medium
CUST03741,29,120,8,21,11,5,Yes,No,14.0,26.2,4.0,Low
CUST03742,41,233,17,22,8,6,No,Yes,6.0,38.2,4.6,Low
CUST03743,7,41,1,7,4,0,Yes,No,25.9,12.4,4.1,Medium
CUST03744,0,0,0,0,0,0,Yes,Yes,43.0,26.8,3.9,Medium
CUST03745,1,6,0,0,0,0,Yes,Yes,40.3,18.1,3.6,High
CUST03746,25,144,11,16,10,4,No,No,20.2,30.9,4.6,Low
CUST03747,14,74,5,12,5,0,Yes,Yes,47.9,27.5,4.3,Low
CUST03748,6,20,0,2,0,1,Yes,Yes,18.0,32.3,4.0,Low
CUST03749,2,13,0,1,0,0,Yes,Yes,9.4,24.2,4.5,Medium
CUST03750,14,43,1,5,3,0,Yes,Yes,22.5,35.6,4.2,Medium
CUST03751,43,240,13,41,26,3,No,No,44.6,28.3,4.7,Low
CUST03752,12,69,3,12,5,1,Yes,No,9.0,43.5,3.9,Low
CUST03753,25,155,10,13,6,3,Yes,No,8.3,10.1,4.3,Low
CUST03754,1,5,0,0,0,0,Yes,Yes,51.9,7.0,3.6,Medium
CUST03755,7,40,3,4,2,0,Yes,Yes,29.0,11.1,4.2,Low
CUST03756,3,12,0,1,0,0,No,Yes,21.3,27.4,4.3,Medium
CUST03757,17,107,5,16,9,2,No,Yes,33.1,35.1,4.7,Low
CUST03758,14,84,3,12,7,1,No,Yes,15.4,10.0,4.3,Medium
CUST03759,7,45,2,4,1,0,Yes,No,50.3,11.0,3.8,Medium
CUST03760,14,81,6,11,5,2,Yes,Yes,27.8,34.3,4.3,Low
CUST03761,20,113,5,19,8,2,No,No,35.2,13.6,2.4,Low
CUST03762,56,324,24,30,13,6,Yes,No,5.3,39.3,4.4,Low
CUST03763,14,58,2,10,5,1,No,No,38.6,12.4,4.2,Medium
CUST03764,8,31,1,2,1,1,Yes,Yes,43.4,36.3,3.9,Low
CUST03765,28,122,6,12,4,5,Yes,No,13.7,27.9,3.9,Low
CUST03766,11,51,2,8,4,2,No,No,19.8,40.4,4.3,Medium
CUST03767,6,30,1,3,1,0,Yes,Yes,14.5,36.6,4.5,Medium
CUST03768,5,33,2,3,1,2,Yes,Yes,7.7,33.8,3.5,Medium
CUST03769,34,105,5,9,5,2,Yes,Yes,40.4,7.9,3.9,Low
CUST03770,48,252,7,31,18,7,No,Yes,27.4,23.7,4.8,Low
CUST03771,12,71,3,9,4,1,Yes,No,28.7,27.8,3.9,Medium
CUST03772,13,52,3,5,2,1,Yes,No,26.3,6.8,3.8,Medium
CUST03773,1,3,0,0,0,0,No,Yes,29.9,25.1,3.6,Medium
CUST03774,2,9,0,1,0,0,No,Yes,5.6,32.3,4.0,Medium
CUST03775,8,35,1,5,3,2,Yes,Yes,23.6,33.3,3.6,Low
CUST03776,15,69,4,6,4,4,No,Yes,49.6,36.3,4.0,Low
CUST03777,2,9,0,0,0,0,Yes,Yes,16.0,6.7,3.5,Medium
CUST03778,13,68,4,11,7,0,Yes,Yes,36.4,24.0,4.1,Low
CUST03779,36,223,14,21,13,2,No,No,17.3,14.8,4.6,Low
CUST03780,22,105,4,8,3,4,Yes,Yes,40.6,27.1,4.5,Low
CUST03781,3,20,1,2,0,0,Yes,No,51.8,32.6,4.4,Medium
CUST03782,16,79,4,7,4,1,Yes,No,41.6,26.8,4.1,Medium
CUST03783,7,35,1,4,2,0,No,Yes,39.0,38.8,3.9,Medium
CUST03784,39,263,8,34,23,3,Yes,No,11.0,31.8,4.7,Low
CUST03785,11,36,2,5,2,1,No,Yes,31.6,41.0,2.4,Low
CUST03786,29,201,14,35,21,2,Yes,No,9.7,40.3,3.9,Low
CUST03787,0,0,0,0,0,0,Yes,No,47.6,27.4,4.1,High
CUST03788,3,17,1,2,0,0,Yes,Yes,45.6,28.6,3.7,High
CUST03789,32,179,8,25,13,2,No,Yes,10.6,18.0,4.6,Low
CUST03790,7,40,3,5,2,0,Yes,Yes,42.6,30.3,3.8,Low
CUST03791,36,178,15,23,14,5,No,No,53.8,23.3,4.4,Low
CUST03792,19,101,6,16,8,2,Yes,No,39.8,10.7,3.2,Low
CUST03793,6,27,0,3,1,0,Yes,Yes,23.6,13.7,3.5,Medium
CUST03794,10,53,2,5,2,1,No,Yes,7.9,22.4,3.7,Medium
CUST03795,12,45,1,7,4,3,No,No,54.7,19.8,2.9,Low
CUST03796,6,21,0,2,1,2,Yes,No,7.5,5.3,4.3,Medium
CUST03797,23,83,7,10,4,3,Yes,No,49.8,11.2,2.6,Low
CUST03798,19,100,3,12,6,2,Yes,Yes,19.4,26.9,4.4,Low
CUST03799,8,42,2,3,1,1,Yes,Yes,49.6,10.5,4.4,Low
CUST03800,3,16,1,2,1,0,No,Yes,15.1,20.1,3.5,Medium
CUST03801,4,17,1,2,0,0,Yes,No,31.9,25.4,3.9,Medium
CUST03802,25,77,3,8,5,5,No,Yes,42.5,30.6,3.9,Low
CUST03803,13,42,3,5,3,0,No,No,27.7,25.2,3.8,Medium
CUST03804,7,45,1,6,3,0,No,Yes,18.1,24.0,4.4,Medium
CUST03805,18,105,8,10,4,1,Yes,Yes,24.7,26.0,4.2,Medium
CUST03806,15,86,6,11,7,2,No,Yes,17.0,14.2,2.9,Low
CUST03807,19,58,1,9,3,4,Yes,Yes,46.6,18.4,4.3,Low
CUST03808,15,59,1,9,4,2,Yes,Yes,36.1,35.3,4.4,Low
CUST03809,14,89,4,9,5,3,No,Yes,39.1,32.2,3.1,Low
CUST03810,5,16,1,2,0,1,Yes,Yes,38.8,20.0,4.0,Low
CUST03811,39,214,7,26,12,3,Yes,No,16.9,31.8,4.4,Low
CUST03812,36,185,10,21,12,2,Yes,Yes,27.0,7.4,3.8,Low
CUST03813,34,197,9,25,10,5,No,Yes,18.2,38.9,4.2,Low
CUST03814,6,35,2,6,2,0,Yes,No,33.0,13.3,3.7,Medium
CUST03815,22,125,8,17,7,2,No,No,43.3,18.7,2.7,Low
CUST03816,1,5,0,0,0,0,Yes,Yes,49.7,13.3,4.1,Medium
CUST03817,13,86,5,11,7,2,No,No,22.3,23.9,4.4,Medium
CUST03818,4,18,0,2,0,0,No,Yes,51.5,25.2,4.0,Medium
CUST03819,10,34,3,5,2,2,Yes,Yes,31.2,15.1,4.1,Low
CUST03820,5,29,1,4,2,0,No,Yes,43.4,36.1,3.3,Medium
CUST03821,6,21,1,1,0,1,No,No,18.9,15.4,4.0,Low
CUST03822,29,139,9,20,12,3,No,No,11.9,18.0,2.8,Low
CUST03823,17,51,1,9,4,0,Yes,No,46.7,31.0,4.3,Medium
CUST03824,26,121,9,19,10,1,Yes,No,47.9,8.7,2.8,Low
CUST03825,7,38,2,4,1,1,Yes,No,51.4,42.7,4.2,Low
CUST03826,12,36,1,4,1,1,Yes,Yes,50.0,43.6,3.7,Medium
CUST03827,15,62,3,10,5,0,Yes,Yes,11.8,35.9,3.6,Medium
CUST03828,55,255,17,45,19,6,Yes,Yes,15.9,32.4,4.3,Low
CUST03829,34,236,9,25,10,4,Yes,No,7.7,34.5,4.4,Low
CUST03830,30,139,8,22,13,7,No,No,7.9,5.3,4.9,Low
CUST03831,6,26,1,4,1,0,Yes,Yes,6.6,19.8,3.4,Medium
CUST03832,5,31,1,4,2,2,Yes,Yes,39.3,20.7,3.6,Low
CUST03833,1,6,0,0,0,0,No,Yes,21.1,22.4,4.2,Medium
CUST03834,22,119,8,18,12,1,Yes,Yes,18.2,31.3,2.3,Low
CUST03835,5,16,0,2,1,2,Yes,Yes,35.7,31.1,4.0,Medium
CUST03836,16,77,3,10,5,2,Yes,Yes,39.8,23.2,4.2,Medium
CUST03837,29,113,6,9,5,7,No,Yes,31.3,26.7,4.9,Low
CUST03838,13,54,3,7,2,2,Yes,No,32.6,27.6,4.3,Low
CUST03839,10,40,2,5,3,1,No,Yes,29.9,9.7,2.2,Medium
CUST03840,3,10,0,0,0,0,No,No,20.2,41.5,3.8,Medium
CUST03841,36,147,10,20,12,5,No,Yes,20.7,30.2,4.7,Low
CUST03842,10,40,1,6,3,1,Yes,Yes,22.1,8.2,2.9,Medium
CUST03843,35,150,10,21,13,7,Yes,No,8.9,38.6,4.2,Low
CUST03844,4,14,1,1,0,0,Yes,Yes,47.5,30.6,4.0,High
CUST03845,27,117,9,20,9,7,Yes,No,26.3,33.0,4.4,Low
CUST03846,24,102,8,8,3,6,No,No,53.7,44.7,4.8,Low
CUST03847,18,119,5,10,5,0,Yes,Yes,44.4,30.4,4.0,Medium
CUST03848,6,22,1,2,1,0,Yes,Yes,25.6,31.6,3.9,Medium
CUST03849,13,71,3,7,4,1,No,Yes,39.0,27.9,4.2,Medium
CUST03850,9,31,1,4,2,0,No,Yes,27.2,36.3,3.9,Medium
CUST03851,12,60,2,10,4,2,Yes,Yes,49.9,41.0,2.4,Low
CUST03852,48,258,22,41,27,4,Yes,No,36.1,32.5,4.7,Low
CUST03853,13,52,3,7,2,1,Yes,Yes,5.8,44.4,2.4,Low
CUST03854,3,9,0,1,0,0,No,No,13.3,17.9,4.4,High
CUST03855,21,65,4,6,3,5,No,Yes,30.5,29.9,4.6,Low
CUST03856,13,63,4,10,5,0,Yes,Yes,16.7,32.1,4.0,Low
CUST03857,42,280,12,28,11,4,Yes,Yes,41.5,8.4,4.5,Low
CUST03858,0,0,0,0,0,0,Yes,No,22.2,41.2,3.9,High
CUST03859,8,36,2,6,2,2,Yes,No,14.4,38.6,4.4,Low
CUST03860,20,84,3,7,3,1,No,Yes,34.6,10.7,3.3,Low
CUST03861,19,61,3,5,2,0,No,No,28.6,36.9,3.9,Low
CUST03862,2,6,0,0,0,0,No,No,41.8,29.8,4.3,Medium
CUST03863,13,79,3,7,4,1,Yes,No,30.1,7.3,4.0,Medium
CUST03864,48,325,26,37,20,7,Yes,Yes,6.5,13.1,4.9,Low
CUST03865,20,109,8,13,8,3,Yes,No,43.4,33.2,3.4,Low
CUST03866,15,88,3,13,7,2,No,No,37.3,12.2,3.9,Medium
CUST03867,3,15,0,2,1,0,Yes,Yes,36.1,26.2,4.4,High
CUST03868,8,48,4,7,2,1,Yes,Yes,48.2,16.8,3.9,Low
CUST03869,11,49,2,8,5,0,No,Yes,34.7,27.1,4.2,Low
CUST03870,27,84,2,11,4,5,Yes,Yes,25.4,29.5,4.7,Low
CUST03871,9,42,2,6,2,2,Yes,No,44.0,31.3,4.2,Low
CUST03872,7,46,2,5,2,0,Yes,Yes,48.1,10.6,4.1,Medium
CUST03873,19,87,4,12,6,1,Yes,No,12.4,13.2,3.7,Low
CUST03874,32,150,12,14,8,2,Yes,Yes,10.6,36.4,4.1,Low
CUST03875,16,63,2,6,2,1,Yes,Yes,20.2,20.9,3.6,Medium
CUST03876,23,146,12,15,10,5,Yes,No,29.5,17.0,4.7,Low
CUST03877,9,28,2,2,1,0,Yes,No,52.0,34.1,4.3,Medium
CUST03878,3,16,0,1,0,0,Yes,No,49.1,44.9,3.9,Medium
CUST03879,22,104,4,12,7,3,No,No,10.8,29.4,2.7,Low
CUST03880,15,53,2,5,2,2,Yes,Yes,36.5,36.5,2.8,Medium
CUST03881,1,4,0,0,0,0,No,No,39.9,9.9,4.0,High
CUST03882,4,12,0,1,0,0,Yes,No,38.7,37.8,4.3,High
CUST03883,41,204,13,35,19,7,No,Yes,36.8,9.1,4.6,Low
CUST03884,1,6,0,0,0,0,Yes,No,53.3,44.1,4.2,High
CUST03885,14,87,4,15,7,2,Yes,No,19.3,11.0,3.5,Medium
CUST03886,15,89,6,10,5,2,Yes,No,35.4,36.0,3.3,Low
CUST03887,2,10,0,1,0,0,Yes,Yes,28.1,34.4,4.0,High
CUST03888,19,69,4,9,5,0,Yes,No,19.9,6.4,3.6,Low
CUST03889,1,5,0,0,0,0,Yes,No,41.5,41.4,4.1,Medium
CUST03890,6,21,1,2,0,0,Yes,No,43.1,19.1,4.1,Medium
CUST03891,17,108,8,8,4,2,Yes,Yes,33.7,22.3,3.9,Low
CUST03892,1,3,0,0,0,0,No,Yes,50.4,31.1,4.1,Medium
CUST03893,14,58,4,9,4,3,No,Yes,6.2,8.2,2.5,Low
CUST03894,17,115,5,10,4,2,Yes,Yes,39.0,33.0,4.0,Low
CUST03895,44,288,14,33,21,5,Yes,Yes,43.2,17.4,4.2,Low
CUST03896,31,177,12,25,10,4,Yes,No,36.0,37.6,4.7,Low
CUST03897,2,11,0,1,0,0,Yes,Yes,40.7,35.5,4.5,Medium
CUST03898,7,41,2,7,3,1,No,Yes,8.2,18.4,4.0,Medium
CUST03899,5,28,1,2,1,0,No,Yes,5.6,11.2,3.7,Medium
CUST03900,10,53,4,7,4,1,No,Yes,53.1,22.3,3.8,Low
CUST03901,11,62,4,8,3,0,No,Yes,40.4,11.9,3.6,Low
CUST03902,13,39,3,5,2,1,Yes,No,30.2,9.0,2.2,Low
CUST03903,19,101,4,12,5,2,No,Yes,27.7,25.3,4.3,Low
CUST03904,11,52,2,8,4,2,Yes,Yes,46.5,14.6,3.7,Low
CUST03905,9,46,2,3,1,2,Yes,Yes,13.8,44.2,4.0,Low
CUST03906,31,197,12,20,10,5,Yes,No,54.9,21.7,4.5,Low
CUST03907,16,60,4,7,4,1,Yes,No,43.1,35.7,4.0,Medium
CUST03908,19,67,3,8,3,2,No,No,11.7,27.2,3.7,Low
CUST03909,7,36,2,3,1,1,Yes,Yes,41.0,38.1,4.0,Medium
CUST03910,12,52,3,6,3,1,No,No,37.8,6.8,4.0,Medium
CUST03911,27,162,14,22,14,5,Yes,Yes,21.5,27.0,4.3,Low
CUST03912,21,131,7,16,9,2,No,Yes,46.6,10.8,2.6,Medium
CUST03913,7,26,2,3,1,2,No,Yes,47.8,14.1,4.0,Medium
CUST03914,49,157,8,25,11,4,No,No,34.9,18.8,4.5,Low
CUST03915,22,122,3,21,8,2,No,Yes,29.6,21.4,4.4,Low
CUST03916,11,57,3,8,4,0,Yes,Yes,26.4,34.3,3.5,Medium
CUST03917,0,0,0,0,0,0,No,Yes,11.1,41.7,3.9,High
CUST03918,4,24,1,2,1,0,No,Yes,52.7,41.5,4.0,Medium
CUST03919,7,22,1,3,1,0,Yes,No,23.9,32.4,4.0,Medium
CUST03920,4,15,0,1,0,0,Yes,No,19.6,15.1,3.4,Medium
CUST03921,31,191,5,18,12,7,Yes,No,39.7,25.6,4.4,Low
CUST03922,16,64,4,7,4,2,Yes,No,9.7,16.3,3.4,Medium
CUST03923,19,107,7,13,6,3,Yes,Yes,26.6,21.4,2.5,Low
CUST03924,5,15,0,1,0,0,Yes,Yes,16.2,35.2,4.4,Medium
CUST03925,17,118,10,13,6,3,Yes,Yes,6.5,41.2,2.2,Medium
CUST03926,15,73,6,10,4,1,Yes,Yes,21.6,19.8,4.4,Medium
CUST03927,18,101,8,14,6,1,Yes,No,26.8,24.0,4.2,Medium
CUST03928,3,9,0,1,0,0,Yes,No,7.2,22.3,4.0,Low
CUST03929,2,6,0,0,0,0,No,Yes,37.8,5.1,4.2,Medium
CUST03930,25,87,6,7,3,2,No,No,54.1,5.7,2.9,Low
CUST03931,23,130,6,15,6,7,Yes,Yes,36.9,27.2,4.3,Low
CUST03932,22,98,8,15,9,5,No,No,22.9,41.7,4.0,Low
CUST03933,1,4,0,0,0,0,Yes,Yes,9.2,14.6,4.2,High
CUST03934,6,41,3,4,2,0,Yes,Yes,42.6,38.2,3.9,Medium
CUST03935,12,40,2,3,1,3,No,Yes,47.5,33.7,2.7,Medium
CUST03936,7,44,3,7,4,0,Yes,Yes,36.5,9.8,3.6,Medium
CUST03937,3,12,0,1,0,0,Yes,No,23.8,10.9,4.2,Low
CUST03938,35,162,7,16,6,3,Yes,Yes,9.2,30.1,3.9,Low
CUST03939,3,14,0,1,0,0,Yes,No,7.6,35.9,4.4,Medium
CUST03940,18,98,5,16,8,0,No,Yes,38.9,12.3,4.4,Medium
CUST03941,10,45,4,3,1,2,Yes,Yes,5.8,7.7,3.6,Low
CUST03942,11,48,3,8,3,2,No,No,20.4,30.4,2.7,Low
CUST03943,16,94,5,7,4,1,No,Yes,26.2,17.2,3.9,Low
CUST03944,17,67,3,8,5,1,No,Yes,21.8,42.9,4.3,Medium
CUST03945,19,65,2,7,3,1,Yes,Yes,42.6,34.6,4.4,Low
CUST03946,19,93,7,11,6,1,Yes,Yes,20.0,32.9,3.9,Medium
CUST03947,1,5,0,0,0,0,No,No,5.6,13.3,3.6,High
CUST03948,3,20,1,3,1,0,Yes,Yes,40.5,9.7,4.4,Medium
CUST03949,27,83,6,7,4,3,Yes,Yes,51.1,30.1,4.1,Low
CUST03950,4,22,1,2,1,0,Yes,Yes,36.0,39.9,3.9,Medium
CUST03951,5,20,1,1,0,0,Yes,No,26.0,43.5,3.4,Medium
CUST03952,2,11,0,1,0,0,No,Yes,19.9,44.4,3.5,High
CUST03953,16,71,3,9,3,0,Yes,Yes,49.1,41.1,3.7,Medium
CUST03954,19,80,6,9,4,2,Yes,No,43.4,44.7,2.4,Low
CUST03955,15,65,2,5,2,0,No,No,8.8,12.9,3.5,Medium
CUST03956,9,42,3,5,3,0,Yes,No,27.5,31.3,3.4,Low
CUST03957,4,13,0,1,0,0,Yes,No,49.6,44.6,4.1,Medium
CUST03958,21,140,12,15,8,2,Yes,Yes,37.9,8.9,4.5,Low
CUST03959,11,53,2,4,1,0,Yes,No,46.9,24.2,3.9,Medium
CUST03960,45,249,20,42,29,6,Yes,No,29.6,40.9,4.3,Low
CUST03961,1,6,0,1,0,0,Yes,Yes,14.0,16.9,3.9,Medium
CUST03962,2,10,0,0,0,0,Yes,No,53.0,9.6,3.8,Medium
CUST03963,54,279,13,36,16,4,No,No,7.4,11.7,4.3,Low
CUST03964,17,89,5,11,6,0,No,No,16.1,38.8,3.6,Medium
CUST03965,42,147,13,20,9,7,Yes,Yes,13.1,8.4,4.7,Low
CUST03966,12,46,3,8,3,1,Yes,Yes,39.3,29.9,3.8,Low
CUST03967,7,38,3,4,2,0,Yes,Yes,20.6,6.1,4.0,Medium
CUST03968,4,13,0,1,0,0,No,No,34.1,8.7,4.0,Medium
CUST03969,18,71,3,6,3,2,Yes,No,35.5,8.8,4.3,Low
CUST03970,5,22,0,2,1,0,Yes,No,24.9,27.1,4.1,Low
CUST03971,28,179,7,19,13,2,Yes,Yes,10.1,43.9,3.0,Low
CUST03972,3,19,1,1,0,0,Yes,No,43.6,29.0,3.6,High
CUST03973,8,40,1,3,1,0,Yes,Yes,16.1,21.0,4.2,Low
CUST03974,6,38,1,3,1,2,Yes,Yes,31.5,30.0,3.5,Low
CUST03975,16,60,3,5,3,0,Yes,Yes,54.5,38.3,4.3,Low
CUST03976,15,53,3,4,1,2,No,No,29.4,35.7,4.2,Low
CUST03977,2,13,0,2,1,0,No,No,26.5,37.7,4.5,High
CUST03978,4,24,1,1,0,0,Yes,Yes,25.4,43.4,4.2,Medium
CUST03979,16,104,6,8,5,0,No,No,41.3,31.4,4.4,Medium
CUST03980,14,91,6,12,5,0,No,No,30.2,11.0,4.0,Low
CUST03981,10,56,4,5,2,2,No,Yes,23.9,21.2,3.0,Low
CUST03982,10,32,2,4,2,0,No,No,27.1,36.1,3.8,Medium
CUST03983,2,11,0,1,0,0,Yes,Yes,39.9,6.5,3.6,Medium
CUST03984,6,20,1,1,0,0,Yes,No,39.5,31.7,4.3,Medium
CUST03985,2,8,0,1,0,0,Yes,Yes,32.7,28.8,3.8,Medium
CUST03986,6,29,2,2,1,0,Yes,Yes,18.7,14.1,3.9,Low
CUST03987,17,56,3,8,5,0,Yes,Yes,40.8,26.8,4.0,Low
CUST03988,2,10,0,0,0,0,Yes,Yes,29.0,33.1,3.8,High
CUST03989,4,17,1,2,0,0,No,No,33.7,40.8,3.1,Low
CUST03990,14,78,3,8,4,2,Yes,Yes,28.7,9.2,4.0,Medium
CUST03991,11,43,1,7,3,2,No,Yes,27.5,25.0,3.8,Low
CUST03992,0,0,0,0,0,0,Yes,Yes,14.8,8.8,3.8,Medium
CUST03993,18,74,4,10,4,2,Yes,Yes,7.6,36.4,4.0,Medium
CUST03994,27,95,5,15,7,4,Yes,Yes,32.0,11.3,4.3,Low
CUST03995,7,30,2,3,1,1,Yes,No,53.2,42.7,4.2,Low
CUST03996,20,136,5,16,9,5,Yes,No,6.5,16.8,4.5,Low
CUST03997,37,232,11,29,17,2,Yes,Yes,48.9,42.5,4.4,Low
CUST03998,9,58,4,5,3,1,Yes,No,10.9,19.2,3.6,Medium
CUST03999,26,145,5,18,10,3,No,Yes,8.9,12.0,2.2,Low
CUST04000,7,44,1,7,4,1,No,No,39.1,38.4,3.8,Low
CUST04001,4,12,0,1,0,0,No,Yes,18.3,9.1,3.4,Medium
CUST04002,19,112,5,11,7,2,Yes,Yes,7.0,25.1,3.6,Low
CUST04003,2,13,1,1,0,0,Yes,No,6.1,37.9,4.0,High
CUST04004,12,51,1,6,2,1,Yes,Yes,7.1,38.0,3.4,Medium
CUST04005,19,89,6,7,3,5,Yes,Yes,10.6,22.1,4.2,Low
CUST04006,6,30,0,3,1,0,No,Yes,48.9,43.9,3.9,Medium
CUST04007,9,55,4,6,2,0,No,No,22.4,7.6,3.7,Low
CUST04008,16,109,7,18,8,2,No,No,40.0,30.8,3.5,Medium
CUST04009,26,96,6,12,6,5,Yes,Yes,44.4,6.3,4.1,Low
CUST04010,5,31,1,3,1,0,Yes,Yes,21.3,6.3,3.5,Medium
CUST04011,13,63,3,8,3,3,Yes,No,8.1,35.5,3.3,Low
CUST04012,4,18,1,2,1,0,Yes,Yes,33.3,35.7,4.0,Medium
CUST04013,17,68,4,12,6,0,Yes,No,31.4,17.3,3.5,Low
CUST04014,14,92,5,13,7,2,Yes,Yes,5.4,5.2,4.1,Low
CUST04015,8,53,1,4,2,0,Yes,No,39.6,35.1,3.9,Low
CUST04016,7,33,2,3,1,0,Yes,No,27.2,21.1,3.3,Low
CUST04017,36,197,17,27,12,2,Yes,No,42.4,32.4,3.8,Low
CUST04018,14,44,1,4,2,1,No,Yes,27.3,17.4,3.6,Medium
CUST04019,3,11,0,1,0,0,Yes,Yes,27.4,24.7,3.8,Medium
CUST04020,19,125,4,10,4,0,Yes,No,19.4,22.7,3.7,Low
CUST04021,18,73,2,6,3,3,Yes,Yes,47.5,14.7,4.2,Low
CUST04022,12,79,2,9,3,0,No,Yes,8.6,36.9,4.1,Low
CUST04023,43,183,13,29,16,7,Yes,No,39.1,10.7,4.3,Low
CUST04024,26,111,8,19,7,1,Yes,Yes,47.1,21.2,2.6,Low
CUST04025,22,127,8,20,9,3,Yes,No,46.5,22.2,4.5,Low
CUST04026,25,162,7,28,12,4,No,No,26.1,24.4,3.8,Low
CUST04027,10,31,1,2,0,1,No,No,24.9,34.0,2.5,Low
CUST04028,10,48,1,6,3,3,No,Yes,41.9,14.4,2.8,Medium
CUST04029,3,16,1,1,0,0,Yes,Yes,52.2,43.9,4.3,Medium
CUST04030,10,57,4,9,4,0,Yes,Yes,48.0,13.9,3.8,Low
CUST04031,3,20,1,2,1,0,Yes,No,33.3,10.9,4.4,High
CUST04032,17,84,5,8,5,1,No,No,27.6,17.9,3.7,Medium
CUST04033,30,117,9,17,10,2,Yes,Yes,42.2,19.5,4.4,Low
CUST04034,9,57,4,10,4,1,Yes,Yes,17.7,35.2,4.1,Medium
CUST04035,3,19,1,3,1,0,Yes,Yes,42.9,21.1,3.9,High
CUST04036,22,68,5,6,3,3,No,Yes,7.7,35.2,3.9,Low
CUST04037,16,95,4,15,6,2,No,No,35.5,44.4,3.5,Medium
CUST04038,18,117,5,15,6,1,Yes,Yes,29.5,6.9,4.3,Low
CUST04039,3,13,1,2,0,0,Yes,Yes,20.1,7.7,4.3,Medium
CUST04040,10,43,2,3,1,0,No,Yes,14.8,31.1,3.4,Medium
CUST04041,18,114,5,10,6,2,Yes,Yes,40.1,40.2,3.5,Medium
CUST04042,5,29,1,3,1,0,Yes,Yes,27.4,33.2,4.0,Medium
CUST04043,3,18,0,1,0,0,No,No,31.5,9.5,3.9,Medium
CUST04044,16,89,3,9,5,1,Yes,Yes,13.6,37.2,3.8,Medium
CUST04045,11,53,3,9,5,1,Yes,No,7.1,23.3,2.6,Low
CUST04046,9,51,2,5,2,0,Yes,Yes,17.1,25.9,3.8,Medium
CUST04047,6,38,3,4,2,0,No,Yes,41.2,9.8,3.2,Low
CUST04048,0,0,0,0,0,0,Yes,No,20.4,17.1,3.8,High
CUST04049,14,59,4,7,4,2,Yes,Yes,13.7,25.8,2.5,Low
CUST04050,27,97,7,15,9,3,No,No,22.0,16.1,3.2,Low
CUST04051,14,43,2,4,1,0,Yes,No,12.1,12.1,3.5,Low
CUST04052,4,21,0,2,0,0,Yes,No,44.9,27.8,3.0,Low
CUST04053,17,111,5,16,7,5,No,No,17.7,8.7,4.3,Low
CUST04054,0,0,0,0,0,0,No,No,54.5,25.7,4.1,High
CUST04055,5,15,0,2,1,0,Yes,No,38.1,30.0,3.5,Medium
CUST04056,11,39,1,3,1,1,Yes,No,29.1,15.7,4.1,Medium
CUST04057,17,95,6,9,4,2,Yes,No,19.2,21.7,4.1,Low
CUST04058,4,13,0,1,0,0,Yes,Yes,39.0,20.9,4.3,High
CUST04059,6,22,0,1,0,0,No,Yes,33.8,39.7,3.9,Medium
CUST04060,3,14,0,2,1,0,No,Yes,54.3,20.6,3.8,Low
CUST04061,13,59,4,9,4,1,No,No,44.1,18.1,3.9,Medium
CUST04062,10,43,3,4,1,2,Yes,Yes,29.9,27.9,4.1,Low
CUST04063,14,93,3,13,7,2,No,Yes,20.5,27.2,4.4,Low
CUST04064,29,119,5,19,11,3,No,Yes,32.5,22.7,2.8,Low
CUST04065,22,140,7,13,5,3,Yes,Yes,7.1,40.7,4.2,Low
CUST04066,4,23,0,2,1,0,No,Yes,11.0,25.0,3.9,High
CUST04067,2,8,0,0,0,0,No,No,15.6,21.3,3.6,High
CUST04068,13,87,6,15,7,0,Yes,Yes,7.8,34.2,4.0,Low
CUST04069,15,64,3,10,4,2,Yes,No,40.9,15.9,4.3,Medium
CUST04070,4,25,0,3,1,0,Yes,No,6.4,18.1,4.5,Medium
CUST04071,2,7,0,0,0,0,Yes,No,15.9,11.4,3.0,Medium
CUST04072,14,80,5,11,5,2,No,No,53.1,18.8,4.0,Low
CUST04073,11,48,3,4,1,1,No,Yes,14.8,12.0,2.4,Low
CUST04074,38,241,21,20,10,2,Yes,No,35.3,13.0,4.2,Low
CUST04075,8,53,1,5,2,2,Yes,No,18.8,8.8,3.4,Low
CUST04076,57,296,13,38,15,3,Yes,Yes,16.7,20.5,4.7,Low
CUST04077,18,94,8,11,5,3,Yes,Yes,30.4,44.9,2.8,Medium
CUST04078,30,93,3,12,6,4,No,Yes,16.0,13.7,4.0,Low
CUST04079,18,62,5,6,4,2,Yes,No,41.5,19.6,3.6,Medium
CUST04080,0,0,0,0,0,0,No,Yes,50.3,17.3,3.9,High
CUST04081,9,30,2,3,2,2,Yes,Yes,7.1,22.4,3.7,Low
CUST04082,27,116,5,15,6,5,Yes,Yes,23.1,41.9,4.3,Low
CUST04083,31,146,4,19,8,2,Yes,No,52.4,39.5,4.2,Low
CUST04084,6,41,2,5,2,0,No,Yes,49.2,16.6,3.7,Low
CUST04085,18,86,6,8,4,1,Yes,No,17.1,19.7,3.9,Medium
CUST04086,17,68,2,8,3,2,No,Yes,49.8,36.8,4.3,Low
CUST04087,34,140,9,15,7,2,No,Yes,43.2,21.1,4.1,Low
CUST04088,7,26,2,3,1,0,Yes,No,38.6,36.3,3.2,Medium
CUST04089,40,232,10,23,13,7,No,No,49.9,24.2,5.0,Low
CUST04090,13,49,3,4,1,1,Yes,No,37.5,31.3,4.0,Medium
CUST04091,3,20,1,1,0,0,No,Yes,43.4,34.6,3.9,Low
CUST04092,34,202,12,22,10,2,Yes,No,15.2,33.6,3.8,Low
CUST04093,15,51,3,5,3,2,No,Yes,50.2,31.4,3.8,Medium
CUST04094,16,78,6,7,3,2,Yes,Yes,24.0,9.3,3.1,Low
CUST04095,29,142,11,14,8,2,Yes,Yes,10.2,24.1,2.9,Low
CUST04096,53,233,14,40,21,3,No,No,31.9,6.0,4.7,Low
CUST04097,7,45,2,5,3,2,Yes,No,45.0,15.2,4.1,Low
CUST04098,1,6,0,0,0,0,Yes,Yes,43.7,34.1,3.4,Medium
CUST04099,2,6,0,0,0,0,No,Yes,38.8,34.6,3.7,High
CUST04100,20,65,2,11,7,5,No,Yes,52.4,26.9,4.3,Low
CUST04101,7,22,1,2,1,1,Yes,Yes,38.6,17.0,4.2,Low
CUST04102,9,61,3,10,4,1,No,No,33.9,32.4,4.2,Medium
CUST04103,29,141,11,16,9,3,Yes,No,29.9,8.5,4.4,Low
CUST04104,6,30,2,4,2,1,No,No,45.5,42.9,3.4,Low
CUST04105,58,313,22,37,20,3,Yes,Yes,27.7,6.8,4.9,Low
CUST04106,14,86,4,12,5,1,No,No,37.4,35.3,4.2,Medium
CUST04107,35,229,7,27,16,7,Yes,No,51.3,7.9,4.6,Low
CUST04108,16,86,3,10,4,2,Yes,Yes,31.7,39.8,4.1,Low
CUST04109,7,33,2,4,2,0,Yes,No,15.1,19.7,3.8,Medium
CUST04110,3,16,1,2,0,0,No,No,44.5,43.3,4.3,Medium
CUST04111,12,60,5,9,5,0,No,Yes,44.1,9.2,3.5,Low
CUST04112,6,32,1,4,2,0,Yes,Yes,29.9,9.4,3.9,Medium
CUST04113,0,0,0,0,0,0,No,No,6.2,41.9,3.8,Medium
CUST04114,4,12,0,1,0,0,Yes,Yes,18.2,13.5,4.0,Medium
CUST04115,29,202,8,21,10,1,Yes,Yes,25.5,24.4,2.7,Medium
CUST04116,1,6,0,0,0,0,No,No,45.3,16.8,3.7,High
CUST04117,36,193,13,27,15,3,No,Yes,5.5,26.4,4.4,Low
CUST04118,5,23,1,3,1,0,No,Yes,17.6,37.5,3.3,Medium
CUST04119,18,55,2,8,3,1,No,No,8.2,26.7,3.9,Medium
CUST04120,19,75,5,6,3,1,No,No,53.8,6.3,3.7,Low
CUST04121,15,75,6,12,6,4,No,Yes,32.7,17.4,4.6,Low
CUST04122,4,25,0,2,0,0,Yes,Yes,48.5,7.3,3.5,Medium
CUST04123,0,0,0,0,0,0,Yes,Yes,45.3,41.0,3.9,High
CUST04124,11,47,4,4,2,1,Yes,No,28.6,14.9,3.6,Low
CUST04125,17,102,8,14,7,1,Yes,Yes,24.4,34.7,4.3,Medium
CUST04126,20,106,9,8,4,2,No,No,32.3,6.0,4.1,Low
CUST04127,0,0,0,0,0,0,Yes,Yes,43.3,25.4,4.3,Medium
CUST04128,39,256,17,44,29,2,Yes,No,51.6,22.5,4.7,Low
CUST04129,12,57,2,8,4,2,No,Yes,38.2,19.4,3.7,Medium
CUST04130,18,122,5,10,5,3,No,No,28.4,15.4,2.3,Medium
CUST04131,2,7,0,0,0,0,Yes,Yes,10.6,33.9,3.5,Medium
CUST04132,4,24,1,4,1,0,Yes,Yes,35.7,10.2,3.9,High
CUST04133,3,15,1,2,1,0,Yes,Yes,45.3,18.6,4.3,Medium
CUST04134,18,105,8,10,6,2,Yes,No,36.6,29.3,4.1,Medium
CUST04135,38,179,12,23,14,2,Yes,Yes,49.0,17.1,4.2,Low
CUST04136,10,50,2,8,3,1,Yes,No,30.2,8.8,3.8,Medium
CUST04137,3,14,0,1,0,0,Yes,No,51.2,16.6,3.2,Medium
CUST04138,10,65,5,10,6,0,Yes,Yes,38.0,31.0,4.3,Low
CUST04139,12,64,3,7,3,0,No,Yes,49.7,5.3,4.4,Medium
CUST04140,0,0,0,0,0,0,No,No,17.5,23.7,4.3,High
CUST04141,2,10,0,1,0,0,No,No,28.0,26.7,4.4,Medium
CUST04142,9,55,4,7,3,1,Yes,Yes,9.9,37.2,3.5,Low
CUST04143,27,162,8,16,7,3,No,Yes,25.6,13.9,4.0,Low
CUST04144,53,224,12,32,20,4,Yes,No,6.1,37.6,4.4,Low
CUST04145,35,204,15,36,23,5,Yes,Yes,16.6,24.2,4.6,Low
CUST04146,18,66,4,5,2,2,No,Yes,45.0,31.8,4.3,Medium
CUST04147,15,49,3,6,2,0,Yes,Yes,11.4,23.8,3.9,Low
CUST04148,16,104,6,10,5,1,Yes,Yes,34.0,13.1,4.0,Low
CUST04149,25,173,12,14,9,4,Yes,Yes,10.9,33.1,3.9,Low
CUST04150,18,82,7,14,5,2,Yes,No,22.6,26.7,3.8,Low
CUST04151,4,20,1,2,1,0,Yes,No,7.0,23.8,4.0,Low
CUST04152,6,33,1,3,1,0,Yes,Yes,25.6,34.6,3.3,Low
CUST04153,0,0,0,0,0,0,No,Yes,49.4,6.0,3.5,High
CUST04154,5,23,0,2,1,0,No,No,54.3,19.9,3.1,Medium
CUST04155,6,23,0,3,1,0,No,No,33.0,42.7,4.2,Low
CUST04156,17,117,5,18,11,1,Yes,No,16.7,18.8,4.0,Medium
CUST04157,3,10,0,0,0,0,Yes,Yes,53.7,15.3,4.3,Medium
CUST04158,16,82,3,8,4,0,Yes,Yes,34.2,34.0,4.2,Low
CUST04159,19,108,5,18,7,1,No,Yes,23.3,15.8,4.0,Low
CUST04160,20,118,4,11,7,2,No,Yes,23.1,19.6,4.2,Low
CUST04161,33,115,4,13,8,2,No,No,35.7,12.9,4.6,Low
CUST04162,10,52,1,9,3,1,Yes,Yes,6.9,7.3,3.4,Low
CUST04163,19,80,5,9,5,3,Yes,No,34.4,33.3,3.8,Low
CUST04164,16,52,2,4,2,1,No,Yes,52.3,40.1,3.0,Low
CUST04165,5,32,2,3,1,0,Yes,No,13.7,22.0,3.8,Medium
CUST04166,15,60,5,5,3,0,Yes,Yes,33.0,32.4,3.9,Low
CUST04167,35,152,4,23,12,4,Yes,No,37.0,39.1,4.2,Low
CUST04168,35,181,8,16,8,3,Yes,Yes,9.6,6.9,4.1,Low
CUST04169,34,186,6,31,20,2,No,Yes,29.1,41.4,4.2,Low
CUST04170,30,158,11,21,12,2,Yes,Yes,22.2,26.6,4.2,Low
CUST04171,7,39,2,5,3,0,Yes,No,31.8,37.9,3.8,Medium
CUST04172,26,105,7,17,10,2,Yes,Yes,18.7,40.5,2.8,Medium
CUST04173,5,19,1,2,0,1,Yes,Yes,53.4,27.0,3.8,Medium
CUST04174,23,104,5,13,5,2,Yes,Yes,47.7,20.0,2.7,Low
CUST04175,18,81,4,8,5,3,No,Yes,37.9,6.4,2.9,Low
CUST04176,25,121,5,14,9,3,Yes,Yes,21.4,22.7,2.4,Low
CUST04177,18,87,4,10,5,5,Yes,No,22.8,21.2,3.9,Low
CUST04178,34,170,12,24,12,4,Yes,No,22.8,34.5,4.4,Low
CUST04179,8,37,2,6,3,0,No,No,9.0,9.5,4.1,Medium
CUST04180,6,32,2,5,3,0,Yes,No,37.4,32.0,3.5,Medium
CUST04181,9,47,3,6,3,1,No,No,35.9,33.3,4.2,Medium
CUST04182,13,71,3,12,6,0,Yes,Yes,14.4,35.8,3.5,Low
CUST04183,32,163,12,24,12,3,No,Yes,11.6,30.4,4.0,Low
CUST04184,20,104,3,16,8,2,Yes,Yes,54.7,28.2,2.2,Low
CUST04185,23,120,7,17,8,3,Yes,Yes,47.2,7.6,3.0,Low
CUST04186,19,85,3,7,3,3,No,Yes,51.1,12.3,4.1,Low
CUST04187,19,66,3,9,5,2,Yes,No,18.4,30.8,4.2,Low
CUST04188,3,13,0,1,0,0,Yes,Yes,7.4,34.5,3.8,Medium
CUST04189,5,29,1,3,2,0,Yes,Yes,7.9,35.0,3.1,Medium
CUST04190,11,63,3,6,3,1,Yes,Yes,27.5,41.2,4.4,Low
CUST04191,3,20,1,2,0,0,No,Yes,54.5,14.8,4.5,Medium
CUST04192,29,136,8,14,6,2,No,No,15.5,15.8,3.2,Low
CUST04193,10,57,2,6,4,2,Yes,Yes,29.9,36.1,4.3,Medium
CUST04194,12,36,2,4,2,1,No,No,11.9,35.8,2.8,Medium
CUST04195,15,55,2,6,3,0,Yes,No,36.3,37.8,4.3,Medium
CUST04196,5,22,1,1,0,0,No,Yes,45.8,34.5,3.5,Medium
CUST04197,5,28,2,4,1,0,No,Yes,35.4,21.4,3.8,Medium
CUST04198,11,56,3,7,2,0,No,No,26.9,25.1,4.1,Low
CUST04199,3,14,1,2,0,0,Yes,Yes,21.2,25.4,4.5,Medium
CUST04200,48,173,14,23,9,7,Yes,Yes,7.2,5.3,4.9,Low
CUST04201,2,9,0,1,0,0,Yes,Yes,6.7,10.7,4.2,Low
CUST04202,39,239,18,38,25,2,No,No,34.2,37.3,4.0,Low
CUST04203,15,73,4,10,4,0,Yes,No,14.1,39.4,3.8,Low
CUST04204,4,26,1,4,2,0,No,No,46.8,18.4,4.1,Low
CUST04205,26,97,2,15,9,3,No,No,18.5,17.9,3.2,Low
CUST04206,27,113,10,10,5,3,No,No,22.6,36.2,5.0,Low
CUST04207,1,5,0,0,0,0,Yes,No,27.9,17.2,3.9,Medium
CUST04208,7,24,1,2,1,1,No,Yes,9.7,9.8,4.2,Medium
CUST04209,18,110,5,13,6,5,Yes,Yes,52.3,33.7,4.7,Low
CUST04210,20,101,6,15,6,3,No,No,18.7,19.1,4.5,Low
CUST04211,7,42,2,5,2,0,Yes,Yes,52.4,42.2,3.7,Medium
CUST04212,1,4,0,0,0,0,No,Yes,33.6,30.4,3.5,Medium
CUST04213,28,181,12,31,18,2,Yes,No,19.1,32.5,2.3,Low
CUST04214,5,24,1,3,1,2,No,Yes,35.0,11.7,3.9,Medium
CUST04215,16,99,7,15,8,0,Yes,Yes,37.3,25.2,4.2,Low
CUST04216,11,57,3,6,2,1,Yes,No,23.4,12.4,3.7,Low
CUST04217,4,24,0,2,1,0,No,No,15.8,28.6,3.3,Medium
CUST04218,27,128,7,17,10,3,No,Yes,8.2,40.9,2.6,Medium
CUST04219,4,25,1,2,1,0,No,Yes,38.4,28.0,3.5,Medium
CUST04220,38,137,9,16,10,3,Yes,Yes,26.8,21.2,4.6,Low
CUST04221,2,12,0,0,0,0,Yes,No,27.6,19.0,4.3,Medium
CUST04222,17,99,5,10,4,1,No,No,47.0,5.6,3.7,Medium
CUST04223,9,44,3,6,3,1,Yes,Yes,47.6,39.2,3.8,Medium
CUST04224,15,57,4,8,3,1,Yes,No,53.6,11.3,3.8,Low
CUST04225,38,164,6,25,16,5,Yes,Yes,17.3,13.3,3.8,Low
CUST04226,1,5,0,0,0,0,Yes,No,7.1,40.5,4.4,High
CUST04227,15,46,3,4,2,0,Yes,No,20.3,25.4,4.2,Medium
CUST04228,12,50,3,6,3,1,Yes,Yes,10.9,6.2,3.9,Medium
CUST04229,25,153,10,15,6,5,Yes,Yes,14.5,24.0,4.5,Low
CUST04230,16,50,4,7,4,1,Yes,No,47.0,34.7,3.8,Low
CUST04231,8,36,1,4,2,1,Yes,Yes,38.3,14.3,4.2,Low
CUST04232,15,64,2,8,3,0,Yes,No,29.7,12.5,3.7,Medium
CUST04233,14,81,6,8,4,0,Yes,No,36.7,14.3,4.0,Medium
CUST04234,12,38,2,5,2,2,Yes,Yes,41.8,36.6,4.0,Low
CUST04235,39,211,13,28,11,2,Yes,No,44.9,27.6,4.5,Low
CUST04236,6,18,1,2,0,0,No,No,42.2,23.6,3.1,Medium
CUST04237,35,124,7,17,8,3,No,No,28.0,24.8,4.2,Low
CUST04238,2,9,0,1,0,0,Yes,Yes,45.6,39.0,3.3,Medium
CUST04239,2,13,0,2,0,0,Yes,Yes,25.2,32.2,3.8,Medium
CUST04240,9,47,1,4,2,0,Yes,Yes,41.3,44.8,3.5,Medium
CUST04241,17,58,3,7,3,2,No,Yes,16.5,18.3,4.4,Medium
CUST04242,2,7,0,0,0,0,Yes,Yes,41.6,44.5,4.0,Medium
CUST04243,22,143,8,15,8,3,Yes,No,52.0,44.8,4.0,Low
CUST04244,23,138,5,13,8,4,No,No,27.1,10.9,3.8,Low
CUST04245,5,28,1,4,2,2,No,Yes,9.7,17.1,3.6,Low
CUST04246,1,3,0,0,0,0,No,No,42.6,41.0,4.5,High
CUST04247,2,12,0,1,0,0,Yes,No,53.4,9.5,3.7,Medium
CUST04248,15,87,2,14,7,2,Yes,Yes,8.7,37.9,4.1,Medium
CUST04249,14,94,2,10,5,2,Yes,No,23.2,37.9,3.7,Low
CUST04250,17,115,6,20,9,1,Yes,Yes,49.1,15.1,2.3,Low
CUST04251,1,3,0,0,0,0,Yes,No,18.8,22.3,3.8,Medium
CUST04252,28,195,14,23,9,2,No,Yes,51.9,12.0,2.3,Medium
CUST04253,32,177,13,24,15,5,No,Yes,41.4,34.8,4.3,Low
CUST04254,9,28,1,2,0,2,No,No,41.8,16.9,4.3,Medium
CUST04255,52,226,11,23,13,5,Yes,No,7.5,28.2,4.5,Low
CUST04256,10,55,4,7,2,1,Yes,Yes,11.7,45.0,3.5,Low
CUST04257,2,9,0,0,0,0,Yes,Yes,31.7,8.9,4.0,Medium
CUST04258,6,34,2,4,1,0,Yes,No,29.7,40.0,3.9,Medium
CUST04259,16,51,3,7,4,0,No,Yes,25.3,30.3,3.6,Low
CUST04260,12,42,3,5,2,2,Yes,No,28.3,30.6,3.6,Low
CUST04261,14,64,3,10,4,0,Yes,Yes,14.8,33.9,3.8,Low
CUST04262,20,92,5,8,3,2,No,No,54.9,37.9,2.6,Low
CUST04263,2,9,0,1,0,0,Yes,Yes,52.4,32.6,3.6,High
CUST04264,15,79,6,12,6,4,Yes,Yes,48.9,32.2,3.9,Low
CUST04265,3,20,1,2,1,0,Yes,Yes,15.8,32.9,3.8,Medium
CUST04266,24,74,5,7,3,2,No,Yes,41.7,11.7,3.9,Low
CUST04267,16,109,7,12,5,2,No,No,7.6,9.5,2.4,Low
CUST04268,29,158,9,23,15,3,No,Yes,37.6,38.5,2.5,Low
CUST04269,10,38,3,6,3,2,Yes,No,14.5,39.1,3.7,Medium
CUST04270,7,47,2,7,4,0,No,No,12.4,8.9,3.6,Medium
CUST04271,6,31,2,4,2,0,No,No,26.5,33.8,3.0,Medium
CUST04272,33,166,11,13,8,3,Yes,Yes,45.5,25.9,4.6,Low
CUST04273,51,293,16,47,22,3,Yes,Yes,29.1,38.5,4.7,Low
CUST04274,5,25,1,3,1,0,No,No,38.1,18.9,4.1,Low
CUST04275,19,81,7,7,3,0,No,No,38.0,27.8,4.2,Low
CUST04276,3,17,0,3,1,0,Yes,No,42.3,7.1,3.9,Medium
CUST04277,12,45,3,7,3,1,No,Yes,15.2,20.8,3.0,Low
CUST04278,5,17,1,2,0,1,No,Yes,47.9,14.1,3.6,Low
CUST04279,18,123,5,14,7,2,Yes,Yes,9.1,10.9,3.6,Medium
CUST04280,20,119,4,17,9,2,Yes,Yes,33.9,13.0,4.0,Low
CUST04281,21,117,9,19,10,5,Yes,Yes,6.7,13.0,4.0,Low
CUST04282,12,37,2,4,2,1,Yes,No,47.8,39.3,3.5,Low
CUST04283,54,312,12,56,25,5,Yes,Yes,9.2,43.1,4.3,Low
CUST04284,56,264,13,43,21,5,No,No,9.0,16.9,4.9,Low
CUST04285,3,9,0,0,0,0,No,Yes,17.4,37.6,3.8,Medium
CUST04286,3,16,1,2,1,0,No,Yes,51.4,37.4,3.5,High
CUST04287,19,123,5,20,12,0,Yes,No,45.2,18.8,3.5,Medium
CUST04288,7,36,1,3,1,1,Yes,Yes,40.5,19.8,3.6,Low
CUST04289,8,52,2,5,2,1,No,No,29.6,36.5,3.5,Low
CUST04290,16,86,3,12,5,2,Yes,No,48.4,33.3,4.1,Low
CUST04291,8,26,0,3,1,2,Yes,Yes,41.8,26.5,4.2,Medium
CUST04292,4,21,1,3,1,0,Yes,Yes,15.1,19.5,3.5,Low
CUST04293,7,41,3,5,2,0,Yes,No,53.7,41.7,3.3,Medium
CUST04294,5,29,2,5,3,2,No,No,19.3,18.3,3.7,Low
CUST04295,17,111,7,18,11,4,Yes,No,21.1,16.2,4.0,Low
CUST04296,19,61,2,10,5,3,No,Yes,35.0,29.6,2.4,Low
CUST04297,11,35,2,6,3,1,Yes,Yes,54.9,9.1,3.8,Medium
CUST04298,56,251,9,44,20,7,Yes,Yes,27.2,11.5,5.0,Low
CUST04299,17,115,9,20,9,1,No,No,40.9,43.1,4.2,Low
CUST04300,5,15,0,1,0,0,Yes,Yes,21.6,25.1,3.5,Medium
CUST04301,35,226,12,37,15,4,No,Yes,8.1,28.8,4.3,Low
CUST04302,2,6,0,0,0,0,Yes,No,33.3,26.4,3.6,High
CUST04303,29,176,6,19,7,2,Yes,No,16.8,6.0,4.7,Low
CUST04304,13,81,4,12,7,1,No,No,47.0,26.2,2.7,Low
CUST04305,36,200,15,30,17,2,Yes,No,25.2,34.0,4.4,Low
CUST04306,6,38,1,5,3,1,No,Yes,30.3,29.1,4.2,Low
CUST04307,9,37,1,5,2,0,Yes,Yes,37.6,25.2,3.8,Medium
CUST04308,27,139,5,23,14,6,Yes,No,45.8,24.0,4.7,Low
CUST04309,22,77,4,9,3,7,Yes,Yes,24.0,22.3,4.9,Low
CUST04310,24,128,9,14,7,4,Yes,No,51.9,12.9,4.2,Low
CUST04311,3,18,0,1,0,0,Yes,No,49.2,18.6,4.1,Low
CUST04312,40,225,8,25,15,7,Yes,No,41.6,42.0,4.3,Low
CUST04313,2,10,0,1,0,0,Yes,No,45.7,33.1,4.2,Medium
CUST04314,17,110,6,17,11,2,No,No,25.2,27.2,3.8,Medium
CUST04315,51,260,12,39,26,7,No,Yes,52.8,43.3,4.8,Low
CUST04316,27,152,7,24,9,5,Yes,Yes,41.8,39.4,4.4,Low
CUST04317,9,53,2,6,3,0,Yes,Yes,13.6,27.0,3.8,Medium
CUST04318,10,53,4,8,4,0,Yes,Yes,20.4,7.3,3.7,Low
CUST04319,22,110,4,17,8,2,Yes,Yes,45.3,32.7,2.5,Low
CUST04320,4,20,1,2,1,0,Yes,No,15.8,27.4,3.3,Low
CUST04321,2,6,0,0,0,0,Yes,Yes,14.2,33.0,3.5,Medium
CUST04322,1,5,0,0,0,0,No,No,33.2,9.5,3.8,High
CUST04323,1,6,0,0,0,0,Yes,Yes,13.4,41.2,3.9,Medium
CUST04324,16,101,6,12,5,1,Yes,No,31.4,37.2,4.2,Medium
CUST04325,12,41,3,6,3,2,No,Yes,25.9,38.5,3.6,Low
CUST04326,6,35,1,5,2,0,Yes,Yes,29.5,25.5,3.1,Medium
CUST04327,3,12,0,1,0,0,Yes,Yes,26.3,10.9,4.1,High
CUST04328,17,81,5,11,4,3,Yes,No,14.0,40.4,3.1,Medium
CUST04329,36,244,21,43,28,2,No,Yes,16.5,30.7,4.5,Low
CUST04330,34,149,8,25,10,3,Yes,Yes,25.0,32.0,3.9,Low
CUST04331,1,4,0,0,0,0,No,No,33.3,35.4,3.6,Medium
CUST04332,19,61,1,7,4,2,Yes,No,19.5,43.2,3.7,Medium
CUST04333,18,67,5,7,3,1,No,No,49.1,37.1,3.7,Medium
CUST04334,16,72,4,10,6,0,Yes,No,37.7,24.3,4.1,Medium
CUST04335,10,45,2,4,2,2,Yes,No,48.2,16.4,2.3,Low
CUST04336,37,242,16,42,28,5,Yes,Yes,17.9,6.9,4.7,Low
CUST04337,6,36,1,4,2,0,Yes,No,25.5,37.3,3.8,Medium
CUST04338,13,44,3,7,4,2,No,Yes,53.4,30.1,4.3,Low
CUST04339,15,58,1,5,3,0,No,No,39.0,39.3,4.2,Medium
CUST04340,2,13,1,1,0,0,No,No,41.5,5.4,4.0,High
CUST04341,14,80,3,10,4,2,Yes,Yes,15.7,21.6,2.8,Medium
CUST04342,9,54,2,7,3,2,No,Yes,21.8,34.5,3.4,Low
CUST04343,34,153,5,20,8,3,Yes,No,7.0,25.8,4.9,Low
CUST04344,16,52,4,4,1,2,No,Yes,44.7,27.2,3.3,Low
CUST04345,13,69,2,11,5,0,No,No,14.0,5.9,4.4,Medium
CUST04346,4,14,1,1,0,0,Yes,No,39.1,31.9,3.5,High
CUST04347,16,56,3,4,2,3,Yes,Yes,24.0,37.3,2.7,Low
CUST04348,5,21,1,2,0,0,Yes,Yes,33.9,41.7,4.3,Low
CUST04349,2,11,0,1,0,0,Yes,Yes,18.6,23.3,4.3,Medium
CUST04350,14,83,2,9,4,1,Yes,No,50.5,31.7,4.3,Low
CUST04351,7,24,0,2,0,0,Yes,No,34.2,35.3,3.3,Medium
CUST04352,18,61,1,5,3,0,Yes,Yes,43.7,26.5,3.8,Medium
CUST04353,6,21,1,2,0,1,Yes,Yes,44.9,27.6,3.8,Medium
CUST04354,34,215,14,37,19,5,Yes,No,6.7,16.1,4.5,Low
CUST04355,32,156,7,22,12,2,Yes,No,11.3,18.4,4.7,Low
CUST04356,21,106,6,18,12,3,No,No,51.1,22.3,4.6,Low
CUST04357,31,174,11,24,13,3,No,Yes,38.1,9.9,3.9,Low
CUST04358,3,10,0,1,0,0,Yes,Yes,28.9,28.0,3.2,Medium
CUST04359,59,383,32,57,26,5,Yes,Yes,39.9,7.9,4.6,Low
CUST04360,17,52,2,7,3,1,Yes,Yes,53.1,35.7,3.4,Medium
CUST04361,7,31,2,5,3,0,Yes,No,10.2,25.0,4.3,Medium
CUST04362,19,121,7,11,6,1,Yes,No,37.3,17.5,2.6,Low
CUST04363,38,129,7,17,7,5,Yes,Yes,47.2,13.6,3.9,Low
CUST04364,13,90,7,15,8,1,Yes,Yes,6.8,7.7,3.2,Low
CUST04365,2,7,0,0,0,0,Yes,No,12.7,26.0,4.2,Medium
CUST04366,51,326,26,42,21,5,No,Yes,48.7,23.8,4.6,Low
CUST04367,14,46,3,5,2,0,No,Yes,14.1,26.1,4.1,Medium
CUST04368,18,111,8,9,3,1,Yes,Yes,36.3,29.0,3.0,Low
CUST04369,4,12,0,1,0,0,Yes,No,18.2,5.7,4.2,Medium
CUST04370,17,101,7,15,7,0,Yes,No,52.3,31.2,3.6,Low
CUST04371,3,19,1,3,1,0,Yes,No,38.4,42.8,4.4,Low
CUST04372,20,96,8,15,8,3,Yes,Yes,42.8,37.9,2.4,Medium
CUST04373,23,96,7,14,7,5,Yes,Yes,43.0,5.5,4.6,Low
CUST04374,59,220,9,26,15,7,Yes,No,19.9,22.4,4.7,Low
CUST04375,44,170,13,21,8,3,Yes,Yes,24.7,11.3,4.7,Low
CUST04376,7,40,1,5,2,0,Yes,No,27.1,23.4,4.3,Low
CUST04377,3,16,0,2,1,0,Yes,No,27.6,12.0,3.1,Medium
CUST04378,8,26,1,3,2,0,No,No,24.7,20.4,3.8,Low
CUST04379,7,38,1,5,3,0,No,Yes,28.7,14.4,3.3,Medium
CUST04380,39,264,10,46,19,5,Yes,Yes,11.3,14.2,4.1,Low
CUST04381,30,195,9,33,18,3,No,No,49.0,41.1,4.2,Low
CUST04382,7,48,3,6,3,0,Yes,Yes,23.1,24.3,3.2,Medium
CUST04383,0,0,0,0,0,0,No,No,14.6,27.9,4.2,High
CUST04384,1,5,0,0,0,0,Yes,Yes,52.8,27.2,3.5,Medium
CUST04385,23,87,2,14,6,3,No,No,34.1,20.1,3.3,Low
CUST04386,12,61,2,7,3,0,Yes,No,13.3,10.6,4.2,Medium
CUST04387,6,27,1,2,1,0,Yes,No,40.2,26.0,3.7,Low
CUST04388,2,7,0,0,0,0,No,No,45.5,38.1,4.4,High
CUST04389,28,114,5,10,4,1,No,No,32.4,24.5,3.2,Low
CUST04390,38,172,9,21,9,4,Yes,No,21.9,15.3,4.3,Low
CUST04391,2,12,0,1,0,0,No,No,32.3,14.0,4.1,High
CUST04392,17,98,7,12,5,2,Yes,Yes,52.8,13.7,4.2,Low
CUST04393,11,53,3,6,3,1,Yes,Yes,22.0,26.3,3.7,Low
CUST04394,18,124,6,10,4,2,Yes,Yes,52.6,22.2,4.1,Low
CUST04395,4,27,2,3,1,0,Yes,Yes,52.1,40.6,3.7,Medium
CUST04396,14,53,2,8,3,2,Yes,Yes,22.5,25.0,3.8,Low
CUST04397,7,42,2,6,3,0,Yes,Yes,9.2,38.9,3.6,Medium
CUST04398,28,112,7,14,7,3,Yes,Yes,30.1,29.8,3.2,Low
CUST04399,0,0,0,0,0,0,Yes,Yes,8.5,16.9,3.9,High
CUST04400,13,67,4,8,5,0,Yes,No,52.1,32.2,4.1,Low
CUST04401,5,23,0,2,1,0,Yes,No,47.7,22.7,3.0,Medium
CUST04402,7,27,2,3,1,2,No,Yes,25.8,30.8,4.1,Medium
CUST04403,26,136,4,18,10,5,No,No,30.0,36.7,3.9,Low
CUST04404,1,3,0,0,0,0,Yes,No,37.9,32.2,4.4,Medium
CUST04405,3,9,0,0,0,0,Yes,No,27.3,41.8,3.8,Medium
CUST04406,11,42,2,7,3,0,Yes,Yes,35.3,17.6,3.9,Medium
CUST04407,0,0,0,0,0,0,Yes,Yes,5.1,23.1,4.0,High
CUST04408,2,8,0,1,0,0,Yes,Yes,27.0,41.1,3.4,Medium
CUST04409,6,38,2,3,1,0,Yes,No,40.4,33.5,4.2,Low
CUST04410,15,70,3,10,4,1,Yes,Yes,39.2,41.3,3.7,Medium
CUST04411,15,95,8,15,9,2,Yes,Yes,21.0,33.3,3.2,Medium
CUST04412,5,30,1,5,2,0,No,Yes,15.7,14.2,3.5,Low
CUST04413,38,252,10,42,22,2,Yes,No,12.3,18.7,4.0,Low
CUST04414,14,92,2,8,5,1,Yes,Yes,48.8,36.3,3.8,Low
CUST04415,3,15,0,2,1,0,No,Yes,26.4,15.6,3.6,Medium
CUST04416,4,20,0,2,1,0,No,Yes,10.1,42.9,4.2,Low
CUST04417,33,106,3,15,8,2,Yes,No,25.6,24.4,4.2,Low
CUST04418,13,42,2,5,2,2,No,No,38.8,44.1,3.1,Low
CUST04419,35,206,9,20,8,3,Yes,Yes,27.5,29.7,3.9,Low
CUST04420,5,19,1,1,0,0,Yes,Yes,27.2,27.0,4.2,Medium
CUST04421,15,99,6,13,7,3,No,Yes,5.7,8.3,3.0,Low
CUST04422,2,12,0,1,0,0,Yes,No,36.1,17.6,3.9,Medium
CUST04423,25,162,7,24,16,3,Yes,Yes,38.5,7.4,3.8,Low
CUST04424,9,31,1,3,1,1,No,No,19.9,11.4,3.5,Low
CUST04425,7,26,2,3,1,1,Yes,No,20.2,26.4,3.4,Medium
CUST04426,5,22,1,1,0,0,Yes,Yes,44.0,6.2,3.8,Low
CUST04427,35,197,15,19,12,4,Yes,Yes,21.3,7.1,4.7,Low
CUST04428,15,88,3,13,7,1,Yes,Yes,45.8,39.9,2.6,Medium
CUST04429,1,4,0,0,0,0,Yes,Yes,9.9,26.7,4.4,Medium
CUST04430,8,26,1,3,1,0,No,No,44.9,13.6,4.3,Low
CUST04431,2,10,0,1,0,0,No,No,48.3,12.6,3.5,High
CUST04432,4,24,1,2,1,0,Yes,Yes,7.3,14.2,4.3,High
CUST04433,1,5,0,0,0,0,Yes,Yes,28.7,30.6,4.4,Medium
CUST04434,34,123,7,20,11,4,No,No,48.0,15.8,4.2,Low
CUST04435,14,86,4,14,8,2,No,Yes,26.5,38.3,3.1,Low
CUST04436,29,87,5,8,5,2,Yes,No,47.3,30.0,3.0,Low
CUST04437,8,42,3,5,2,0,No,No,37.9,22.1,3.8,Low
CUST04438,33,151,9,12,7,5,No,Yes,7.2,36.0,5.0,Low
CUST04439,0,0,0,0,0,0,Yes,Yes,13.5,20.1,4.3,Medium
CUST04440,21,141,8,13,5,7,Yes,Yes,32.1,26.4,4.3,Low
CUST04441,25,157,12,15,6,2,No,Yes,11.4,27.9,2.5,Low
CUST04442,10,67,2,8,5,2,No,Yes,46.6,26.0,3.5,Medium
CUST04443,3,11,0,1,0,0,Yes,Yes,18.4,45.0,3.9,Medium
CUST04444,16,102,4,17,11,2,Yes,No,39.1,43.9,3.4,Medium
CUST04445,16,53,2,6,3,0,Yes,Yes,39.9,30.4,3.5,Medium
CUST04446,11,46,1,6,3,0,No,Yes,44.2,15.8,3.8,Low
CUST04447,7,34,1,3,1,0,No,No,50.8,16.3,3.1,Low
CUST04448,7,31,2,4,1,2,Yes,Yes,25.3,30.8,4.0,Low
CUST04449,6,34,2,3,1,0,No,Yes,13.7,18.2,3.6,Medium
CUST04450,5,18,1,2,1,0,Yes,No,10.8,40.3,3.7,Medium
CUST04451,17,54,2,4,1,2,No,Yes,25.1,30.1,4.3,Medium
CUST04452,14,57,4,5,3,0,Yes,Yes,12.6,33.5,4.2,Low
CUST04453,21,118,8,13,7,7,No,No,8.6,38.3,4.8,Low
CUST04454,0,0,0,0,0,0,No,No,6.1,37.9,3.7,High
CUST04455,1,5,0,0,0,0,No,No,29.5,42.2,3.7,Medium
CUST04456,11,70,5,6,2,0,Yes,No,33.4,25.5,3.8,Low
CUST04457,1,4,0,0,0,0,No,Yes,8.0,41.2,3.3,Medium
CUST04458,33,160,5,19,11,5,Yes,No,26.3,42.3,4.4,Low
CUST04459,7,38,2,3,1,0,No,No,24.4,35.1,3.6,Low
CUST04460,12,50,3,5,2,0,No,No,13.8,9.2,3.6,Medium
CUST04461,17,92,6,11,7,0,No,No,26.1,29.8,3.6,Medium
CUST04462,25,162,7,17,8,5,No,No,33.2,30.7,4.4,Low
CUST04463,16,73,2,9,5,1,No,Yes,25.4,18.1,3.4,Medium
CUST04464,6,26,1,3,1,0,No,No,10.1,42.7,4.2,Low
CUST04465,43,235,16,36,21,4,Yes,No,8.7,40.3,4.7,Low
CUST04466,13,87,2,15,6,0,No,Yes,18.8,42.1,4.1,Low
CUST04467,1,4,0,0,0,0,Yes,No,13.2,11.3,3.0,Medium
CUST04468,7,46,3,5,3,0,Yes,No,10.7,32.5,3.3,Medium
CUST04469,10,62,1,8,4,3,No,Yes,14.6,37.3,2.3,Medium
CUST04470,29,174,10,24,9,2,No,Yes,49.9,25.7,4.1,Low
CUST04471,6,21,1,2,1,0,Yes,No,13.2,21.3,3.3,Medium
CUST04472,2,8,0,0,0,0,Yes,Yes,47.6,9.7,4.0,Medium
CUST04473,27,162,6,18,7,2,Yes,Yes,26.9,16.2,4.5,Low
CUST04474,17,100,3,15,7,4,Yes,No,37.1,39.1,4.1,Low
CUST04475,10,68,4,9,5,2,Yes,Yes,18.7,44.5,4.3,Medium
CUST04476,41,141,6,24,11,5,Yes,Yes,54.6,34.2,4.7,Low
CUST04477,2,8,0,1,0,0,Yes,Yes,23.3,11.2,4.2,Medium
CUST04478,2,9,0,1,0,0,Yes,Yes,41.6,41.7,4.5,Medium
CUST04479,2,9,0,1,0,0,Yes,No,22.8,8.7,4.2,Medium
CUST04480,3,16,0,1,0,0,Yes,No,43.1,23.6,3.7,Low
CUST04481,5,30,1,3,1,0,No,No,10.3,25.8,4.2,Medium
CUST04482,6,26,1,2,1,0,No,No,28.7,37.2,3.6,Medium
CUST04483,14,88,2,10,5,0,No,No,21.3,40.6,4.3,Low
CUST04484,7,46,1,7,4,0,Yes,Yes,45.3,25.5,4.2,Medium
CUST04485,1,5,0,0,0,0,No,Yes,35.7,43.1,4.4,High
CUST04486,12,46,2,5,2,0,No,No,39.1,29.0,4.3,Medium
CUST04487,30,115,8,15,9,3,Yes,Yes,51.3,24.0,3.9,Low
CUST04488,8,40,2,3,1,2,Yes,Yes,19.3,28.1,4.2,Medium
CUST04489,18,93,5,11,6,5,No,Yes,38.7,11.9,3.8,Low
CUST04490,5,22,1,2,0,0,Yes,Yes,12.1,15.4,4.1,Low
CUST04491,26,95,7,17,11,2,No,No,16.7,34.6,4.6,Low
CUST04492,45,253,7,25,15,6,No,Yes,35.3,10.7,4.3,Low
CUST04493,24,103,6,18,9,4,No,No,18.7,35.9,4.6,Low
CUST04494,15,80,5,8,3,2,No,Yes,26.5,18.9,2.3,Low
CUST04495,2,8,0,0,0,0,Yes,No,24.5,32.1,3.7,Low
CUST04496,19,58,2,5,2,1,No,No,48.1,35.8,3.4,Low
CUST04497,18,63,4,9,5,2,Yes,No,39.8,5.1,4.2,Low
CUST04498,0,0,0,0,0,0,Yes,No,48.6,43.1,4.1,High
CUST04499,3,13,0,2,1,0,Yes,Yes,14.5,40.1,4.2,High
CUST04500,28,193,10,23,11,7,No,Yes,32.0,20.6,4.9,Low
CUST04501,38,261,23,42,20,7,No,No,37.8,24.3,4.5,Low
CUST04502,1,3,0,0,0,0,Yes,Yes,34.7,31.9,3.6,Low
CUST04503,14,52,1,8,4,1,Yes,Yes,22.5,32.1,3.5,Medium
CUST04504,11,62,4,6,2,2,Yes,Yes,40.2,22.3,3.4,Low
CUST04505,30,96,7,12,5,2,Yes,Yes,30.4,25.4,4.1,Low
CUST04506,2,10,0,1,0,0,Yes,Yes,40.7,19.3,3.7,High
CUST04507,6,24,2,3,1,0,Yes,Yes,5.7,29.8,3.3,Medium
CUST04508,23,153,12,26,10,3,Yes,No,27.7,33.0,4.4,Low
CUST04509,43,229,15,21,10,3,No,Yes,51.6,24.5,4.5,Low
CUST04510,25,116,4,9,4,2,Yes,Yes,26.0,40.5,4.6,Low
CUST04511,48,238,13,21,11,5,Yes,Yes,36.5,44.0,4.5,Low
CUST04512,32,203,10,23,13,5,Yes,No,41.5,25.5,4.4,Low
CUST04513,5,19,1,2,1,2,Yes,No,43.9,26.3,4.1,Low
CUST04514,16,78,4,13,6,2,Yes,Yes,46.3,29.7,3.8,Medium
CUST04515,13,42,2,3,1,2,No,Yes,18.7,33.0,2.5,Low
CUST04516,11,57,2,6,2,1,No,Yes,23.9,21.1,3.6,Low
CUST04517,5,22,0,3,2,0,No,No,45.9,25.5,4.5,Low
CUST04518,42,136,10,20,9,7,Yes,No,27.8,34.2,4.8,Low
CUST04519,23,71,3,9,6,3,Yes,Yes,16.9,17.0,2.7,Low
CUST04520,16,77,3,8,3,3,Yes,No,48.7,13.7,2.4,Low
CUST04521,2,7,0,0,0,0,Yes,No,10.9,25.5,4.0,Medium
CUST04522,5,18,0,2,0,2,Yes,No,32.9,31.6,4.4,Low
CUST04523,4,25,0,4,2,0,No,Yes,10.2,11.4,3.4,Medium
CUST04524,18,68,4,11,5,2,No,Yes,51.9,24.7,4.2,Low
CUST04525,16,54,2,8,3,4,Yes,Yes,24.8,7.5,4.5,Low
CUST04526,18,63,4,11,5,1,Yes,No,27.3,16.1,4.4,Low
CUST04527,11,69,4,8,4,3,Yes,No,26.4,34.4,2.4,Low
CUST04528,0,0,0,0,0,0,Yes,No,38.7,7.3,4.0,High
CUST04529,25,83,3,7,3,2,Yes,No,23.2,37.4,4.2,Low
CUST04530,14,71,2,7,3,2,No,Yes,30.1,21.8,3.8,Medium
CUST04531,5,26,1,3,1,0,No,No,12.5,30.7,4.3,Medium
CUST04532,1,3,0,0,0,0,Yes,No,27.6,34.6,4.0,High
CUST04533,20,122,9,12,6,3,Yes,No,54.7,39.0,3.3,Low
CUST04534,21,123,5,21,13,5,Yes,Yes,22.5,17.2,4.7,Low
CUST04535,12,64,3,11,7,0,No,Yes,9.3,7.9,3.8,Low
CUST04536,23,123,9,18,11,7,Yes,No,29.1,14.4,4.5,Low
CUST04537,25,122,4,20,11,3,Yes,Yes,31.4,32.4,3.9,Low
CUST04538,4,27,1,4,2,0,Yes,Yes,6.2,9.4,3.7,Medium
CUST04539,6,27,1,2,1,0,Yes,Yes,13.3,29.2,4.0,Low
CUST04540,17,80,5,8,3,0,Yes,Yes,5.8,20.8,4.1,Medium
CUST04541,38,134,11,16,9,2,Yes,Yes,48.6,13.4,4.1,Low
CUST04542,3,14,0,2,1,0,Yes,Yes,47.2,31.4,4.0,High
CUST04543,27,164,5,21,9,3,Yes,No,21.4,6.4,2.8,Low
CUST04544,2,13,0,1,0,0,No,Yes,34.8,28.1,3.5,Medium
CUST04545,14,45,1,4,2,2,No,Yes,51.4,23.1,4.3,Low
CUST04546,2,13,0,1,0,0,Yes,Yes,37.2,43.3,4.3,Low
CUST04547,16,94,3,8,3,0,Yes,Yes,14.2,5.8,3.8,Low
CUST04548,16,82,3,10,5,0,No,No,25.9,9.2,3.8,Low
CUST04549,5,32,1,5,2,0,Yes,No,37.0,29.6,3.9,Medium
CUST04550,7,42,2,6,4,0,Yes,Yes,33.2,44.2,3.7,Medium
CUST04551,17,118,9,11,4,0,Yes,Yes,48.3,26.6,3.5,Medium
CUST04552,13,77,4,10,4,3,Yes,No,33.4,15.8,2.8,Low
CUST04553,44,164,12,21,10,5,No,Yes,16.3,25.8,4.9,Low
CUST04554,15,68,4,7,2,1,Yes,Yes,21.5,14.7,3.1,Medium
CUST04555,5,24,1,3,1,0,Yes,No,30.2,6.8,3.7,Medium
CUST04556,39,220,7,24,10,3,Yes,No,43.0,30.6,4.2,Low
CUST04557,49,227,12,36,16,4,No,Yes,24.8,44.9,4.8,Low
CUST04558,53,228,13,22,9,5,No,Yes,27.6,18.8,4.8,Low
CUST04559,12,54,3,6,3,0,Yes,No,31.9,44.5,3.9,Low
CUST04560,31,148,7,18,9,3,Yes,No,8.8,36.2,3.9,Low
CUST04561,23,118,7,16,8,4,No,No,45.7,34.5,4.4,Low
CUST04562,9,45,3,7,4,2,Yes,No,31.4,28.2,4.2,Low
CUST04563,1,6,0,0,0,0,Yes,No,15.9,29.5,3.5,Medium
CUST04564,44,178,13,24,14,6,Yes,Yes,24.7,37.1,4.5,Low
CUST04565,31,149,10,15,8,4,No,No,41.1,43.9,4.4,Low
CUST04566,4,17,1,2,1,0,Yes,Yes,18.0,40.9,3.9,High
CUST04567,9,61,2,6,3,1,No,Yes,15.8,43.3,3.9,Low
CUST04568,18,73,5,9,4,1,No,Yes,44.4,29.6,3.9,Low
CUST04569,1,3,0,0,0,0,Yes,No,27.8,32.5,4.2,High
CUST04570,16,79,2,8,4,1,Yes,Yes,24.7,24.3,3.4,Low
CUST04571,9,30,2,3,2,0,No,Yes,38.3,11.9,3.9,Medium
CUST04572,5,25,2,2,1,1,Yes,No,31.5,11.1,3.8,Medium
CUST04573,24,80,2,12,8,5,Yes,Yes,16.8,11.0,4.6,Low
CUST04574,3,9,0,1,0,0,No,No,40.8,11.6,3.9,Medium
CUST04575,4,26,0,3,2,0,No,Yes,37.3,5.4,4.3,Medium
CUST04576,10,68,3,10,5,3,No,No,12.0,18.2,3.0,Medium
CUST04577,16,73,5,7,3,1,Yes,Yes,39.1,44.2,4.3,Low
CUST04578,16,82,4,9,4,2,Yes,Yes,28.0,9.2,4.0,Medium
CUST04579,27,108,6,16,8,4,Yes,Yes,26.2,33.6,4.4,Low
CUST04580,30,130,7,17,8,3,No,Yes,25.6,44.9,4.9,Low
CUST04581,10,55,2,8,3,0,Yes,No,28.9,13.6,3.6,Medium
CUST04582,35,164,6,14,6,2,Yes,Yes,24.6,40.5,4.6,Low
CUST04583,3,20,1,2,0,0,Yes,Yes,7.2,10.9,4.0,High
CUST04584,27,119,4,15,9,1,No,No,5.1,33.7,2.4,Medium
CUST04585,22,100,8,16,6,4,Yes,No,31.9,14.6,4.1,Low
CUST04586,20,130,11,12,4,3,No,Yes,43.4,26.3,2.9,Low
CUST04587,14,97,4,12,4,1,No,Yes,40.1,39.0,3.5,Low
CUST04588,13,72,5,11,6,1,Yes,Yes,43.9,9.7,3.9,Low
CUST04589,14,84,6,9,4,0,No,Yes,34.2,40.6,3.7,Medium
CUST04590,10,51,1,5,2,0,Yes,Yes,36.5,6.1,4.0,Medium
CUST04591,8,36,1,3,1,2,Yes,Yes,36.8,12.7,3.6,Low
CUST04592,14,51,2,7,3,1,Yes,Yes,48.0,36.0,3.8,Medium
CUST04593,13,71,3,10,4,2,No,Yes,31.7,44.4,4.1,Medium
CUST04594,28,104,3,13,5,1,No,No,43.7,39.4,3.2,Low
CUST04595,38,184,12,20,12,5,No,No,47.9,25.1,4.5,Low
CUST04596,57,290,10,50,20,4,No,Yes,47.4,24.0,4.5,Low
CUST04597,21,92,4,13,8,1,Yes,No,16.8,32.8,2.8,Low
CUST04598,0,0,0,0,0,0,No,Yes,54.8,37.4,3.7,Medium
CUST04599,16,63,3,7,4,2,Yes,Yes,51.4,17.2,4.2,Medium
CUST04600,7,40,1,4,1,0,Yes,Yes,44.4,14.9,4.3,Medium
CUST04601,5,15,1,1,0,0,No,Yes,41.8,38.6,4.4,Medium
CUST04602,5,20,1,2,1,0,Yes,No,53.4,42.3,4.1,Medium
CUST04603,29,180,6,14,6,5,Yes,No,19.9,37.8,4.8,Low
CUST04604,2,8,0,1,0,0,Yes,No,20.4,31.9,4.3,Medium
CUST04605,19,73,3,8,4,0,Yes,Yes,34.4,7.0,3.5,Low
CUST04606,23,76,4,10,5,2,Yes,No,22.2,41.9,2.6,Low
CUST04607,19,91,7,15,6,2,Yes,Yes,23.4,21.0,3.5,Medium
CUST04608,23,159,11,15,9,3,Yes,No,29.2,6.0,4.4,Low
CUST04609,19,117,9,10,5,1,Yes,No,54.3,10.0,4.0,Low
CUST04610,6,19,0,2,0,0,Yes,Yes,50.7,33.2,4.0,Medium
CUST04611,23,156,11,15,7,2,Yes,No,9.6,15.5,2.3,Low
CUST04612,9,30,1,3,1,1,No,No,42.7,41.4,4.1,Medium
CUST04613,4,22,1,3,1,0,Yes,Yes,11.3,29.9,4.3,Medium
CUST04614,18,85,4,9,3,2,Yes,Yes,48.9,7.2,3.8,Low
CUST04615,3,20,0,1,0,0,Yes,Yes,34.4,11.4,3.4,Medium
CUST04616,2,10,0,1,0,0,No,No,32.8,27.8,3.8,Medium
CUST04617,15,94,3,10,4,2,Yes,No,5.4,30.0,4.1,Low
CUST04618,28,190,16,24,12,1,Yes,Yes,15.1,41.3,2.8,Low
CUST04619,18,116,9,15,6,2,Yes,No,40.1,30.7,3.9,Medium
CUST04620,5,21,1,3,1,0,No,No,19.4,44.6,3.1,Medium
CUST04621,22,128,8,19,7,2,No,Yes,24.6,33.1,4.6,Low
CUST04622,12,55,4,4,1,1,No,No,54.6,16.2,4.1,Medium
CUST04623,14,82,6,9,4,2,No,Yes,24.8,8.5,4.4,Low
CUST04624,20,117,5,15,9,2,Yes,Yes,39.2,39.5,3.0,Low
CUST04625,6,34,2,4,1,1,Yes,Yes,8.4,16.9,3.9,Medium
CUST04626,20,100,5,16,8,7,No,Yes,51.6,17.6,4.9,Low
CUST04627,16,70,3,9,4,5,No,Yes,51.6,37.0,4.6,Low
CUST04628,36,142,7,15,9,4,No,No,49.7,40.0,4.0,Low
CUST04629,6,30,1,4,2,0,No,Yes,22.7,10.2,4.3,Medium
CUST04630,26,170,15,28,18,2,No,No,17.9,17.8,3.9,Low
CUST04631,14,77,5,12,5,1,No,No,35.0,31.3,2.4,Low
CUST04632,2,7,0,0,0,0,Yes,No,24.9,20.7,3.3,Medium
CUST04633,24,114,4,11,4,1,No,Yes,42.7,5.9,2.9,Low
CUST04634,5,20,1,2,1,0,No,Yes,34.2,5.7,3.6,Medium
CUST04635,11,74,4,10,4,1,No,Yes,45.3,43.9,3.2,Low
CUST04636,11,74,3,10,4,1,Yes,Yes,7.3,6.9,4.1,Low
CUST04637,14,48,3,8,4,0,Yes,No,20.6,19.4,3.9,Medium
CUST04638,14,90,7,12,6,2,No,Yes,45.8,42.4,4.3,Medium
CUST04639,1,5,0,0,0,0,Yes,Yes,20.2,28.6,4.4,High
CUST04640,57,391,29,59,37,6,No,Yes,8.5,23.0,4.2,Low
CUST04641,19,57,2,7,4,0,Yes,Yes,36.3,41.1,3.5,Medium
CUST04642,5,26,2,2,1,1,Yes,Yes,12.8,40.5,3.5,Low
CUST04643,1,3,0,0,0,0,Yes,No,13.8,34.5,3.8,High
CUST04644,3,11,0,1,0,0,Yes,Yes,47.2,9.6,3.2,Medium
CUST04645,3,12,0,1,0,0,Yes,Yes,37.7,28.0,3.4,Medium
CUST04646,1,4,0,0,0,0,No,Yes,32.3,24.0,4.0,High
CUST04647,12,40,3,3,1,1,Yes,Yes,31.3,31.8,4.4,Medium
CUST04648,32,202,11,19,10,5,Yes,Yes,23.1,32.4,4.0,Low
CUST04649,7,46,2,4,2,0,No,No,16.2,14.0,4.2,Medium
CUST04650,6,23,1,1,0,0,No,Yes,30.8,31.3,3.7,Medium
CUST04651,22,96,4,10,4,1,Yes,No,53.5,25.0,3.0,Medium
CUST04652,14,92,7,9,4,1,Yes,Yes,50.4,34.5,3.9,Low
CUST04653,19,73,5,5,3,0,Yes,No,39.2,6.2,3.7,Medium
CUST04654,1,5,0,0,0,0,No,Yes,28.3,13.2,3.7,Medium
CUST04655,55,191,13,31,17,7,No,No,31.6,16.8,4.7,Low
CUST04656,20,65,5,6,2,1,Yes,Yes,18.4,21.4,3.4,Low
CUST04657,29,197,16,34,14,1,Yes,No,24.5,15.0,2.6,Low
CUST04658,26,107,5,19,11,4,Yes,No,21.4,6.1,3.8,Low
CUST04659,38,186,13,24,14,5,No,Yes,49.9,26.3,4.3,Low
CUST04660,2,12,0,1,0,0,Yes,No,13.1,12.5,3.1,Medium
CUST04661,3,9,0,1,0,0,Yes,No,29.0,20.9,4.2,Medium
CUST04662,2,9,0,0,0,0,Yes,No,19.6,23.1,3.1,Medium
CUST04663,5,24,0,3,1,0,Yes,No,38.6,35.5,3.9,Medium
CUST04664,15,100,5,11,5,2,No,No,33.0,43.9,4.4,Low
CUST04665,3,18,1,2,1,0,No,Yes,19.0,21.7,3.7,Medium
CUST04666,16,55,2,9,4,1,Yes,No,18.6,20.7,3.8,Medium
CUST04667,21,67,5,8,3,2,No,Yes,30.1,26.6,4.4,Low
CUST04668,21,88,4,8,4,2,Yes,Yes,39.1,30.3,3.8,Low
CUST04669,3,19,1,2,1,0,Yes,Yes,45.4,20.0,4.1,High
CUST04670,10,69,3,8,3,2,No,Yes,44.5,21.0,4.4,Low
CUST04671,3,14,0,1,0,0,Yes,No,18.8,42.3,3.8,Low
CUST04672,28,173,6,30,14,3,Yes,No,39.4,14.0,2.9,Low
CUST04673,27,143,10,16,8,3,Yes,Yes,25.5,14.5,3.0,Medium
CUST04674,15,62,1,5,2,0,Yes,Yes,49.2,37.6,3.6,Medium
CUST04675,29,111,3,12,7,1,No,Yes,20.2,42.6,3.0,Low
CUST04676,12,44,3,5,3,2,Yes,Yes,9.0,41.1,3.7,Low
CUST04677,17,54,4,7,3,1,No,Yes,27.2,16.7,3.2,Low
CUST04678,3,19,0,3,2,0,No,Yes,8.2,8.6,4.1,Medium
CUST04679,17,73,3,12,6,2,Yes,No,16.3,5.3,4.1,Low
CUST04680,48,188,10,17,10,7,No,No,45.9,18.6,4.2,Low
CUST04681,38,189,12,27,14,4,Yes,No,49.5,29.5,4.0,Low
CUST04682,6,31,2,3,1,0,Yes,Yes,8.9,5.0,4.4,Medium
CUST04683,56,323,20,35,23,3,Yes,No,23.3,41.1,4.2,Low
CUST04684,13,40,2,3,1,0,Yes,No,21.1,39.1,3.5,Medium
CUST04685,5,19,1,1,0,1,Yes,No,54.8,6.1,4.2,Low
CUST04686,6,24,1,4,1,0,No,Yes,54.4,6.3,4.5,Medium
CUST04687,39,119,5,18,11,3,Yes,Yes,9.3,30.8,4.4,Low
CUST04688,18,118,7,21,12,3,Yes,Yes,38.9,23.2,4.6,Low
CUST04689,41,168,12,21,12,7,No,Yes,45.4,17.3,4.8,Low
CUST04690,21,127,6,11,6,1,No,Yes,12.1,31.7,2.3,Low
CUST04691,15,97,3,16,9,1,Yes,Yes,43.2,39.8,3.6,Low
CUST04692,18,93,5,13,8,0,No,Yes,34.4,42.5,3.7,Medium
CUST04693,10,48,3,7,3,0,No,No,13.3,40.9,3.9,Low
CUST04694,8,40,1,3,1,0,No,No,27.6,23.2,4.2,Low
CUST04695,0,0,0,0,0,0,No,Yes,18.2,16.0,3.9,Medium
CUST04696,1,3,0,0,0,0,Yes,Yes,38.0,21.1,3.7,High
CUST04697,7,23,1,3,1,2,Yes,No,51.2,23.3,3.7,Low
CUST04698,34,230,15,30,20,2,No,Yes,32.4,29.8,3.9,Low
CUST04699,18,89,4,8,4,2,No,No,42.6,26.7,3.5,Medium
CUST04700,17,66,4,9,3,2,No,Yes,11.2,44.8,3.8,Low
CUST04701,7,41,1,5,2,0,Yes,No,6.3,17.8,4.0,Low
CUST04702,15,63,4,5,3,1,Yes,Yes,38.5,37.7,3.7,Medium
CUST04703,10,46,2,4,2,0,Yes,Yes,44.7,29.5,4.1,Medium
CUST04704,14,90,2,13,6,0,Yes,Yes,16.1,22.7,3.7,Low
CUST04705,5,27,2,4,1,0,Yes,Yes,52.0,43.9,4.5,Medium
CUST04706,16,74,4,11,6,0,Yes,No,13.6,31.3,4.4,Medium
CUST04707,27,181,15,29,12,3,Yes,No,19.0,40.2,3.1,Low
CUST04708,7,21,1,2,0,0,Yes,No,23.2,14.1,4.3,Low
CUST04709,6,36,3,5,2,0,No,Yes,27.8,15.6,3.6,Medium
CUST04710,2,12,0,1,0,0,No,Yes,52.5,29.8,4.1,Medium
CUST04711,3,9,0,0,0,0,Yes,No,24.8,39.3,4.0,Medium
CUST04712,16,59,2,9,3,1,Yes,No,32.7,20.2,4.3,Medium
CUST04713,4,17,1,1,0,0,Yes,Yes,48.1,43.0,3.7,Medium
CUST04714,12,78,5,8,3,2,Yes,Yes,36.7,12.9,4.2,Low
CUST04715,14,90,5,10,4,0,Yes,Yes,21.0,21.5,3.6,Low
CUST04716,26,120,10,16,10,5,Yes,No,31.3,21.7,4.3,Low
CUST04717,58,369,32,39,24,5,Yes,No,41.5,22.2,5.0,Low
CUST04718,34,104,7,16,6,5,Yes,Yes,41.5,17.3,3.9,Low
CUST04719,5,33,2,3,1,0,No,No,34.2,40.7,3.8,Medium
CUST04720,8,37,2,6,3,1,Yes,No,31.7,22.2,3.6,Medium
CUST04721,3,18,1,2,1,0,Yes,No,31.7,16.8,3.9,High
CUST04722,13,76,6,12,7,0,Yes,No,35.6,9.5,4.1,Low
CUST04723,13,54,3,5,3,1,No,Yes,16.2,15.8,4.2,Medium
CUST04724,1,3,0,0,0,0,Yes,Yes,15.7,43.6,3.8,Medium
CUST04725,11,70,3,11,5,2,Yes,No,31.6,11.4,2.8,Low
CUST04726,6,39,1,6,2,0,Yes,No,36.8,30.8,3.6,Medium
CUST04727,2,10,0,1,0,0,Yes,Yes,30.4,16.4,3.4,Medium
CUST04728,5,23,1,1,0,0,Yes,Yes,33.9,6.3,3.6,Medium
CUST04729,14,55,3,8,3,1,Yes,Yes,32.7,16.0,3.4,Medium
CUST04730,10,43,2,3,1,2,No,Yes,8.6,10.8,4.3,Low
CUST04731,5,32,1,3,1,0,Yes,Yes,31.5,20.9,4.3,Low
CUST04732,22,74,4,10,6,3,Yes,No,23.1,7.1,2.9,Low
CUST04733,39,204,10,22,11,2,Yes,Yes,41.8,42.8,3.8,Low
CUST04734,8,44,1,3,1,0,Yes,Yes,34.5,20.0,4.0,Medium
CUST04735,3,14,0,2,0,0,No,No,16.7,39.0,4.4,Medium
CUST04736,1,6,0,0,0,0,Yes,Yes,48.8,24.3,4.0,High
CUST04737,2,9,0,0,0,0,Yes,Yes,16.1,39.2,4.3,Medium
CUST04738,14,47,3,4,1,2,Yes,No,24.5,31.3,3.6,Low
CUST04739,1,3,0,0,0,0,Yes,Yes,35.1,27.9,3.8,Medium
CUST04740,34,126,10,18,10,2,No,Yes,53.1,31.9,4.1,Low
CUST04741,4,14,1,1,0,0,Yes,Yes,35.3,9.3,4.1,Medium
CUST04742,4,14,1,1,0,0,Yes,Yes,28.5,29.6,3.0,Medium
CUST04743,9,53,2,8,4,0,Yes,Yes,39.3,10.5,4.1,Medium
CUST04744,33,122,3,13,8,2,Yes,Yes,16.2,39.0,3.9,Low
CUST04745,40,255,13,35,20,5,No,Yes,46.5,6.1,4.6,Low
CUST04746,3,9,0,1,0,0,Yes,Yes,49.6,37.2,4.0,Medium
CUST04747,1,5,0,0,0,0,No,Yes,39.0,12.3,4.4,High
CUST04748,44,269,16,33,16,5,Yes,Yes,34.0,41.3,4.6,Low
CUST04749,27,149,6,16,7,2,No,No,10.1,25.7,2.3,Low
CUST04750,30,180,10,15,10,2,Yes,No,43.4,40.1,4.5,Low
CUST04751,39,239,10,40,23,4,Yes,Yes,36.3,23.1,4.2,Low
CUST04752,10,55,3,6,3,1,Yes,No,8.0,43.1,3.6,Low
CUST04753,15,49,4,4,2,2,No,No,28.4,6.7,3.7,Medium
CUST04754,23,97,8,12,7,4,Yes,No,29.0,10.4,4.2,Low
CUST04755,0,0,0,0,0,0,Yes,Yes,30.3,29.6,3.6,Medium
CUST04756,2,11,0,1,0,0,Yes,Yes,28.1,35.4,4.3,Medium
CUST04757,18,76,3,9,4,4,Yes,No,39.7,44.1,4.5,Low
CUST04758,24,159,13,15,6,2,Yes,No,15.0,40.3,2.2,Medium
CUST04759,26,98,5,17,9,2,Yes,Yes,26.6,6.0,3.0,Medium
CUST04760,20,75,4,8,4,3,Yes,No,50.5,39.9,2.8,Low
CUST04761,18,115,7,18,8,0,No,No,35.7,38.9,3.9,Low
CUST04762,5,34,2,3,1,0,Yes,Yes,41.1,32.5,4.3,Medium
CUST04763,0,0,0,0,0,0,No,Yes,8.8,30.8,3.6,Medium
CUST04764,18,85,6,14,8,2,Yes,Yes,38.4,6.1,4.0,Medium
CUST04765,59,297,15,52,29,3,Yes,Yes,55.0,35.7,4.8,Low
CUST04766,7,28,0,2,1,0,Yes,Yes,19.8,11.2,3.9,Medium
CUST04767,15,76,4,13,7,2,No,Yes,12.4,27.5,3.5,Low
CUST04768,3,13,0,1,0,0,No,No,23.8,36.5,3.5,Medium
CUST04769,21,69,3,10,6,5,Yes,Yes,48.0,10.4,4.7,Low
CUST04770,5,18,1,2,1,0,No,No,19.4,39.8,3.5,Low
CUST04771,4,14,0,1,0,0,No,No,54.6,14.3,4.2,Medium
CUST04772,4,24,1,3,1,0,No,Yes,40.2,40.8,4.2,Medium
CUST04773,30,154,5,17,6,7,No,Yes,45.5,28.5,4.7,Low
CUST04774,2,13,0,1,0,0,Yes,No,9.9,35.1,4.5,High
CUST04775,30,100,7,12,5,4,No,Yes,44.4,37.4,4.3,Low
CUST04776,10,40,3,3,1,0,No,Yes,23.4,14.7,4.3,Medium
CUST04777,2,9,0,1,0,0,No,Yes,34.7,5.8,3.5,Low
CUST04778,13,62,2,7,4,2,Yes,Yes,20.5,39.3,4.0,Medium
CUST04779,49,214,15,33,18,3,Yes,No,5.1,20.2,4.4,Low
CUST04780,16,79,6,12,7,1,Yes,No,38.3,32.5,3.2,Low
CUST04781,26,101,6,12,7,2,Yes,Yes,33.8,11.9,2.5,Low
CUST04782,6,39,3,5,2,1,No,Yes,26.9,42.9,4.3,Medium
CUST04783,14,57,2,7,2,1,No,No,20.4,27.5,4.4,Medium
CUST04784,3,19,0,2,0,0,Yes,Yes,11.3,41.8,4.1,High
CUST04785,7,46,2,7,3,0,No,No,28.9,6.0,4.1,Medium
CUST04786,13,65,2,7,4,1,Yes,Yes,15.5,40.9,3.8,Low
CUST04787,13,64,2,6,2,1,Yes,No,28.5,38.9,3.8,Medium
CUST04788,32,169,5,26,13,5,No,Yes,28.9,14.3,4.7,Low
CUST04789,17,81,6,7,3,4,No,Yes,39.2,43.7,4.6,Low
CUST04790,23,92,8,15,8,5,Yes,Yes,35.9,27.7,4.0,Low
CUST04791,26,112,7,12,7,2,Yes,No,48.9,44.5,4.7,Low
CUST04792,2,12,0,1,0,0,Yes,No,38.4,26.6,3.3,Medium
CUST04793,2,12,0,1,0,0,No,Yes,51.3,37.4,4.2,Medium
CUST04794,4,17,0,2,1,0,Yes,No,31.7,7.3,4.0,High
CUST04795,24,98,5,8,4,3,No,No,13.2,15.9,2.6,Low
CUST04796,14,68,2,8,4,2,Yes,Yes,8.7,5.9,3.4,Medium
CUST04797,2,8,0,1,0,0,Yes,No,31.5,43.7,4.1,High
CUST04798,8,39,2,5,2,1,Yes,Yes,39.7,16.5,4.1,Medium
CUST04799,10,33,1,5,2,2,No,No,43.3,38.7,4.1,Low
CUST04800,6,21,1,2,1,0,No,Yes,32.7,13.5,3.7,Medium
CUST04801,26,148,6,18,10,2,Yes,No,32.9,37.6,3.4,Low
CUST04802,3,14,0,1,0,0,Yes,Yes,51.8,22.2,3.6,High
CUST04803,17,118,7,11,6,2,Yes,Yes,20.9,22.3,3.3,Medium
CUST04804,16,104,5,13,7,1,Yes,No,37.7,44.2,4.2,Low
CUST04805,11,49,1,8,5,1,Yes,No,15.1,13.6,4.1,Medium
CUST04806,2,8,0,1,0,0,Yes,Yes,30.2,5.1,3.1,Medium
CUST04807,5,25,1,3,1,0,Yes,No,46.3,27.6,3.1,Medium
CUST04808,7,28,1,3,1,0,No,Yes,43.5,6.9,3.6,Low
CUST04809,15,62,4,5,2,1,Yes,Yes,53.3,23.0,3.5,Medium
CUST04810,12,65,5,5,2,0,Yes,Yes,54.3,15.4,3.7,Medium
CUST04811,2,11,0,1,0,0,No,No,9.0,6.3,3.8,High
CUST04812,18,69,2,6,3,1,Yes,Yes,14.2,33.0,3.7,Medium
CUST04813,13,63,3,5,3,2,Yes,Yes,48.6,7.6,2.5,Medium
CUST04814,23,91,4,7,4,2,Yes,No,39.9,10.6,3.1,Low
CUST04815,13,41,3,5,2,1,Yes,No,22.6,15.0,3.3,Low
CUST04816,10,33,2,3,1,1,No,No,11.0,17.4,2.4,Low
CUST04817,4,22,1,3,1,0,Yes,No,31.0,27.3,4.1,Medium
CUST04818,24,132,4,15,9,2,No,Yes,37.2,6.7,2.7,Low
CUST04819,7,21,0,2,1,2,No,Yes,46.9,23.9,3.4,Low
CUST04820,24,152,7,14,6,5,No,Yes,49.6,9.1,4.0,Low
CUST04821,57,228,14,33,14,3,No,Yes,48.4,10.1,4.5,Low
CUST04822,18,102,5,15,8,2,No,Yes,40.6,10.3,4.7,Low
CUST04823,12,78,6,6,3,0,Yes,Yes,10.3,5.5,3.5,Medium
CUST04824,26,143,4,14,7,2,No,Yes,49.9,34.8,2.5,Medium
CUST04825,6,36,1,4,1,1,Yes,Yes,44.4,24.6,3.6,Low
CUST04826,21,83,2,11,4,3,No,Yes,26.7,21.9,4.7,Low
CUST04827,3,11,0,1,0,0,Yes,Yes,30.6,10.9,3.3,Medium
CUST04828,52,194,6,20,8,4,No,Yes,21.1,42.3,4.3,Low
CUST04829,7,38,1,5,2,2,Yes,Yes,42.6,34.2,3.7,Medium
CUST04830,23,113,6,17,11,5,No,Yes,14.8,31.3,4.3,Low
CUST04831,5,23,1,2,0,0,No,Yes,30.5,32.5,3.0,Medium
CUST04832,8,39,1,5,2,1,Yes,No,35.4,6.7,3.7,Low
CUST04833,4,20,0,2,1,0,Yes,No,51.5,7.4,3.6,Medium
CUST04834,3,17,1,2,0,0,Yes,No,31.1,42.2,4.3,Medium
CUST04835,24,132,10,12,7,5,No,No,41.8,10.1,4.0,Low
CUST04836,1,6,0,0,0,0,No,Yes,23.5,12.3,3.9,Medium
CUST04837,23,148,6,25,10,3,Yes,Yes,53.9,31.1,2.8,Low
CUST04838,55,230,19,38,18,5,No,Yes,9.9,23.3,4.7,Low
CUST04839,2,6,0,0,0,0,Yes,No,37.6,7.8,3.1,Medium
CUST04840,0,0,0,0,0,0,No,Yes,5.7,32.3,3.9,Medium
CUST04841,7,45,1,7,3,0,Yes,Yes,25.3,37.7,3.2,Medium
CUST04842,1,4,0,0,0,0,No,No,45.2,28.3,4.0,High
CUST04843,24,78,6,13,7,3,Yes,Yes,41.9,9.3,2.3,Low
CUST04844,3,12,0,1,0,0,No,Yes,32.6,30.4,4.3,Medium
CUST04845,25,133,10,22,9,3,Yes,Yes,45.8,30.5,3.3,Medium
CUST04846,1,6,0,0,0,0,Yes,No,20.1,16.7,3.7,Medium
CUST04847,13,48,2,4,1,0,Yes,Yes,49.4,20.8,3.7,Medium
CUST04848,2,12,0,1,0,0,No,No,26.3,22.5,4.0,Medium
CUST04849,9,56,3,9,5,0,Yes,No,41.9,19.8,4.0,Medium
CUST04850,1,6,0,1,0,0,Yes,Yes,15.7,22.1,3.2,Low
CUST04851,6,33,2,4,1,1,No,Yes,30.0,22.7,4.4,Medium
CUST04852,18,81,4,12,7,2,Yes,Yes,31.7,41.1,2.8,Low
CUST04853,9,48,3,8,5,2,Yes,No,48.0,21.2,3.6,Medium
CUST04854,4,25,1,3,1,0,No,No,15.2,9.8,4.2,Medium
CUST04855,2,10,0,1,0,0,Yes,Yes,10.6,28.3,3.6,High
CUST04856,4,13,0,1,0,0,No,No,11.7,28.1,3.4,Medium
CUST04857,18,115,9,12,5,5,No,Yes,54.0,16.4,4.0,Low
CUST04858,10,38,3,3,1,1,Yes,No,44.6,41.5,4.2,Medium
CUST04859,14,50,1,6,4,0,No,Yes,27.0,25.7,3.5,Medium
CUST04860,12,56,4,6,2,0,Yes,Yes,52.2,39.7,3.7,Medium
CUST04861,6,22,1,3,1,0,Yes,No,25.4,36.4,3.3,Medium
CUST04862,24,111,8,14,9,3,Yes,Yes,14.6,39.8,3.2,Low
CUST04863,38,146,8,22,12,3,Yes,Yes,53.5,11.3,4.5,Low
CUST04864,7,39,2,3,1,0,Yes,Yes,43.4,24.5,3.9,Medium
CUST04865,29,156,13,21,12,5,No,Yes,49.8,16.0,4.5,Low
CUST04866,12,53,3,5,3,0,Yes,Yes,20.7,39.8,3.6,Low
CUST04867,10,45,1,4,2,0,No,No,19.1,14.9,3.7,Low
CUST04868,6,39,2,4,2,1,Yes,No,50.6,35.7,4.2,Medium
CUST04869,7,40,2,6,2,0,Yes,Yes,12.6,31.3,4.4,Medium
CUST04870,5,22,1,3,1,0,No,Yes,39.9,33.3,4.2,Medium
CUST04871,21,78,4,7,3,1,No,Yes,15.8,16.3,2.4,Low
CUST04872,26,108,6,11,5,5,Yes,No,38.5,42.2,3.9,Low
CUST04873,13,90,6,14,7,2,Yes,No,29.3,26.6,4.3,Low
CUST04874,1,3,0,0,0,0,Yes,No,32.2,20.4,3.5,Medium
CUST04875,34,223,19,18,12,3,Yes,No,39.4,14.1,4.7,Low
CUST04876,1,6,0,0,0,0,No,Yes,11.4,24.2,4.1,Medium
CUST04877,10,33,1,2,0,2,Yes,Yes,8.4,36.4,3.8,Medium
CUST04878,4,25,1,4,2,0,No,No,49.2,32.7,3.8,High
CUST04879,14,74,2,7,4,0,Yes,Yes,29.0,20.2,3.4,Low
CUST04880,0,0,0,0,0,0,No,Yes,25.1,30.1,3.8,Medium
CUST04881,17,114,4,15,7,1,No,No,26.3,41.8,3.9,Low
CUST04882,5,30,2,4,1,0,No,Yes,18.8,30.9,3.0,Medium
CUST04883,1,5,0,0,0,0,Yes,Yes,36.3,40.4,3.6,Medium
CUST04884,48,197,8,19,10,3,No,No,7.2,14.8,4.7,Low
CUST04885,13,68,2,10,5,1,No,Yes,9.5,29.2,4.2,Medium
CUST04886,19,96,3,10,6,2,No,Yes,46.8,29.4,3.3,Low
CUST04887,5,21,1,3,2,0,Yes,No,19.0,26.5,3.5,Medium
CUST04888,9,60,3,5,2,2,Yes,Yes,48.6,38.7,4.0,Low
CUST04889,15,51,4,8,3,0,Yes,No,13.0,21.9,4.1,Medium
CUST04890,1,4,0,0,0,0,Yes,Yes,44.5,39.5,3.6,High
CUST04891,9,28,1,4,1,1,No,No,41.1,20.6,3.9,Medium
CUST04892,10,69,2,9,3,1,Yes,Yes,38.1,23.1,3.4,Low
CUST04893,19,118,5,12,5,1,Yes,Yes,51.9,29.4,3.9,Medium
CUST04894,1,4,0,0,0,0,Yes,Yes,42.5,16.2,3.0,Medium
CUST04895,8,52,3,9,6,0,No,No,7.4,37.8,3.9,Medium
CUST04896,4,25,1,2,1,0,No,No,50.1,36.0,3.5,High
CUST04897,1,3,0,0,0,0,Yes,Yes,54.2,27.5,4.3,Medium
CUST04898,2,10,0,1,0,0,No,No,30.6,27.0,4.3,Low
CUST04899,4,16,1,2,0,0,No,Yes,43.0,10.4,3.2,Medium
CUST04900,13,87,7,10,6,1,Yes,No,32.5,26.7,3.8,Low
CUST04901,18,65,4,5,2,1,No,No,25.9,25.1,4.1,Low
CUST04902,23,111,5,14,9,5,No,Yes,49.8,28.9,4.3,Low
CUST04903,20,111,9,15,8,6,Yes,Yes,40.9,30.2,4.6,Low
CUST04904,2,8,0,1,0,0,No,Yes,23.1,41.0,4.5,Medium
CUST04905,18,110,9,16,8,2,Yes,Yes,6.9,21.0,2.9,Medium
CUST04906,34,155,10,20,11,5,No,Yes,20.3,15.5,4.4,Low
CUST04907,2,6,0,0,0,0,Yes,Yes,28.9,25.9,4.5,Low
CUST04908,16,105,6,16,10,2,Yes,Yes,48.4,7.3,4.3,Medium
CUST04909,6,40,2,4,2,1,Yes,No,23.8,19.5,3.5,Low
CUST04910,27,96,3,9,4,2,Yes,Yes,31.9,42.4,3.9,Low
CUST04911,5,20,1,3,1,1,No,Yes,27.8,33.8,4.2,Low
CUST04912,12,37,2,4,2,2,Yes,Yes,22.9,6.7,2.4,Low
CUST04913,16,64,3,8,4,2,No,Yes,53.3,25.7,3.5,Medium
CUST04914,4,12,0,1,0,0,No,No,27.6,18.2,3.9,Medium
CUST04915,1,5,0,0,0,0,No,No,45.4,5.8,3.4,Medium
CUST04916,34,156,4,22,15,4,Yes,Yes,46.5,14.6,4.1,Low
CUST04917,8,42,2,3,1,2,Yes,No,44.4,27.7,3.5,Medium
CUST04918,10,58,1,8,3,1,No,No,10.9,22.0,4.2,Low
CUST04919,10,52,3,6,3,0,Yes,Yes,48.0,20.1,4.4,Low
CUST04920,5,24,1,1,0,0,No,No,22.6,15.9,3.5,Medium
CUST04921,21,135,6,11,6,6,No,No,8.4,27.0,4.9,Low
CUST04922,18,54,3,8,4,1,Yes,No,48.7,26.2,3.3,Low
CUST04923,30,117,5,14,7,4,No,No,21.0,36.1,4.4,Low
CUST04924,3,14,0,1,0,0,Yes,No,49.6,22.0,3.9,High
CUST04925,1,3,0,0,0,0,Yes,Yes,34.6,7.4,4.0,Medium
CUST04926,13,44,2,6,4,1,No,Yes,11.7,25.2,4.3,Medium
CUST04927,2,10,0,1,0,0,Yes,Yes,36.2,18.3,4.5,Medium
CUST04928,21,92,3,15,9,5,Yes,Yes,45.5,23.5,4.2,Low
CUST04929,13,62,3,5,2,2,Yes,Yes,26.7,40.0,3.7,Low
CUST04930,19,101,7,12,4,2,No,Yes,18.3,39.5,3.0,Medium
CUST04931,8,27,2,2,0,1,Yes,Yes,43.0,40.2,3.6,Medium
CUST04932,14,71,3,7,3,2,Yes,Yes,48.3,7.7,2.6,Low
CUST04933,1,5,0,0,0,0,Yes,Yes,6.0,22.2,4.4,Low
CUST04934,0,0,0,0,0,0,Yes,Yes,53.2,25.6,4.3,High
CUST04935,59,273,14,36,19,7,Yes,No,43.8,8.4,4.8,Low
CUST04936,3,20,0,2,1,0,Yes,No,37.4,17.4,4.3,Medium
CUST04937,7,23,1,3,1,0,Yes,Yes,18.1,5.8,4.4,Medium
CUST04938,6,37,1,4,2,0,Yes,No,45.4,38.1,4.3,Medium
CUST04939,11,73,6,8,4,0,Yes,No,20.6,19.0,3.7,Medium
CUST04940,6,26,2,3,1,0,No,No,52.5,7.3,3.1,Medium
CUST04941,8,40,2,3,2,2,No,No,13.0,10.8,3.4,Medium
CUST04942,5,34,1,4,2,1,Yes,Yes,48.7,26.0,4.2,Low
CUST04943,6,24,2,2,1,1,Yes,Yes,10.2,22.7,3.5,Low
CUST04944,37,130,11,12,7,6,Yes,Yes,40.4,40.2,4.9,Low
CUST04945,16,50,2,6,2,2,No,Yes,29.0,9.9,3.5,Low
CUST04946,7,37,2,4,2,2,Yes,No,34.9,26.3,3.8,Low
CUST04947,32,97,4,12,6,4,No,No,50.2,39.3,3.8,Low
CUST04948,1,5,0,0,0,0,Yes,Yes,11.2,19.4,3.8,Medium
CUST04949,4,19,1,1,0,0,No,Yes,42.2,10.2,3.8,Medium
CUST04950,10,53,2,7,3,2,No,No,7.4,14.1,3.5,Medium
CUST04951,12,59,2,8,5,0,Yes,Yes,51.0,37.0,3.5,Low
CUST04952,6,21,0,1,0,0,Yes,No,32.5,5.3,3.9,Low
CUST04953,1,3,0,0,0,0,Yes,No,5.9,8.9,3.7,Medium
CUST04954,19,108,7,12,6,1,Yes,No,5.3,7.2,3.2,Low
CUST04955,26,123,9,18,10,6,Yes,No,36.6,12.7,4.8,Low
CUST04956,19,110,6,18,7,2,No,Yes,17.4,24.5,4.0,Low
CUST04957,11,59,4,10,5,0,Yes,No,30.9,5.0,3.5,Medium
CUST04958,7,42,3,5,3,2,No,No,44.5,29.6,3.8,Low
CUST04959,19,60,5,8,3,5,Yes,Yes,20.0,9.1,4.1,Low
CUST04960,4,15,0,1,0,0,Yes,Yes,39.5,25.2,4.3,Medium
CUST04961,2,6,0,0,0,0,No,No,33.3,34.7,4.5,Medium
CUST04962,13,64,4,6,3,1,Yes,No,47.8,37.9,3.7,Low
CUST04963,4,23,1,3,1,0,No,Yes,50.9,33.5,3.4,Medium
CUST04964,13,41,1,5,2,1,Yes,Yes,22.3,24.1,4.3,Medium
CUST04965,13,53,3,5,3,0,Yes,Yes,24.2,6.9,3.4,Medium
CUST04966,17,58,5,7,4,2,Yes,Yes,44.7,31.7,3.6,Medium
CUST04967,12,52,2,8,3,2,Yes,No,18.7,24.4,2.2,Low
CUST04968,5,34,2,5,2,1,Yes,Yes,36.3,21.8,3.8,Low
CUST04969,13,72,2,9,6,2,Yes,Yes,26.0,26.3,3.9,Medium
CUST04970,54,307,14,40,20,3,Yes,Yes,49.9,16.0,4.4,Low
CUST04971,4,26,1,3,2,0,Yes,No,22.1,31.4,3.8,Medium
CUST04972,43,208,13,27,13,4,No,No,51.3,10.2,4.7,Low
CUST04973,5,16,1,2,1,0,Yes,No,28.6,14.0,3.8,Low
CUST04974,13,51,3,6,2,0,Yes,No,34.7,28.7,4.1,Medium
CUST04975,7,23,1,1,0,0,Yes,No,49.7,18.8,4.5,Medium
CUST04976,1,6,0,0,0,0,No,No,32.1,6.8,4.4,Medium
CUST04977,10,62,1,9,4,1,No,Yes,29.2,41.5,4.2,Medium
CUST04978,19,117,5,12,7,2,No,No,50.3,7.0,4.3,Medium
CUST04979,5,20,1,2,1,0,Yes,No,53.2,24.3,4.2,Medium
CUST04980,10,38,1,5,2,0,No,Yes,40.8,40.1,3.7,Low
CUST04981,33,204,18,31,13,3,Yes,No,25.5,15.0,4.7,Low
CUST04982,10,61,5,5,2,0,No,Yes,43.1,21.0,4.3,Medium
CUST04983,3,20,1,3,1,0,No,Yes,17.8,31.6,3.9,Medium
CUST04984,59,201,6,28,13,3,Yes,No,30.8,11.3,4.7,Low
CUST04985,3,18,1,1,0,0,No,Yes,45.2,39.2,4.4,Medium
CUST04986,16,95,7,16,8,1,Yes,Yes,41.8,10.2,2.3,Low
CUST04987,18,89,4,8,3,0,Yes,No,7.3,33.5,3.8,Low
CUST04988,11,48,1,5,2,2,Yes,No,6.1,32.2,3.8,Medium
CUST04989,17,75,5,9,4,2,No,Yes,33.8,26.6,3.6,Low
CUST04990,7,26,1,3,1,0,No,Yes,35.7,36.3,4.1,Low
CUST04991,15,100,4,10,5,0,Yes,Yes,14.2,8.2,3.7,Medium
CUST04992,5,17,0,1,0,1,Yes,Yes,19.3,43.8,3.8,Low
CUST04993,31,129,4,14,8,2,Yes,Yes,30.3,18.8,4.1,Low
CUST04994,16,71,3,7,4,2,No,Yes,47.4,23.8,3.5,Medium
CUST04995,4,22,0,3,1,0,Yes,No,21.5,44.1,4.2,Medium
CUST04996,7,34,2,5,2,0,Yes,Yes,49.0,8.8,4.1,Low
CUST04997,22,113,7,20,11,1,No,Yes,17.0,36.4,2.2,Low
CUST04998,18,121,9,13,7,2,No,Yes,46.1,30.7,3.0,Medium
CUST04999,18,102,5,9,5,0,Yes,No,5.5,41.6,3.7,Medium
CUST05000,0,0,0,0,0,0,Yes,No,37.7,32.5,3.7,Medium
