Campaign_ID,Campaign_Name,Campaign_Date,Channel,Campaign_Type,Target_Region,Product_Category,Budget,Actual_Spend,Impressions,Clicks,CTR_Pct,Website_Visits,Add_To_Cart,Conversions,Conversion_Rate_Pct,Revenue_Generated,Cost_of_Goods,Profit_Generated,CAC,ROAS,ROI_Pct,Campaign_Status
CAMP0001,Flash Grocery,2026-08-12,YouTube,Performance,South,Grocery,55948.59,53157.4,651281,18605,2.86,16550,1451,517,2.78,177014.14,113023.2,10833.54,102.82,3.33,20.38,Completed
CAMP0002,Weekend Electronics,2025-12-18,Email,Seasonal,East,Electronics,51733.4,53161.15,568081,16542,2.91,15745,2708,1078,6.52,304081.78,203669.33,47251.3,49.31,5.72,88.88,Completed
CAMP0003,Weekend Accessories,2026-05-19,Google Ads,Seasonal,North,Accessories,138191.98,134338.67,1879650,32040,1.7,29219,3270,1514,4.73,596463.69,389377.27,72747.75,88.73,4.44,54.15,Completed
CAMP0004,Weekend Books,2026-07-03,Facebook,Seasonal,East,Books,226308.72,225179.17,2263932,66959,2.96,62162,4533,1771,2.64,682292.89,433389.16,23724.56,127.15,3.03,10.54,Active
CAMP0005,Summer Sports,2026-06-04,Influencer,Performance,South,Sports,191992.14,169968.06,1654494,72652,4.39,70563,1905,999,1.38,389226.86,263456.61,-44197.81,170.14,2.29,-26.0,Completed
CAMP0006,Festive Fashion,2026-07-23,Referral,Retargeting,North,Fashion,174155.67,182773.6,2254398,131915,5.85,123539,26843,9361,7.1,1166095.57,763503.46,219818.51,19.53,6.38,120.27,Active
CAMP0007,Clearance Personal Care,2026-07-21,YouTube,Brand Awareness,All India,Personal Care,158736.17,135317.99,889951,19343,2.17,17481,1585,500,2.59,481732.04,289546.93,56867.12,270.64,3.56,42.02,Completed
CAMP0008,Big Billion Fashion,2026-06-06,Instagram,Performance,West,Fashion,164545.39,147864.95,1988697,45692,2.3,42625,3208,1202,2.63,449509.45,276115.82,25528.68,123.02,3.04,17.26,Completed
CAMP0009,Weekend Furniture,2025-12-11,Influencer,Performance,South,Furniture,144303.69,151075.8,1704050,48911,2.87,44816,2811,960,1.96,373157.23,235163.21,-13081.78,157.37,2.47,-8.66,Completed
CAMP0010,New Year Fashion,2026-02-21,Google Ads,Seasonal,South,Fashion,109805.35,94594.61,1069031,51551,4.82,48984,5063,1879,3.65,342432.49,212373.97,35463.91,50.34,3.62,37.49,Completed
CAMP0011,New Year Fashion,2026-06-28,Facebook,Retargeting,East,Fashion,90580.41,91558.41,623175,20545,3.3,19975,1469,519,2.53,240798.62,162768.53,-13528.32,176.41,2.63,-14.78,Completed
CAMP0012,Weekend Grocery,2026-04-28,Affiliate,Performance,North,Grocery,101883.59,89223.76,1201652,47237,3.93,41219,4820,1880,3.98,277485.89,171529.53,16732.6,47.46,3.11,18.75,Completed
CAMP0013,Republic Day Fashion,2026-04-23,Instagram,Retargeting,All India,Fashion,40690.4,36781.26,421484,5822,1.38,5200,359,121,2.09,82757.84,54805.67,-8829.09,303.98,2.25,-24.0,Completed
CAMP0014,Republic Day Fashion,2026-04-25,Referral,Retargeting,South,Fashion,84839.77,75469.53,1026492,38694,3.77,33113,4742,2334,6.03,543380.62,335105.14,132805.95,32.33,7.2,175.97,Completed
CAMP0015,New Year Books,2026-09-04,Facebook,Retargeting,South,Books,211186.83,196284.42,1336194,66243,4.96,64744,4757,1632,2.46,549596.38,332892.57,20419.39,120.27,2.8,10.4,Completed
CAMP0016,Big Billion Electronics,2026-09-12,Google Ads,Brand Awareness,East,Electronics,135319.65,134256.71,1463386,39663,2.71,34255,4081,2041,5.15,523601.17,335781.05,53563.41,65.78,3.9,39.9,Completed
CAMP0017,Diwali Home & Kitchen,2025-10-05,Facebook,Seasonal,West,Home & Kitchen,101133.01,100053.07,648812,15896,2.45,13891,876,418,2.63,258136.92,154206.15,3877.7,239.36,2.58,3.88,Completed
CAMP0018,Flash Electronics,2026-02-15,Facebook,Performance,All India,Electronics,211544.39,216298.32,1361302,81234,5.97,78265,5987,1952,2.4,640243.03,356385.95,67558.76,110.81,2.96,31.23,Completed
CAMP0019,Diwali Accessories,2026-08-12,YouTube,Retargeting,North,Accessories,93511.96,83352.2,621808,23605,3.8,22585,1061,501,2.13,270061.13,152938.27,33770.66,166.37,3.24,40.52,Completed
CAMP0020,Clearance Sports,2026-03-26,Facebook,Seasonal,East,Sports,177640.53,158331.78,1856586,26261,1.41,23995,1409,716,2.73,474995.34,273650.81,43012.75,221.13,3.0,27.17,Completed
CAMP0021,Republic Day Accessories,2026-03-14,Instagram,Seasonal,South,Accessories,181525.61,181919.16,2393867,102330,4.27,98344,6697,2189,2.14,542119.1,364583.59,-4383.65,83.11,2.98,-2.41,Active
CAMP0022,Diwali Grocery,2025-11-21,Affiliate,Seasonal,All India,Grocery,74058.26,65670.34,629695,37684,5.98,35519,2967,992,2.63,262681.36,165637.05,31373.97,66.2,4.0,47.77,Completed
CAMP0023,Festive Grocery,2026-05-16,Facebook,Brand Awareness,All India,Grocery,54126.04,56634.91,758546,38098,5.02,32684,2998,1117,2.93,155746.0,101161.23,-2050.14,50.7,2.75,-3.62,Completed
CAMP0024,Weekend Grocery,2026-03-07,Google Ads,Performance,South,Grocery,75799.19,77318.99,927485,55279,5.96,49165,6792,2646,4.79,343296.32,217900.22,48077.11,29.22,4.44,62.18,Completed
CAMP0025,Diwali Personal Care,2026-01-30,Influencer,Performance,West,Personal Care,20378.42,18827.83,253845,3037,1.2,2718,140,52,1.72,36337.71,23071.87,-5561.99,362.07,1.93,-29.54,Active
CAMP0026,Diwali Electronics,2026-04-05,Google Ads,Seasonal,North,Electronics,78723.47,74179.99,462704,14668,3.17,13544,1364,632,4.31,284109.36,178786.2,31143.17,117.37,3.83,41.98,Completed
CAMP0027,Weekend Home & Kitchen,2026-09-20,Affiliate,Brand Awareness,All India,Home & Kitchen,70271.57,69252.04,705752,10748,1.52,10126,946,359,3.35,214681.32,141923.71,3505.57,192.9,3.1,5.06,Completed
CAMP0028,Big Billion Accessories,2025-11-25,Organic,Retargeting,North,Accessories,70461.1,68568.65,531002,8012,1.51,7562,954,402,5.02,739855.73,489699.44,181587.64,170.57,10.79,264.83,Active
CAMP0029,Diwali Beauty,2026-08-01,Instagram,Performance,All India,Beauty,69817.25,67797.59,551532,29532,5.35,26339,2119,784,2.66,209494.55,129066.93,12630.03,86.48,3.09,18.63,Completed
CAMP0030,Monsoon Accessories,2025-11-06,YouTube,Performance,All India,Accessories,203201.04,208154.92,2106873,120283,5.71,104613,8804,3313,2.75,632790.96,378643.82,45992.22,62.83,3.04,22.1,Completed
CAMP0031,Clearance Electronics,2026-04-25,Facebook,Performance,North,Electronics,243736.66,249579.22,2147985,70202,3.27,68100,6626,2092,2.98,721283.95,471772.52,-67.79,119.3,2.89,-0.03,Completed
CAMP0032,Clearance Home & Kitchen,2026-03-27,YouTube,Brand Awareness,West,Home & Kitchen,25401.89,22943.43,299821,8825,2.94,7814,479,206,2.33,68830.29,37886.75,8000.11,111.38,3.0,34.87,Completed
CAMP0033,Big Billion Accessories,2026-02-10,Organic,Retargeting,South,Accessories,222405.14,192409.3,1790179,58761,3.28,51876,7290,3264,5.56,1550818.96,1034966.92,323442.74,58.95,8.06,168.1,Completed
CAMP0034,Monsoon Fashion,2026-01-17,Instagram,Brand Awareness,East,Fashion,76768.86,78880.23,527917,15003,2.84,13738,907,334,2.23,197200.57,127888.39,-9568.05,236.17,2.5,-12.13,Completed
CAMP0035,Big Billion Furniture,2026-03-08,Google Ads,Performance,All India,Furniture,44444.84,44359.52,589783,16644,2.82,15635,2306,778,4.68,164130.22,102433.21,17337.49,57.02,3.7,39.08,Completed
CAMP0036,Summer Grocery,2026-09-01,Google Ads,Seasonal,All India,Grocery,61794.65,58364.82,567008,29465,5.2,25933,3165,1489,5.05,246299.54,159146.35,28788.37,39.2,4.22,49.32,Completed
CAMP0037,Republic Day Electronics,2025-10-27,Facebook,Performance,All India,Electronics,111627.39,113319.01,751913,21575,2.87,20501,1506,555,2.57,324092.37,220043.7,-9270.34,204.18,2.86,-8.18,Completed
CAMP0038,Festive Fashion,2025-10-22,Instagram,Performance,All India,Fashion,131267.63,124968.23,989539,37538,3.79,34071,1610,670,1.79,371155.64,249615.88,-3428.47,186.52,2.97,-2.74,Completed
CAMP0039,Diwali Grocery,2025-11-03,Instagram,Seasonal,East,Grocery,248006.56,257446.51,1776696,98816,5.56,95284,6894,2207,2.23,787786.32,474542.06,55797.75,116.65,3.06,21.67,Completed
CAMP0040,Summer Beauty,2025-11-27,Affiliate,Brand Awareness,South,Beauty,124221.02,114691.97,918187,29451,3.21,28264,3430,1092,3.71,377336.58,239439.56,23205.05,105.03,3.29,20.23,Completed
CAMP0041,Summer Fashion,2026-06-15,Facebook,Performance,East,Fashion,59963.1,55368.51,483813,28687,5.93,27448,2082,846,2.95,151709.72,101505.23,-5164.02,65.45,2.74,-9.33,Completed
CAMP0042,Weekend Furniture,2026-09-17,Facebook,Brand Awareness,South,Furniture,137656.61,123755.29,1704118,20599,1.21,19557,830,413,2.01,418292.88,247535.6,47001.99,299.65,3.38,37.98,Completed
CAMP0043,Monsoon Electronics,2026-03-10,Affiliate,Seasonal,South,Electronics,170635.4,166680.67,2220683,79198,3.57,69558,4917,2456,3.1,631719.74,357952.61,107086.46,67.87,3.79,64.25,Completed
CAMP0044,Clearance Grocery,2026-07-25,YouTube,Seasonal,All India,Grocery,111165.95,109265.0,899045,46670,5.19,44457,3136,1049,2.25,322331.75,211199.52,1867.23,104.16,2.95,1.71,Completed
CAMP0045,Diwali Furniture,2026-01-29,Google Ads,Brand Awareness,All India,Furniture,220478.81,209894.43,1652048,91857,5.56,78329,14535,4666,5.08,934030.21,556859.04,167276.74,44.98,4.45,79.7,Completed
CAMP0046,New Year Beauty,2025-11-08,Email,Retargeting,North,Beauty,144846.27,149587.84,1046445,41361,3.95,35881,8535,3389,8.2,842179.54,524304.26,168287.44,44.14,5.63,112.5,Completed
CAMP0047,Republic Day Accessories,2026-07-14,Google Ads,Performance,East,Accessories,77204.04,78795.69,713441,32098,4.5,28028,3207,1631,5.08,276572.87,163110.24,34666.94,48.31,3.51,44.0,Completed
CAMP0048,Big Billion Grocery,2025-10-28,Email,Retargeting,South,Grocery,196599.97,201389.38,2433750,27256,1.12,23188,3608,1950,7.16,1252641.94,747577.61,303674.95,103.28,6.22,150.79,Completed
CAMP0049,Big Billion Grocery,2026-03-16,Influencer,Performance,All India,Grocery,30547.82,29559.9,192731,6010,3.12,5283,208,93,1.55,53207.82,31506.06,-7858.14,317.85,1.8,-26.58,Completed
CAMP0050,Clearance Fashion,2025-10-08,Email,Brand Awareness,West,Fashion,231506.01,200221.81,2727991,94310,3.46,89826,19719,7110,7.54,1173299.81,649199.25,323878.75,28.16,5.86,161.76,Completed
CAMP0051,Festive Fashion,2026-03-07,Email,Performance,East,Fashion,45489.56,44110.04,597296,22381,3.75,19544,2819,1534,6.86,283627.56,176569.47,62948.05,28.75,6.43,142.71,Completed
CAMP0052,Diwali Personal Care,2026-08-25,Influencer,Retargeting,South,Personal Care,60536.29,54320.81,742469,8182,1.1,6995,262,127,1.56,138518.07,78878.17,5319.09,427.72,2.55,9.79,Completed
CAMP0053,Diwali Fashion,2026-05-30,Instagram,Retargeting,East,Fashion,96532.09,94274.17,1208325,29395,2.43,25765,1134,470,1.6,256425.74,172432.56,-10280.99,200.58,2.72,-10.91,Completed
CAMP0054,Flash Fashion,2025-10-25,Instagram,Seasonal,South,Fashion,193042.36,166885.5,1105345,47205,4.27,41889,2753,1265,2.68,470617.11,306332.45,-2600.84,131.93,2.82,-1.56,Completed
CAMP0055,Big Billion Grocery,2026-03-08,Referral,Seasonal,All India,Grocery,73680.94,73536.51,621949,23161,3.72,20126,4011,1290,5.57,521373.86,287066.7,160770.65,57.01,7.09,218.63,Completed
CAMP0056,Monsoon Electronics,2025-11-19,Organic,Brand Awareness,West,Electronics,177354.48,162310.66,1576314,51220,3.25,50066,5968,2330,4.55,1881180.55,1177799.99,541069.9,69.66,11.59,333.35,Completed
CAMP0057,Flash Beauty,2026-08-18,YouTube,Seasonal,North,Beauty,21942.47,20897.21,245964,3958,1.61,3407,325,111,2.81,74812.01,47241.95,6672.85,188.26,3.58,31.93,Completed
CAMP0058,Diwali Accessories,2026-04-03,Facebook,Retargeting,North,Accessories,152887.06,152607.68,2054827,25218,1.23,21869,1999,688,2.73,503605.34,333367.38,17630.28,221.81,3.3,11.55,Completed
CAMP0059,Flash Accessories,2026-08-26,WhatsApp,Seasonal,All India,Accessories,132679.92,135985.95,1380606,26929,1.95,24196,5636,2108,7.83,720725.54,406755.98,177983.61,64.51,5.3,130.88,Completed
CAMP0060,Republic Day Home & Kitchen,2026-07-22,Facebook,Seasonal,East,Home & Kitchen,145329.72,134277.17,1140537,32743,2.87,29354,2784,901,2.75,349120.64,234296.58,-19453.11,149.03,2.6,-14.49,Completed
CAMP0061,Big Billion Grocery,2026-08-05,Email,Seasonal,South,Grocery,95922.47,81665.61,1014242,59299,5.85,53668,10072,5305,8.95,487543.69,287780.58,118097.5,15.39,5.97,144.61,Completed
CAMP0062,Clearance Electronics,2026-07-18,Instagram,Performance,East,Electronics,138308.4,134285.8,1588675,19938,1.26,17867,1128,370,1.86,416285.98,243026.23,38973.95,362.93,3.1,29.02,Completed
CAMP0063,Clearance Accessories,2025-11-12,Influencer,Seasonal,West,Accessories,114817.75,109690.16,909212,30136,3.31,28395,938,405,1.35,244609.06,153760.8,-18841.9,270.84,2.23,-17.18,Completed
CAMP0064,Monsoon Grocery,2025-10-14,Affiliate,Seasonal,North,Grocery,34213.45,32384.67,425941,11283,2.65,9715,1017,357,3.17,100068.63,63246.09,4437.87,90.71,3.09,13.7,Completed
CAMP0065,Monsoon Home & Kitchen,2026-03-07,Facebook,Retargeting,West,Home & Kitchen,94467.49,91359.58,963053,29154,3.03,26706,1352,622,2.13,236621.31,154724.27,-9462.54,146.88,2.59,-10.36,Completed
CAMP0066,Summer Electronics,2025-11-21,Influencer,Performance,South,Electronics,34822.48,30731.57,209015,10353,4.95,9349,601,204,1.97,79287.45,53611.06,-5055.18,150.64,2.58,-16.45,Active
CAMP0067,Republic Day Sports,2025-12-08,Google Ads,Seasonal,East,Sports,213900.4,191098.1,1234368,62438,5.06,55813,4888,2570,4.12,804523.0,487539.7,125885.2,74.36,4.21,65.87,Completed
CAMP0068,Republic Day Electronics,2026-01-21,Facebook,Performance,All India,Electronics,168328.33,176067.53,1758422,70896,4.03,61745,3452,1414,2.0,573980.15,383527.51,14385.11,124.52,3.26,8.17,Completed
CAMP0069,Flash Fashion,2026-02-12,WhatsApp,Brand Awareness,All India,Fashion,99722.13,99722.91,831242,17437,2.1,16524,3905,1287,7.39,584376.25,389529.37,95123.97,77.48,5.86,95.39,Completed
CAMP0070,Republic Day Personal Care,2025-10-07,Instagram,Retargeting,All India,Personal Care,74623.22,75435.93,708287,15560,2.2,14889,960,394,2.53,201413.93,131225.55,-5247.55,191.46,2.67,-6.96,Completed
CAMP0071,New Year Sports,2026-01-01,Instagram,Seasonal,South,Sports,218642.53,214074.33,1602802,60082,3.75,51280,2488,1199,2.0,515919.14,289277.79,12567.02,178.54,2.41,5.87,Completed
CAMP0072,Flash Books,2026-05-02,Instagram,Seasonal,South,Books,134388.25,123368.73,1147190,42990,3.75,39683,1989,712,1.66,378742.0,223156.52,32216.75,173.27,3.07,26.11,Completed
CAMP0073,Diwali Beauty,2026-06-30,Referral,Retargeting,All India,Beauty,157414.9,149632.28,1998555,81941,4.1,77244,15706,4996,6.1,1173117.08,794710.66,228774.14,29.95,7.84,152.89,Completed
CAMP0074,New Year Electronics,2026-04-03,YouTube,Retargeting,North,Electronics,119209.27,111643.99,1012665,19164,1.89,17966,1520,574,3.0,352795.01,211856.18,29294.84,194.5,3.16,26.24,Completed
CAMP0075,Festive Home & Kitchen,2026-03-17,YouTube,Retargeting,South,Home & Kitchen,138806.25,134854.49,917014,30787,3.36,26384,1833,663,2.16,407260.56,275086.98,-2680.91,203.4,3.02,-1.99,Completed
CAMP0076,Big Billion Personal Care,2026-03-10,Organic,Brand Awareness,North,Personal Care,166613.08,148179.77,1041861,37788,3.63,32393,5552,2211,5.85,1302500.18,848784.57,305535.84,67.02,8.79,206.19,Completed
CAMP0077,New Year Beauty,2025-11-24,Influencer,Performance,West,Beauty,37843.53,36831.88,510814,18597,3.64,16175,879,276,1.49,82871.73,49616.2,-3576.35,133.45,2.25,-9.71,Completed
CAMP0078,Clearance Grocery,2026-02-18,Referral,Performance,East,Grocery,238296.82,232436.09,1501847,19482,1.3,18358,2961,1523,7.82,1685161.65,1018724.19,434001.37,152.62,7.25,186.72,Completed
CAMP0079,Flash Furniture,2025-11-28,Affiliate,Performance,All India,Furniture,79322.5,73497.8,539409,12203,2.26,10411,632,339,2.78,282231.55,184719.0,24014.75,216.81,3.84,32.67,Completed
CAMP0080,Clearance Beauty,2025-11-17,YouTube,Retargeting,West,Beauty,171955.38,171805.58,1101307,15888,1.44,14277,1181,425,2.68,558368.14,309354.27,77208.29,404.25,3.25,44.94,Completed
CAMP0081,Weekend Electronics,2025-10-02,Instagram,Retargeting,East,Electronics,62920.73,57416.42,682745,33155,4.86,28566,1858,646,1.95,176268.41,119044.74,-192.75,88.88,3.07,-0.34,Completed
CAMP0082,Weekend Personal Care,2026-04-19,Facebook,Retargeting,South,Personal Care,44105.24,45760.6,420911,6177,1.47,5403,340,148,2.4,127672.07,86606.0,-4694.53,309.19,2.79,-10.26,Completed
CAMP0083,Weekend Grocery,2026-01-29,Instagram,Brand Awareness,West,Grocery,130573.63,124404.09,1347633,72283,5.36,67075,2748,1221,1.69,344599.33,212722.9,7472.34,101.89,2.77,6.01,Completed
CAMP0084,Clearance Beauty,2026-04-03,Facebook,Retargeting,East,Beauty,151879.19,150640.28,1200301,18416,1.53,17177,928,378,2.05,494100.12,290060.73,53399.11,398.52,3.28,35.45,Completed
CAMP0085,Big Billion Electronics,2026-01-26,WhatsApp,Retargeting,North,Electronics,139091.78,131024.93,1360312,34829,2.56,33241,3552,1915,5.5,727188.36,408216.09,187947.34,68.42,5.55,143.44,Completed
CAMP0086,Summer Fashion,2026-07-15,YouTube,Seasonal,South,Fashion,100895.59,86367.63,570631,11372,1.99,10847,1067,334,2.94,258239.21,144060.5,27811.08,258.59,2.99,32.2,Completed
CAMP0087,New Year Beauty,2026-02-15,Google Ads,Retargeting,East,Beauty,57022.7,56570.94,778072,18402,2.37,16481,2294,765,4.16,230809.44,156169.58,18068.92,73.95,4.08,31.94,Completed
CAMP0088,Summer Home & Kitchen,2026-04-19,WhatsApp,Retargeting,North,Home & Kitchen,180882.32,156975.73,2136980,88477,4.14,79661,11073,5804,6.56,816273.8,450191.63,209106.44,27.05,5.2,133.21,Active
CAMP0089,Weekend Home & Kitchen,2026-01-28,Instagram,Brand Awareness,South,Home & Kitchen,199778.06,201674.03,2387966,81681,3.42,70196,4063,1318,1.61,443682.87,284348.97,-42340.13,153.02,2.2,-20.99,Completed
CAMP0090,Flash Personal Care,2026-09-03,Influencer,Brand Awareness,All India,Personal Care,132787.96,138762.11,1052514,51851,4.93,50641,3020,972,1.87,263648.01,155553.15,-30667.25,142.76,1.9,-22.1,Completed
CAMP0091,Summer Electronics,2026-01-11,Instagram,Brand Awareness,West,Electronics,68735.22,63628.74,700406,26717,3.81,25187,1757,623,2.33,187068.5,127004.17,-3564.41,102.13,2.94,-5.6,Completed
CAMP0092,Diwali Books,2026-05-16,Instagram,Brand Awareness,North,Books,25383.8,23347.32,310346,4397,1.42,3979,315,102,2.34,73077.11,47652.25,2077.54,228.9,3.13,8.9,Completed
CAMP0093,Big Billion Home & Kitchen,2026-03-02,Facebook,Seasonal,West,Home & Kitchen,20808.02,18255.25,156531,3454,2.21,3000,219,77,2.24,59512.11,36506.74,4750.12,237.08,3.26,26.02,Active
CAMP0094,Monsoon Books,2026-05-17,Referral,Brand Awareness,All India,Books,43280.95,37704.75,286676,16941,5.91,16435,2203,1058,6.25,289949.53,171157.9,81086.88,35.64,7.69,215.06,Completed
CAMP0095,Festive Accessories,2025-11-26,Instagram,Seasonal,All India,Accessories,243998.53,252930.08,3199723,40029,1.25,38372,2160,916,2.29,741085.13,420902.79,67252.26,276.12,2.93,26.59,Completed
CAMP0096,Flash Home & Kitchen,2025-12-27,Google Ads,Retargeting,East,Home & Kitchen,166271.73,155866.81,1207345,29149,2.41,27525,2887,1381,4.74,695165.97,383080.41,156218.75,112.87,4.46,100.23,Completed
CAMP0097,Republic Day Furniture,2026-02-17,Influencer,Performance,All India,Furniture,83385.15,78857.58,832639,31703,3.81,30342,1191,626,1.98,186103.89,112011.74,-4765.43,125.97,2.36,-6.04,Completed
CAMP0098,Festive Grocery,2026-09-14,Instagram,Retargeting,West,Grocery,158089.24,134699.51,1526377,85912,5.63,78545,3695,1381,1.61,323278.82,205149.47,-16570.16,97.54,2.4,-12.3,Completed
CAMP0099,Diwali Fashion,2026-02-18,Google Ads,Seasonal,East,Fashion,227834.63,228411.23,3089989,95546,3.09,85456,8597,3409,3.57,1014145.86,674202.79,111531.84,67.0,4.44,48.83,Completed
CAMP0100,Weekend Electronics,2026-08-18,Google Ads,Performance,East,Electronics,186491.78,194096.85,2485358,106723,4.29,97319,13976,4888,4.58,836557.42,483775.9,158684.67,39.71,4.31,81.76,Completed
CAMP0101,Festive Beauty,2026-05-13,Influencer,Performance,West,Beauty,196220.88,193305.33,2074671,54328,2.62,50502,2362,982,1.81,496794.7,315417.83,-11928.46,196.85,2.57,-6.17,Completed
CAMP0102,Big Billion Accessories,2026-02-26,Instagram,Brand Awareness,All India,Accessories,45305.17,45366.6,490637,12468,2.54,11213,505,209,1.68,106157.84,67634.91,-6843.67,217.07,2.34,-15.09,Completed
CAMP0103,Flash Home & Kitchen,2026-08-02,Instagram,Retargeting,North,Home & Kitchen,204419.27,200263.38,1699038,47574,2.8,46301,3091,1296,2.72,576758.53,390694.14,-14198.99,154.52,2.88,-7.09,Active
CAMP0104,Monsoon Grocery,2026-09-05,Instagram,Retargeting,North,Grocery,31951.54,30695.84,362608,7014,1.93,6389,449,180,2.57,75818.72,44658.68,464.2,170.53,2.47,1.51,Completed
CAMP0105,Republic Day Home & Kitchen,2026-05-10,Google Ads,Retargeting,South,Home & Kitchen,233906.26,216684.53,1581329,27068,1.71,25232,3371,1167,4.31,957745.62,605909.4,135151.69,185.68,4.42,62.37,Completed
CAMP0106,Summer Electronics,2026-05-07,Email,Seasonal,North,Electronics,114157.42,110147.69,1134997,47716,4.2,40924,8961,3583,7.51,609116.73,349315.67,149653.37,30.74,5.53,135.87,Completed
CAMP0107,Big Billion Fashion,2025-11-30,Google Ads,Retargeting,East,Fashion,144557.45,128217.2,1052715,30224,2.87,29614,3444,1177,3.89,552616.13,344806.11,79592.82,108.94,4.31,62.08,Active
CAMP0108,Monsoon Home & Kitchen,2026-03-28,Instagram,Performance,South,Home & Kitchen,187067.15,171386.38,1865405,69365,3.72,66334,3928,1563,2.25,502162.09,292548.38,38227.33,109.65,2.93,22.3,Completed
CAMP0109,Big Billion Beauty,2025-11-18,Google Ads,Seasonal,West,Beauty,35299.81,37019.47,409486,13716,3.35,12381,1635,565,4.12,134750.87,78539.42,19191.98,65.52,3.64,51.84,Completed
CAMP0110,Summer Beauty,2026-03-02,YouTube,Retargeting,North,Beauty,115263.81,106900.79,1196249,71518,5.98,68975,5937,2196,3.07,322840.39,193682.0,22257.6,48.68,3.02,20.82,Completed
CAMP0111,New Year Electronics,2026-05-06,YouTube,Retargeting,South,Electronics,46744.74,43809.46,577420,27249,4.72,23851,2168,867,3.18,150266.45,91641.49,14815.5,50.53,3.43,33.82,Completed
CAMP0112,Summer Electronics,2026-02-14,Google Ads,Seasonal,All India,Electronics,206733.4,193515.2,2574475,60294,2.34,53432,7037,3191,5.29,758579.58,468085.73,96978.65,60.64,3.92,50.11,Completed
CAMP0113,Summer Grocery,2026-06-07,Facebook,Retargeting,North,Grocery,217605.04,219588.25,1861868,66237,3.56,56784,4367,1534,2.32,584104.74,392190.37,-27673.88,143.15,2.66,-12.6,Completed
CAMP0114,Flash Grocery,2026-03-03,Facebook,Performance,North,Grocery,161230.63,163433.02,1216329,45073,3.71,41298,2451,939,2.08,433097.5,270905.26,-1240.78,174.05,2.65,-0.76,Completed
CAMP0115,Flash Electronics,2026-07-26,Instagram,Retargeting,West,Electronics,137669.92,141936.78,1400976,47363,3.38,44095,2314,1000,2.11,425810.34,250030.09,33843.47,141.94,3.0,23.84,Completed
CAMP0116,Weekend Home & Kitchen,2026-01-17,Email,Performance,South,Home & Kitchen,153356.31,138324.0,929477,18849,2.03,16047,3272,1647,8.74,918471.36,622155.88,157991.48,83.99,6.64,114.22,Completed
CAMP0117,Weekend Electronics,2026-04-20,YouTube,Performance,East,Electronics,231748.6,236626.25,2328345,62111,2.67,57102,3145,1713,2.76,844755.71,527239.2,80890.26,138.14,3.57,34.18,Completed
CAMP0118,Republic Day Electronics,2026-02-09,Affiliate,Performance,All India,Electronics,187638.09,172283.03,2275732,112696,4.95,108105,7724,3543,3.14,632278.72,357171.48,102824.21,48.63,3.67,59.68,Completed
CAMP0119,Festive Fashion,2025-12-11,Instagram,Brand Awareness,All India,Fashion,186416.68,164142.42,1012869,29872,2.95,26490,2245,710,2.38,513765.77,322507.35,27116.0,231.19,3.13,16.52,Completed
CAMP0120,Diwali Books,2026-08-06,Referral,Seasonal,North,Books,225623.27,228036.12,1525387,51582,3.38,46888,12725,4097,7.94,1812887.15,1088378.95,496472.08,55.66,7.95,217.72,Active
CAMP0121,Big Billion Sports,2026-04-16,YouTube,Retargeting,West,Sports,47416.03,41822.07,343457,11463,3.34,10250,494,254,2.22,131321.3,86353.24,3145.99,164.65,3.14,7.52,Completed
CAMP0122,Weekend Electronics,2025-10-04,Instagram,Performance,South,Electronics,205387.4,180154.03,1656603,19823,1.2,18433,1017,392,1.98,407148.11,227216.22,-222.14,459.58,2.26,-0.12,Completed
CAMP0123,Diwali Grocery,2026-08-11,Instagram,Performance,North,Grocery,196278.8,167644.74,1831924,35145,1.92,31838,1788,958,2.73,487846.19,299049.34,21152.11,174.99,2.91,12.62,Completed
CAMP0124,Diwali Fashion,2025-10-28,Affiliate,Brand Awareness,East,Fashion,168178.9,166245.71,2017903,62590,3.1,53613,6627,2308,3.69,605134.38,377402.01,61486.66,72.03,3.64,36.99,Completed
CAMP0125,Festive Fashion,2025-12-11,Facebook,Brand Awareness,East,Fashion,41816.46,40956.72,400285,8362,2.09,7693,304,154,1.85,136795.44,77916.24,17922.48,265.95,3.34,43.76,Completed
CAMP0126,Clearance Fashion,2026-05-07,Google Ads,Retargeting,East,Fashion,76581.17,67773.67,835642,20445,2.45,20022,1638,815,3.99,242629.74,143086.31,31769.76,83.16,3.58,46.88,Completed
CAMP0127,Weekend Electronics,2026-08-29,Google Ads,Performance,South,Electronics,193699.68,201658.56,2441967,113141,4.63,107427,12377,6203,5.48,798567.9,491483.09,105426.25,32.51,3.96,52.28,Completed
CAMP0128,Flash Fashion,2026-01-28,Instagram,Brand Awareness,North,Fashion,53604.72,53194.54,437256,18029,4.12,16511,786,346,1.92,138837.75,89573.76,-3930.55,153.74,2.61,-7.39,Completed
CAMP0129,Flash Electronics,2026-09-02,Instagram,Retargeting,South,Electronics,134555.25,130794.46,1689246,28989,1.72,25994,1105,495,1.71,417234.33,260075.49,26364.38,264.23,3.19,20.16,Completed
CAMP0130,Republic Day Furniture,2026-03-26,WhatsApp,Seasonal,North,Furniture,150998.88,154778.51,1230238,43732,3.55,41609,7341,2542,5.81,996773.6,606124.94,235870.15,60.89,6.44,152.39,Completed
CAMP0131,Republic Day Accessories,2025-11-19,YouTube,Retargeting,West,Accessories,225656.56,232002.14,1827563,43520,2.38,39547,3061,1034,2.38,677446.25,434277.48,11166.63,224.37,2.92,4.81,Completed
CAMP0132,Weekend Beauty,2025-12-14,Affiliate,Performance,All India,Beauty,60980.84,55961.37,574511,32213,5.61,29923,2163,1108,3.44,172361.02,97699.44,18700.21,50.51,3.08,33.42,Completed
CAMP0133,New Year Sports,2026-08-09,Influencer,Seasonal,North,Sports,150445.64,141497.59,854636,23548,2.76,23040,762,312,1.33,302804.84,191900.35,-30593.1,453.52,2.14,-21.62,Completed
CAMP0134,Summer Accessories,2026-03-10,Google Ads,Retargeting,West,Accessories,183145.94,188815.91,1886493,54984,2.91,51050,7460,2498,4.54,734493.89,408882.53,136795.45,75.59,3.89,72.45,Completed
CAMP0135,Big Billion Electronics,2026-04-17,Influencer,Performance,South,Electronics,246916.38,252063.93,3041415,57254,1.88,49272,2778,1115,1.95,529334.25,353429.72,-76159.4,226.07,2.1,-30.21,Completed
CAMP0136,Republic Day Grocery,2025-11-15,Affiliate,Seasonal,All India,Grocery,200387.98,172274.02,2000797,49397,2.47,46301,4371,1958,3.96,558167.82,353381.71,32512.09,87.98,3.24,18.87,Completed
CAMP0137,Monsoon Sports,2026-08-25,Instagram,Retargeting,West,Sports,58899.26,57693.82,680458,14902,2.19,13952,1019,327,2.2,173081.46,104663.39,10724.25,176.43,3.0,18.59,Completed
CAMP0138,Weekend Beauty,2025-10-22,YouTube,Brand Awareness,South,Beauty,118798.09,104070.14,908407,45634,5.02,44623,3869,1436,3.15,330943.05,188990.79,37882.12,72.47,3.18,36.4,Completed
CAMP0139,Republic Day Grocery,2025-12-25,Email,Retargeting,All India,Grocery,136848.02,136239.84,1170487,51189,4.37,49770,8262,3947,7.71,870572.58,525646.15,208686.59,34.52,6.39,153.18,Completed
CAMP0140,Republic Day Grocery,2026-08-12,Instagram,Retargeting,East,Grocery,98963.69,89948.79,919383,34847,3.79,33159,2032,914,2.63,281539.71,186628.69,4962.23,98.41,3.13,5.52,Completed
CAMP0141,Clearance Beauty,2026-07-15,YouTube,Brand Awareness,West,Beauty,19377.71,17281.57,212814,6956,3.27,6281,312,149,2.15,60658.31,40374.39,3002.35,115.98,3.51,17.37,Completed
CAMP0142,Festive Grocery,2026-02-20,Google Ads,Retargeting,North,Grocery,47287.47,43587.99,306420,7722,2.52,6856,996,389,5.04,157788.52,93914.36,20286.17,112.05,3.62,46.54,Completed
CAMP0143,Flash Grocery,2026-05-23,Google Ads,Seasonal,West,Grocery,143819.54,132245.61,1716023,50841,2.96,49669,6333,2346,4.62,528982.44,297688.16,99048.67,56.37,4.0,74.9,Completed
CAMP0144,Clearance Electronics,2026-06-20,Instagram,Retargeting,North,Electronics,165960.08,144668.21,1152333,42500,3.69,40093,1402,662,1.56,389157.48,226261.47,18227.8,218.53,2.69,12.6,Completed
CAMP0145,Festive Home & Kitchen,2026-05-08,Referral,Seasonal,South,Home & Kitchen,59574.57,57714.9,766641,38613,5.04,35321,5287,2210,5.72,457679.16,299252.03,100712.23,26.12,7.93,174.5,Completed
CAMP0146,Diwali Electronics,2025-11-11,Facebook,Performance,East,Electronics,54609.81,54085.87,393683,22645,5.75,21539,1244,677,2.99,158471.6,95525.15,8860.58,79.89,2.93,16.38,Completed
CAMP0147,New Year Fashion,2026-08-26,Google Ads,Seasonal,North,Fashion,82446.96,76446.9,515864,13996,2.71,13610,2171,762,5.45,337130.83,194676.93,66007.0,100.32,4.41,86.34,Completed
CAMP0148,Big Billion Grocery,2026-09-14,Instagram,Brand Awareness,South,Grocery,132493.48,123820.19,1064690,56764,5.33,53592,3368,1208,2.13,289739.24,161199.8,4719.25,102.5,2.34,3.81,Completed
CAMP0149,Flash Sports,2026-01-18,Google Ads,Retargeting,West,Sports,130225.21,131790.14,1103943,58610,5.31,52726,7188,3025,5.16,507392.04,281362.55,94239.35,43.57,3.85,71.51,Completed
CAMP0150,Big Billion Sports,2026-05-21,Influencer,Brand Awareness,West,Sports,79092.15,81212.04,1070294,49371,4.61,42538,2007,682,1.38,203842.22,121442.08,1188.1,119.08,2.51,1.46,Completed
CAMP0151,Monsoon Furniture,2026-07-15,WhatsApp,Retargeting,All India,Furniture,106714.84,108371.53,1263240,20336,1.61,17311,3923,1404,6.9,666484.91,437176.31,120937.07,77.19,6.15,111.59,Completed
CAMP0152,Republic Day Fashion,2026-08-16,Google Ads,Retargeting,West,Fashion,57438.2,57940.75,764720,31881,4.17,27842,2742,1291,4.05,203951.44,112442.9,33567.79,44.88,3.52,57.93,Completed
CAMP0153,Flash Electronics,2025-11-02,Influencer,Performance,West,Electronics,231895.53,225927.81,2053425,21647,1.05,19682,1511,474,2.19,537708.19,299321.21,12459.17,476.64,2.38,5.51,Completed
CAMP0154,Diwali Books,2026-05-04,Facebook,Seasonal,West,Books,139643.86,131341.43,1584347,77221,4.87,73272,5738,2127,2.76,408471.85,270251.4,6879.02,61.75,3.11,5.24,Completed
CAMP0155,Big Billion Grocery,2025-12-17,YouTube,Seasonal,All India,Grocery,38819.01,38007.7,279734,2996,1.07,2606,130,67,2.26,112882.87,70355.83,4519.34,567.28,2.97,11.89,Completed
CAMP0156,Weekend Home & Kitchen,2026-03-14,Google Ads,Performance,West,Home & Kitchen,80668.0,82274.78,1078162,28737,2.67,26614,3221,1522,5.3,349667.82,234232.77,33160.27,54.06,4.25,40.3,Completed
CAMP0157,Diwali Grocery,2025-11-09,Google Ads,Brand Awareness,North,Grocery,62312.72,54036.1,423388,11399,2.69,10427,1190,475,4.17,214523.32,127576.4,32910.82,113.76,3.97,60.91,Completed
CAMP0158,Monsoon Electronics,2025-11-22,Affiliate,Brand Awareness,South,Electronics,113304.8,118647.36,1332528,42626,3.2,37413,2914,1119,2.63,415265.76,229432.4,67186.0,106.03,3.5,56.63,Completed
CAMP0159,Weekend Electronics,2025-11-19,WhatsApp,Brand Awareness,West,Electronics,98662.02,86641.55,1183761,13856,1.17,12960,2600,1097,7.92,503387.41,303701.79,113044.07,78.98,5.81,130.47,Completed
CAMP0160,Summer Home & Kitchen,2026-02-10,Google Ads,Retargeting,South,Home & Kitchen,50721.45,44330.68,453446,6151,1.36,5969,759,251,4.08,191951.84,118229.14,29392.02,176.62,4.33,66.3,Completed
CAMP0161,Monsoon Beauty,2026-01-27,Referral,Seasonal,South,Beauty,43521.78,44996.74,571065,16461,2.88,15820,3156,1183,7.19,346924.87,201843.53,100084.6,38.04,7.71,222.43,Completed
CAMP0162,Flash Electronics,2026-02-13,Influencer,Brand Awareness,South,Electronics,151074.82,147484.0,2049426,107177,5.23,93456,3658,1345,1.26,293493.16,167486.52,-21477.36,109.65,1.99,-14.56,Completed
CAMP0163,Big Billion Fashion,2025-10-19,YouTube,Retargeting,North,Fashion,141059.77,142616.79,1220070,32313,2.65,30205,1965,704,2.18,415014.86,241968.08,30429.99,202.58,2.91,21.34,Completed
CAMP0164,Festive Beauty,2026-07-06,Google Ads,Seasonal,All India,Beauty,190704.09,170073.63,1227586,16563,1.35,14345,1574,855,5.16,605462.12,361877.45,73511.04,198.92,3.56,43.22,Completed
CAMP0165,Summer Sports,2025-11-10,Email,Retargeting,North,Sports,108578.11,102180.84,1364568,65425,4.79,56923,13087,4594,7.02,649870.14,438722.18,108967.12,22.24,6.36,106.64,Completed
CAMP0166,New Year Fashion,2026-05-05,Influencer,Retargeting,North,Fashion,147456.04,127399.37,795950,41290,5.19,38103,2164,783,1.9,284100.6,177615.12,-20913.89,162.71,2.23,-16.42,Completed
CAMP0167,Republic Day Sports,2026-04-20,Google Ads,Retargeting,South,Sports,122043.54,104007.3,1180469,31418,2.66,30489,3973,1512,4.81,398347.96,229819.14,64521.52,68.79,3.83,62.04,Completed
CAMP0168,Diwali Beauty,2026-09-14,Instagram,Brand Awareness,West,Beauty,247014.8,240363.34,2289307,49331,2.15,44416,2743,1235,2.5,581679.28,333960.72,7355.22,194.63,2.42,3.06,Completed
CAMP0169,Republic Day Books,2026-07-16,Google Ads,Performance,East,Books,162392.69,145823.69,945635,26431,2.8,22673,3003,1234,4.67,517674.1,336417.42,35432.99,118.17,3.55,24.3,Completed
CAMP0170,Festive Beauty,2026-07-18,Google Ads,Brand Awareness,West,Beauty,241494.91,238658.0,2638725,117961,4.47,112643,14830,6144,5.21,990430.7,565585.09,186187.61,38.84,4.15,78.01,Completed
CAMP0171,Flash Electronics,2026-02-28,Google Ads,Retargeting,All India,Electronics,186731.07,188647.3,2365861,75696,3.2,73994,12730,4017,5.31,771567.46,480480.33,102439.83,46.96,4.09,54.3,Completed
CAMP0172,Monsoon Sports,2026-05-12,Google Ads,Seasonal,All India,Sports,85451.61,78337.9,605239,34974,5.78,33976,3880,1657,4.74,297684.02,168863.3,50482.82,47.28,3.8,64.44,Completed
CAMP0173,Weekend Accessories,2026-03-18,Google Ads,Retargeting,South,Accessories,224187.74,216667.42,2084302,80063,3.84,70060,13335,4231,5.29,903503.14,597392.24,89443.48,51.21,4.17,41.28,Completed
CAMP0174,Clearance Fashion,2026-08-15,Google Ads,Seasonal,All India,Fashion,70609.9,68031.71,445166,23420,5.26,20768,2452,1123,4.8,299339.52,197359.91,33947.9,60.58,4.4,49.9,Completed
CAMP0175,Diwali Grocery,2026-04-10,Facebook,Seasonal,North,Grocery,112476.1,115231.88,918988,10304,1.12,9990,618,238,2.32,312278.39,198173.98,-1127.47,484.17,2.71,-0.98,Completed
CAMP0176,Weekend Home & Kitchen,2026-07-19,Influencer,Brand Awareness,East,Home & Kitchen,144329.39,147002.31,1578654,23365,1.48,20304,1423,469,2.01,326345.13,210539.17,-31196.35,313.44,2.22,-21.22,Active
CAMP0177,Summer Furniture,2026-08-27,Influencer,Retargeting,North,Furniture,116506.64,109742.77,1383501,21460,1.55,19926,535,263,1.23,219485.54,148573.36,-38830.59,417.27,2.0,-35.38,Completed
CAMP0178,Monsoon Fashion,2025-11-30,Email,Brand Awareness,East,Fashion,216104.23,222491.88,1550946,87456,5.64,74853,23824,7520,8.6,1377224.74,931945.25,222787.61,29.59,6.19,100.13,Completed
CAMP0179,Diwali Grocery,2026-09-05,Referral,Performance,North,Grocery,118431.54,112783.72,924914,31767,3.43,30754,4729,1690,5.32,858284.11,531317.25,214183.14,66.74,7.61,189.91,Completed
CAMP0180,Festive Beauty,2025-11-27,Google Ads,Retargeting,North,Beauty,141252.49,129364.86,786647,32057,4.08,30209,3526,1669,5.21,558856.2,329856.45,99634.89,77.51,4.32,77.02,Completed
CAMP0181,Republic Day Personal Care,2026-05-20,Facebook,Retargeting,East,Personal Care,240868.32,205537.62,1508759,50317,3.34,43860,2704,1006,2.0,665941.89,423545.88,36858.39,204.31,3.24,17.93,Completed
CAMP0182,Monsoon Accessories,2025-10-18,Instagram,Seasonal,South,Accessories,225413.94,233201.89,1923453,72428,3.77,67855,4889,1543,2.13,743914.03,458391.47,52320.67,151.14,3.19,22.44,Completed
CAMP0183,Flash Home & Kitchen,2026-06-30,Facebook,Retargeting,East,Home & Kitchen,93601.04,87302.93,897218,52055,5.8,47878,2428,1100,2.11,290718.76,197309.22,6106.61,79.37,3.33,6.99,Completed
CAMP0184,Diwali Beauty,2025-11-04,Instagram,Seasonal,North,Beauty,94604.74,85671.86,809544,38355,4.74,37563,1758,579,1.51,190191.53,114052.73,-9533.06,147.97,2.22,-11.13,Completed
CAMP0185,Big Billion Fashion,2026-08-12,Instagram,Seasonal,North,Fashion,71730.38,63020.0,695397,38369,5.52,32664,3181,1052,2.74,173935.2,101039.23,9875.97,59.9,2.76,15.67,Completed
CAMP0186,Big Billion Personal Care,2026-04-05,Instagram,Brand Awareness,All India,Personal Care,249010.36,225412.76,1851789,83232,4.49,79625,3514,1295,1.56,685254.79,397445.18,62396.85,174.06,3.04,27.68,Completed
CAMP0187,Summer Fashion,2026-06-11,Google Ads,Performance,West,Fashion,120424.18,105557.15,1394555,63104,4.53,55660,5269,2421,3.84,470784.89,313167.54,52060.2,43.6,4.46,49.32,Completed
CAMP0188,Festive Furniture,2025-12-13,YouTube,Retargeting,North,Furniture,124659.68,113073.31,1350229,24385,1.81,22648,1774,586,2.41,374272.66,251572.77,9626.58,192.96,3.31,8.51,Completed
CAMP0189,New Year Home & Kitchen,2026-08-19,Email,Retargeting,North,Home & Kitchen,183800.37,166475.42,1908579,37478,1.96,35548,7845,2623,7.0,1020494.32,630713.24,223305.66,63.47,6.13,134.14,Completed
CAMP0190,Flash Beauty,2026-01-05,Email,Retargeting,All India,Beauty,127635.55,121572.55,1402299,66645,4.75,60439,11398,5948,8.93,793868.75,488051.2,184245.0,20.44,6.53,151.55,Completed
CAMP0191,Clearance Electronics,2026-02-12,Instagram,Retargeting,South,Electronics,49437.92,48398.87,468213,14498,3.1,13612,966,323,2.23,118093.24,69450.91,243.46,149.84,2.44,0.5,Completed
CAMP0192,Flash Sports,2025-12-26,Influencer,Seasonal,South,Sports,96440.93,92937.13,706434,17930,2.54,17553,817,273,1.52,229554.71,141581.1,-4963.52,340.43,2.47,-5.34,Completed
CAMP0193,Clearance Grocery,2025-10-03,Google Ads,Performance,South,Grocery,31479.5,27999.92,368556,13371,3.63,12394,1704,732,5.47,105559.7,70660.27,6899.51,38.25,3.77,24.64,Completed
CAMP0194,Clearance Electronics,2026-07-22,Email,Performance,West,Electronics,49343.28,44687.83,498938,8307,1.67,7555,998,521,6.27,272148.88,161099.69,66361.36,85.77,6.09,148.5,Completed
CAMP0195,Diwali Sports,2026-02-27,Instagram,Retargeting,West,Sports,129630.25,114990.56,1096940,30797,2.81,28958,2356,780,2.53,330022.91,186707.51,28324.84,147.42,2.87,24.63,Completed
CAMP0196,Summer Fashion,2026-09-06,Affiliate,Brand Awareness,All India,Fashion,189480.36,192954.61,1437551,30440,2.12,27794,2808,1154,3.79,673411.59,385550.54,94906.44,167.21,3.49,49.19,Completed
CAMP0197,Clearance Grocery,2025-12-22,Influencer,Seasonal,East,Grocery,204873.82,208441.13,1301303,59546,4.58,58098,1900,768,1.29,504427.53,318213.82,-22227.42,271.41,2.42,-10.66,Active
CAMP0198,Monsoon Fashion,2026-01-02,YouTube,Seasonal,East,Fashion,243809.62,220836.89,2178103,76695,3.52,74203,3885,1697,2.21,633801.87,361323.65,51641.33,130.13,2.87,23.38,Completed
CAMP0199,Republic Day Fashion,2026-02-14,Instagram,Brand Awareness,South,Fashion,222196.05,216784.18,1673281,41564,2.48,35614,3670,1150,2.77,674198.8,430275.58,27139.04,188.51,3.11,12.52,Completed
CAMP0200,Diwali Grocery,2026-04-22,Instagram,Retargeting,South,Grocery,50829.94,52787.8,406497,15166,3.73,13901,702,323,2.14,157307.64,101705.03,2814.81,163.43,2.98,5.33,Active
CAMP0201,Festive Home & Kitchen,2025-11-12,Google Ads,Retargeting,North,Home & Kitchen,134142.89,128725.99,1702656,95301,5.6,91169,11465,4573,4.8,500744.1,331657.28,40360.83,28.15,3.89,31.35,Completed
CAMP0202,Republic Day Electronics,2026-09-10,Influencer,Seasonal,West,Electronics,71966.72,61857.48,651037,33906,5.21,32202,1166,490,1.45,128044.98,73301.41,-7113.91,126.24,2.07,-11.5,Completed
CAMP0203,Festive Sports,2026-01-04,Facebook,Seasonal,West,Sports,68039.04,61632.33,533236,12921,2.42,11578,632,257,2.0,184896.99,105455.06,17809.6,239.81,3.0,28.9,Completed
CAMP0204,New Year Electronics,2025-11-20,Facebook,Performance,South,Electronics,88209.41,91172.34,787402,41845,5.31,38319,2158,930,2.22,259841.17,163807.95,4860.88,98.03,2.85,5.33,Completed
CAMP0205,Weekend Books,2026-04-15,Google Ads,Performance,West,Books,219561.28,211615.47,1636793,97354,5.95,87493,14950,4738,4.87,943805.0,528851.79,203337.74,44.66,4.46,96.09,Completed
CAMP0206,Diwali Sports,2026-07-02,YouTube,Seasonal,South,Sports,25447.3,25118.09,293555,13562,4.62,12031,758,373,2.76,88918.04,59460.22,4339.73,67.34,3.54,17.28,Completed
CAMP0207,Clearance Grocery,2026-05-28,Google Ads,Performance,North,Grocery,54465.23,50384.05,321815,5827,1.81,5133,702,248,4.26,221689.82,148130.53,23175.24,203.16,4.4,46.0,Completed
CAMP0208,Flash Fashion,2025-11-21,WhatsApp,Performance,South,Fashion,180320.09,171088.84,1227306,51242,4.18,43594,8075,3100,6.05,906770.85,603225.44,132456.57,55.19,5.3,77.42,Completed
CAMP0209,Summer Grocery,2026-01-29,Google Ads,Seasonal,West,Grocery,53110.67,45456.5,274209,15260,5.57,13834,1090,580,3.8,175916.65,114716.17,15743.98,78.37,3.87,34.64,Completed
CAMP0210,Festive Accessories,2026-01-31,Google Ads,Seasonal,West,Accessories,197261.35,194848.42,1975463,92620,4.69,88275,13482,4870,5.26,818363.36,467238.67,156276.27,40.01,4.2,80.2,Active
CAMP0211,Republic Day Electronics,2026-08-28,Google Ads,Seasonal,East,Electronics,63331.1,58251.34,590895,9636,1.63,8419,1394,451,4.69,255723.38,158746.76,38725.28,129.16,4.39,66.48,Completed
CAMP0212,Flash Home & Kitchen,2026-01-01,Influencer,Brand Awareness,West,Home & Kitchen,39111.45,39684.83,358550,8001,2.23,7495,333,175,2.2,96830.99,62703.13,-5556.97,226.77,2.44,-14.0,Completed
CAMP0213,Summer Electronics,2026-09-16,Facebook,Retargeting,East,Electronics,44066.98,41841.11,506551,6990,1.38,6503,359,139,2.0,138494.07,90841.44,5811.52,301.02,3.31,13.89,Completed
CAMP0214,Monsoon Electronics,2026-01-11,Instagram,Retargeting,South,Electronics,124500.32,125441.56,801538,19817,2.47,18811,1203,463,2.34,336183.38,195095.48,15646.34,270.93,2.68,12.47,Completed
CAMP0215,Big Billion Personal Care,2026-05-01,YouTube,Seasonal,All India,Personal Care,220738.36,193905.94,1838673,100068,5.44,86717,6031,2178,2.18,595291.24,361128.54,40256.76,89.03,3.07,20.76,Completed
CAMP0216,Summer Electronics,2026-01-29,Influencer,Performance,North,Electronics,104059.32,105096.61,1445275,81879,5.67,73373,3439,1429,1.75,216499.02,131506.73,-20104.32,73.55,2.06,-19.13,Completed
CAMP0217,Clearance Beauty,2026-01-25,Instagram,Retargeting,All India,Beauty,27975.38,28094.76,243820,12122,4.97,11573,701,257,2.12,67427.42,41009.62,-1676.96,109.32,2.4,-5.97,Completed
CAMP0218,Weekend Electronics,2026-04-30,Referral,Brand Awareness,West,Electronics,92695.01,82374.39,850012,20130,2.37,17821,4189,1365,6.78,551084.67,368107.23,100603.05,60.35,6.69,122.13,Completed
CAMP0219,Clearance Accessories,2025-10-10,Google Ads,Performance,West,Accessories,157046.81,137579.86,1682185,33662,2.0,30592,3399,1759,5.23,531058.26,345912.43,47565.97,78.21,3.86,34.57,Completed
CAMP0220,Republic Day Grocery,2025-11-30,Referral,Performance,West,Grocery,162046.35,154179.53,1307281,62463,4.78,57134,8083,3221,5.16,951287.7,540029.81,257078.36,47.87,6.17,166.74,Completed
CAMP0221,Weekend Grocery,2026-01-09,Instagram,Seasonal,East,Grocery,141082.79,121421.36,739948,14525,1.96,12422,873,309,2.13,285340.2,185596.52,-21677.68,392.95,2.35,-17.85,Completed
CAMP0222,Republic Day Beauty,2026-05-03,Facebook,Retargeting,South,Beauty,96455.57,91229.47,800827,8954,1.12,7944,513,258,2.89,239021.21,161745.56,-13953.82,353.6,2.62,-15.3,Completed
CAMP0223,New Year Fashion,2026-01-03,Google Ads,Brand Awareness,West,Fashion,96438.63,83277.1,989646,39425,3.98,37897,4684,1800,4.57,371415.87,234349.08,53789.69,46.27,4.46,64.59,Completed
CAMP0224,New Year Grocery,2026-03-08,Instagram,Retargeting,West,Grocery,23635.52,23518.65,211412,8448,4.0,7189,635,222,2.64,62089.24,35150.45,3420.14,105.94,2.64,14.54,Completed
CAMP0225,Clearance Beauty,2026-08-10,Influencer,Brand Awareness,All India,Beauty,140164.51,142752.17,1452146,74593,5.14,67738,3017,1301,1.74,276939.21,173342.9,-39155.86,109.72,1.94,-27.43,Completed
CAMP0226,Festive Accessories,2026-03-31,Influencer,Seasonal,All India,Accessories,244298.82,227804.19,2135023,38843,1.82,37297,1498,698,1.8,412325.58,263843.66,-79322.27,326.37,1.81,-34.82,Completed
CAMP0227,Flash Furniture,2026-01-22,Instagram,Brand Awareness,South,Furniture,111179.93,108127.16,982669,22629,2.3,20119,1177,574,2.54,280049.34,158820.58,13101.6,188.37,2.59,12.12,Completed
CAMP0228,Weekend Home & Kitchen,2026-09-15,Google Ads,Retargeting,All India,Home & Kitchen,181868.9,155126.12,1793092,44736,2.49,42134,4710,2152,4.81,572415.38,376321.13,40968.13,72.08,3.69,26.41,Completed
CAMP0229,Republic Day Fashion,2025-12-13,Google Ads,Performance,East,Fashion,211728.45,198420.04,1914941,52102,2.72,48666,6889,2343,4.5,730185.75,440086.09,91679.62,84.69,3.68,46.2,Completed
CAMP0230,Festive Electronics,2026-02-11,Instagram,Brand Awareness,North,Electronics,129678.72,124283.38,1542851,83796,5.43,78990,3533,1430,1.71,325622.46,183890.27,17448.81,86.91,2.62,14.04,Completed
CAMP0231,Summer Accessories,2025-10-08,Google Ads,Seasonal,East,Accessories,244785.58,239516.25,2304004,110795,4.81,102925,11114,4079,3.68,946089.19,551416.56,155156.38,58.72,3.95,64.78,Active
CAMP0232,Big Billion Grocery,2026-01-06,Google Ads,Performance,East,Grocery,85766.7,75042.38,828752,32086,3.87,30417,4288,1607,5.01,278407.23,185232.38,18132.47,46.7,3.71,24.16,Completed
CAMP0233,Weekend Grocery,2025-12-04,Instagram,Seasonal,North,Grocery,37086.31,33759.66,333067,6780,2.04,6215,295,131,1.93,77309.62,44502.34,-952.38,257.71,2.29,-2.82,Completed
CAMP0234,Festive Personal Care,2025-12-25,Instagram,Brand Awareness,East,Personal Care,239267.93,210480.98,2409618,133201,5.53,127583,7716,2516,1.89,526202.45,293292.78,22428.69,83.66,2.5,10.66,Completed
CAMP0235,Big Billion Personal Care,2026-04-26,Influencer,Retargeting,South,Personal Care,92663.43,79018.52,774330,12229,1.58,10641,572,257,2.1,192015.0,125736.24,-12739.76,307.47,2.43,-16.12,Completed
CAMP0236,New Year Beauty,2026-05-03,YouTube,Seasonal,South,Beauty,131888.1,138132.23,1399212,69310,4.95,67394,4654,1687,2.43,395058.18,222855.31,34070.64,81.88,2.86,24.67,Completed
CAMP0237,Weekend Home & Kitchen,2026-03-06,WhatsApp,Seasonal,East,Home & Kitchen,205246.25,188009.43,1912576,100673,5.26,87379,14978,5346,5.31,962608.28,573554.4,201044.45,35.17,5.12,106.93,Completed
CAMP0238,Weekend Beauty,2026-06-21,Influencer,Brand Awareness,South,Beauty,193667.19,164711.93,1140313,17048,1.5,15006,546,258,1.52,345895.05,199867.28,-18684.16,638.42,2.1,-11.34,Completed
CAMP0239,Republic Day Grocery,2026-01-14,Google Ads,Brand Awareness,North,Grocery,152064.05,158199.46,1717622,82189,4.79,71497,10933,4474,5.44,645453.8,382027.75,105226.59,35.36,4.08,66.52,Completed
CAMP0240,Monsoon Sports,2026-07-09,Facebook,Performance,All India,Sports,161597.82,164578.63,2083585,35683,1.71,31362,1546,714,2.0,495381.68,293550.18,37252.87,230.5,3.01,22.64,Active
CAMP0241,Festive Electronics,2026-05-02,Affiliate,Performance,North,Electronics,42800.83,38490.66,498320,19542,3.92,18120,1397,649,3.32,144724.88,88940.56,17293.66,59.31,3.76,44.93,Completed
CAMP0242,Big Billion Electronics,2026-08-05,WhatsApp,Performance,East,Electronics,56632.19,57386.8,502728,24468,4.87,21756,3382,1710,6.99,356372.03,225797.8,73187.43,33.56,6.21,127.53,Completed
CAMP0243,Flash Electronics,2026-05-24,Organic,Seasonal,West,Electronics,137969.62,134158.98,807227,35135,4.35,30241,5416,1866,5.31,1515996.47,890983.15,490854.34,71.9,11.3,365.88,Completed
CAMP0244,New Year Sports,2026-01-15,YouTube,Retargeting,East,Sports,176323.15,154224.58,1983997,67468,3.4,62980,4585,2085,3.09,488891.92,302533.72,32133.62,73.97,3.17,20.84,Completed
CAMP0245,Weekend Furniture,2025-12-16,WhatsApp,Performance,West,Furniture,217535.96,214621.49,1792858,65310,3.64,57467,7831,3521,5.39,1096715.81,729369.22,152725.1,60.95,5.11,71.16,Completed
CAMP0246,New Year Accessories,2025-12-20,Affiliate,Seasonal,All India,Accessories,178757.1,170021.66,2151478,101230,4.71,91550,10932,3684,3.64,525366.93,319304.61,36040.66,46.15,3.09,21.2,Active
CAMP0247,Diwali Electronics,2025-11-13,Email,Seasonal,East,Electronics,237806.92,206046.03,2180767,56225,2.58,53169,8284,4602,8.19,1394931.62,807757.13,381128.46,44.77,6.77,184.97,Active
CAMP0248,Republic Day Grocery,2026-08-14,Instagram,Brand Awareness,West,Grocery,227776.36,202295.43,2243594,55680,2.48,53654,1866,909,1.63,530014.03,355186.03,-27467.43,222.55,2.62,-13.58,Completed
CAMP0249,New Year Home & Kitchen,2025-10-24,Influencer,Retargeting,East,Home & Kitchen,144387.36,139251.34,1685572,86565,5.14,81949,4319,1405,1.62,349520.86,215037.98,-4768.46,99.11,2.51,-3.42,Completed
CAMP0250,Republic Day Beauty,2025-10-08,Affiliate,Performance,North,Beauty,173110.08,175502.77,1765885,27538,1.56,25985,2264,847,3.08,658135.39,404749.31,77883.31,207.21,3.75,44.38,Completed
CAMP0251,Summer Fashion,2026-06-05,Affiliate,Performance,South,Fashion,42073.77,39812.41,304397,17993,5.91,16619,906,503,2.8,129390.33,75523.58,14054.34,79.15,3.25,35.3,Completed
CAMP0252,Monsoon Home & Kitchen,2025-10-13,Google Ads,Brand Awareness,South,Home & Kitchen,131472.14,112069.27,1012362,42761,4.22,36646,6328,2041,4.77,420259.76,279850.3,28340.19,54.91,3.75,25.29,Completed
CAMP0253,Summer Grocery,2026-03-19,Organic,Brand Awareness,West,Grocery,148444.82,138234.2,1472304,51373,3.49,46013,3734,2057,4.0,1483252.97,980362.66,364656.11,67.2,10.73,263.8,Completed
CAMP0254,Festive Furniture,2025-10-19,WhatsApp,Brand Awareness,South,Furniture,138328.48,119400.64,1084346,18372,1.69,16027,2880,954,5.19,772522.14,513184.79,139936.71,125.16,6.47,117.2,Active
CAMP0255,Flash Books,2026-02-02,Google Ads,Brand Awareness,North,Books,186739.6,164693.33,1730163,80590,4.66,74312,9560,3648,4.53,653832.52,384307.39,104831.8,45.15,3.97,63.65,Completed
CAMP0256,Flash Home & Kitchen,2026-09-11,Instagram,Performance,All India,Home & Kitchen,27574.47,24380.95,326755,11253,3.44,10627,647,288,2.57,73142.85,41096.91,7664.99,84.66,3.0,31.44,Completed
CAMP0257,Clearance Personal Care,2026-08-17,Google Ads,Seasonal,North,Personal Care,174931.6,181126.71,2384367,69177,2.9,63863,7283,3606,5.21,784278.65,523921.33,79230.61,50.23,4.33,43.74,Completed
CAMP0258,New Year Personal Care,2026-02-02,Influencer,Seasonal,East,Personal Care,233679.92,226728.64,1407345,52198,3.71,47986,2907,1042,2.0,566821.6,375841.83,-35748.87,217.59,2.5,-15.77,Completed
CAMP0259,Weekend Home & Kitchen,2026-05-28,WhatsApp,Seasonal,East,Home & Kitchen,115375.56,100634.37,1082904,62522,5.77,56424,10871,3467,5.55,616888.69,344996.25,171258.07,29.03,6.13,170.18,Completed
CAMP0260,New Year Fashion,2025-10-04,YouTube,Retargeting,South,Fashion,247153.14,232484.24,2565512,115573,4.5,106030,6418,3232,2.8,783471.89,525970.24,25017.41,71.93,3.37,10.76,Completed
CAMP0261,Flash Sports,2026-04-27,Google Ads,Performance,All India,Sports,154446.51,146483.17,1270256,19280,1.52,16731,2236,1015,5.27,621088.64,398502.45,76103.02,144.32,4.24,51.95,Completed
CAMP0262,Flash Books,2026-04-11,Instagram,Seasonal,West,Books,189301.14,181425.36,1313448,78699,5.99,71305,5321,2093,2.66,469891.68,297411.91,-8945.59,86.68,2.59,-4.93,Completed
CAMP0263,Diwali Accessories,2025-12-19,Instagram,Seasonal,North,Accessories,69417.35,65013.47,723071,42951,5.94,40668,1885,825,1.92,148880.85,96790.26,-12922.88,78.8,2.29,-19.88,Completed
CAMP0264,Big Billion Grocery,2026-07-13,Facebook,Performance,West,Grocery,135869.83,133832.76,1744429,83428,4.78,74059,6892,2360,2.83,377408.38,208587.85,34987.77,56.71,2.82,26.14,Completed
CAMP0265,Clearance Electronics,2025-12-28,WhatsApp,Performance,East,Electronics,186633.32,168787.79,1428058,58734,4.11,54191,11833,4243,7.22,1081929.73,715199.69,197942.25,39.78,6.41,117.27,Completed
CAMP0266,Big Billion Sports,2026-06-23,Google Ads,Brand Awareness,North,Sports,228096.04,207442.59,2340928,125791,5.37,120105,18499,5971,4.75,927268.38,559497.31,160328.48,34.74,4.47,77.29,Active
CAMP0267,Summer Grocery,2026-02-26,YouTube,Performance,South,Grocery,78845.07,74306.54,898042,52542,5.85,51119,3466,1084,2.06,262302.09,147961.97,40033.58,68.55,3.53,53.88,Completed
CAMP0268,Festive Sports,2026-08-21,Influencer,Seasonal,North,Sports,165344.02,140857.45,1954398,34253,1.75,29249,1219,546,1.6,316929.26,212662.99,-36591.18,257.98,2.25,-25.98,Active
CAMP0269,Diwali Electronics,2026-03-22,Instagram,Seasonal,South,Electronics,114489.19,107120.3,780130,27240,3.49,23739,1610,741,2.72,331001.73,209006.4,14875.03,144.56,3.09,13.89,Completed
CAMP0270,Diwali Grocery,2026-03-23,Influencer,Retargeting,West,Grocery,205995.07,179585.02,2310686,82953,3.59,76100,3480,1623,1.96,414841.4,236510.56,-1254.18,110.65,2.31,-0.7,Completed
CAMP0271,Monsoon Beauty,2026-07-30,Instagram,Performance,South,Beauty,144091.53,133716.47,1599465,62664,3.92,55926,3848,1250,2.0,299524.89,191646.22,-25837.8,106.97,2.24,-19.32,Completed
CAMP0272,Big Billion Fashion,2026-08-29,Google Ads,Performance,All India,Fashion,103679.05,101644.39,1301426,60152,4.62,55009,7151,2911,4.84,402511.78,228992.24,71875.15,34.92,3.96,70.71,Completed
CAMP0273,Clearance Electronics,2026-04-12,Affiliate,Brand Awareness,East,Electronics,89134.11,86785.03,891688,50822,5.7,47588,4213,1602,3.15,319368.91,186737.15,45846.73,54.17,3.68,52.83,Completed
CAMP0274,Diwali Books,2026-02-17,Referral,Retargeting,East,Books,146524.32,149427.31,1757275,60532,3.44,57427,10804,3489,5.77,960817.6,628261.51,183128.78,42.83,6.43,122.55,Completed
CAMP0275,Weekend Personal Care,2026-09-01,Referral,Brand Awareness,North,Personal Care,226684.0,221789.89,1651908,19513,1.18,18123,3670,1382,7.08,1543657.63,972315.38,349552.36,160.48,6.96,157.61,Completed
CAMP0276,Diwali Electronics,2026-06-08,Google Ads,Retargeting,All India,Electronics,238720.37,219360.53,2172322,51378,2.37,48987,5319,2221,4.32,853312.46,563625.2,70326.73,98.77,3.89,32.06,Completed
CAMP0277,Festive Electronics,2026-02-02,Facebook,Seasonal,West,Electronics,215264.2,190784.7,1563689,43909,2.81,42509,3417,1254,2.86,553275.63,341424.52,21066.41,152.14,2.9,11.04,Completed
CAMP0278,Clearance Beauty,2026-03-21,YouTube,Retargeting,South,Beauty,239187.84,249672.27,3190477,125023,3.92,110012,7863,3086,2.47,768990.59,430217.0,89101.32,80.9,3.08,35.69,Completed
CAMP0279,Republic Day Electronics,2026-07-01,Google Ads,Retargeting,West,Electronics,149205.25,145066.75,956064,32654,3.42,31835,2882,1571,4.81,606379.02,338422.47,122889.8,92.34,4.18,84.71,Completed
CAMP0280,New Year Fashion,2026-06-10,Google Ads,Performance,East,Fashion,55727.37,51033.7,645596,34095,5.28,30892,3048,1449,4.25,200562.44,117475.13,32053.61,35.22,3.93,62.81,Completed
CAMP0281,Weekend Beauty,2026-02-20,Referral,Seasonal,North,Beauty,52240.0,52507.96,364172,14858,4.08,14247,1784,817,5.5,319773.48,194668.34,72597.18,64.27,6.09,138.26,Active
CAMP0282,Republic Day Books,2025-11-24,Affiliate,Brand Awareness,West,Books,206087.22,198678.9,1493173,23704,1.59,22575,2177,890,3.76,679481.84,439847.26,40955.68,223.23,3.42,20.61,Completed
CAMP0283,Diwali Electronics,2025-11-21,Influencer,Brand Awareness,All India,Electronics,109979.77,99019.64,691207,27468,3.97,26012,1542,556,2.03,251509.89,151229.67,1260.58,178.09,2.54,1.27,Completed
CAMP0284,Flash Personal Care,2026-06-24,Affiliate,Performance,North,Personal Care,38958.04,40555.41,434417,21955,5.05,19799,1508,725,3.3,156543.88,87391.71,28596.76,55.94,3.86,70.51,Completed
CAMP0285,Summer Beauty,2025-11-11,Affiliate,Performance,All India,Beauty,63178.0,53821.73,367665,19918,5.42,17850,1116,519,2.61,163618.06,101294.42,8501.91,103.7,3.04,15.8,Active
CAMP0286,Flash Electronics,2026-01-06,Google Ads,Brand Awareness,East,Electronics,215456.76,190416.06,2489600,81135,3.26,75718,6905,3283,4.05,834022.34,526388.15,117218.13,58.0,4.38,61.56,Completed
CAMP0287,Monsoon Furniture,2026-06-18,YouTube,Performance,All India,Furniture,149102.49,141956.64,1387149,39185,2.82,36292,2843,1006,2.57,501106.94,278500.17,80650.13,141.11,3.53,56.81,Completed
CAMP0288,Summer Furniture,2026-07-03,Google Ads,Brand Awareness,West,Furniture,191713.88,167387.46,2224911,49503,2.22,46337,6605,2557,5.17,731483.2,494483.0,69612.74,65.46,4.37,41.59,Active
CAMP0289,Weekend Beauty,2025-11-11,Influencer,Seasonal,West,Beauty,175571.04,161143.7,2094480,89470,4.27,86893,3877,1362,1.52,348070.39,212004.03,-25077.34,118.31,2.16,-15.56,Active
CAMP0290,Summer Electronics,2026-05-20,Affiliate,Seasonal,East,Electronics,102821.64,89333.1,920889,49951,5.42,47608,3164,1686,3.38,327852.48,183694.18,54825.2,52.99,3.67,61.37,Completed
CAMP0291,New Year Home & Kitchen,2026-08-21,Email,Retargeting,South,Home & Kitchen,131975.35,137138.34,968157,10141,1.05,8844,1398,650,6.41,921569.64,552015.15,232416.15,210.98,6.72,169.48,Completed
CAMP0292,Summer Sports,2026-05-24,Organic,Performance,All India,Sports,78904.46,80648.9,489113,27745,5.67,25071,3972,1523,5.49,946011.6,591950.53,273412.17,52.95,11.73,339.02,Completed
CAMP0293,Republic Day Accessories,2026-06-30,Organic,Retargeting,South,Accessories,149625.37,153259.69,2130248,83514,3.92,79365,11504,3600,4.31,1515738.33,909269.08,453209.56,42.57,9.89,295.71,Completed
CAMP0294,Summer Sports,2026-03-28,Facebook,Performance,East,Sports,53720.05,56097.52,712813,11155,1.56,10848,733,327,2.93,171658.41,96883.67,18677.22,171.55,3.06,33.29,Completed
CAMP0295,New Year Home & Kitchen,2025-10-01,Influencer,Performance,West,Home & Kitchen,132921.72,114304.12,1485854,83809,5.64,71752,2240,1062,1.27,290332.46,188707.94,-12679.6,107.63,2.54,-11.09,Completed
CAMP0296,Republic Day Electronics,2025-11-18,Google Ads,Performance,All India,Electronics,197441.59,175702.35,1414879,36619,2.59,34021,3606,1724,4.71,692267.26,442845.16,73719.75,101.92,3.94,41.96,Completed
CAMP0297,Big Billion Accessories,2025-12-28,Influencer,Performance,West,Accessories,32737.11,29118.94,213089,8863,4.16,8552,214,112,1.27,66391.18,44537.81,-7265.57,259.99,2.28,-24.95,Completed
CAMP0298,Big Billion Sports,2025-10-11,Affiliate,Retargeting,West,Sports,105029.65,96164.01,841788,33684,4.0,28751,3065,974,2.89,360615.04,204673.05,59777.98,98.73,3.75,62.16,Completed
CAMP0299,Clearance Home & Kitchen,2026-08-17,Instagram,Retargeting,All India,Home & Kitchen,29739.61,25444.36,162337,7757,4.78,7444,358,161,2.08,75824.19,42471.52,7908.31,158.04,2.98,31.08,Completed
CAMP0300,Big Billion Grocery,2026-01-22,Google Ads,Performance,West,Grocery,99741.45,90300.42,1130640,14241,1.26,13559,1764,768,5.4,405448.89,233669.76,81478.71,117.58,4.49,90.23,Completed
CAMP0301,New Year Grocery,2026-05-03,Influencer,Brand Awareness,North,Grocery,222946.69,233951.65,1851236,87296,4.72,82899,2595,1314,1.51,484279.92,271075.66,-20747.39,178.05,2.07,-8.87,Completed
CAMP0302,Summer Electronics,2026-02-10,Instagram,Retargeting,West,Electronics,179852.63,166493.76,1817734,69899,3.85,63837,2495,1316,1.88,442873.4,269959.96,6419.68,126.52,2.66,3.86,Completed
CAMP0303,Republic Day Electronics,2025-10-23,Google Ads,Performance,North,Electronics,135760.21,135426.07,1302530,55098,4.23,52457,6338,2515,4.56,518681.85,341076.85,42178.93,53.85,3.83,31.15,Completed
CAMP0304,Festive Accessories,2025-11-06,Facebook,Performance,East,Accessories,83022.22,80390.16,1032869,14054,1.36,12461,613,269,1.92,262071.92,176808.76,4873.0,298.85,3.26,6.06,Completed
CAMP0305,New Year Beauty,2026-04-24,Instagram,Retargeting,North,Beauty,18608.69,19035.98,134868,3636,2.7,3223,151,67,1.86,48351.39,30491.37,-1175.96,284.12,2.54,-6.18,Completed
CAMP0306,Monsoon Books,2026-07-03,Organic,Performance,West,Books,137879.62,140872.75,1798293,37513,2.09,35708,5749,1908,5.09,1270672.2,780488.82,349310.63,73.83,9.02,247.96,Completed
CAMP0307,Big Billion Home & Kitchen,2026-06-29,YouTube,Performance,All India,Home & Kitchen,179415.0,164353.44,1371959,62122,4.53,52836,4793,1540,2.48,479912.04,273224.69,42333.91,106.72,2.92,25.76,Completed
CAMP0308,Clearance Beauty,2026-04-20,Facebook,Brand Awareness,All India,Beauty,93843.17,85926.1,943396,12218,1.3,10469,560,254,2.08,281837.61,188327.62,7583.89,338.29,3.28,8.83,Completed
CAMP0309,Diwali Fashion,2026-02-09,Instagram,Retargeting,West,Fashion,59082.87,51818.94,474420,24347,5.13,20840,1329,635,2.61,124365.46,81794.66,-9248.14,81.6,2.4,-17.85,Completed
CAMP0310,Festive Accessories,2026-03-08,Instagram,Seasonal,South,Accessories,101572.88,105769.99,1417620,45371,3.2,39573,1479,756,1.67,304617.57,189505.43,9342.15,139.91,2.88,8.83,Completed
CAMP0311,Republic Day Books,2026-04-28,Google Ads,Seasonal,South,Books,38118.8,38448.72,395429,5752,1.45,5622,693,287,4.99,139184.37,78386.12,22349.53,133.97,3.62,58.13,Completed
CAMP0312,Big Billion Electronics,2025-10-04,Google Ads,Retargeting,All India,Electronics,196043.56,193847.91,2069115,99899,4.83,90132,15315,5493,5.5,752129.89,448094.56,110187.42,35.29,3.88,56.84,Completed
CAMP0313,Republic Day Sports,2025-12-20,YouTube,Performance,East,Sports,150069.34,131179.01,1210536,60318,4.98,56088,4435,1886,3.13,393537.03,238036.02,24322.0,69.55,3.0,18.54,Completed
CAMP0314,Weekend Electronics,2025-10-29,YouTube,Seasonal,North,Electronics,16037.93,14494.05,164828,7196,4.37,7005,519,200,2.78,43772.03,28692.99,584.99,72.47,3.02,4.04,Completed
CAMP0315,Festive Personal Care,2026-02-02,Referral,Brand Awareness,All India,Personal Care,71233.27,68480.09,569225,16967,2.98,16618,3245,1201,7.08,448544.59,251974.64,128089.86,57.02,6.55,187.05,Completed
CAMP0316,Clearance Books,2026-07-12,Google Ads,Brand Awareness,All India,Books,19538.01,18423.39,207813,7396,3.56,6761,944,386,5.23,70193.12,46249.53,5520.2,47.73,3.81,29.96,Completed
CAMP0317,Diwali Personal Care,2026-09-01,Affiliate,Retargeting,All India,Personal Care,244810.9,256131.4,3545726,161677,4.56,141047,15536,5406,3.34,955370.12,630078.33,69160.39,47.38,3.73,27.0,Completed
CAMP0318,Monsoon Grocery,2025-11-15,Facebook,Seasonal,West,Grocery,224719.04,223311.15,1645580,33479,2.03,30309,1996,929,2.78,643136.11,367217.28,52607.68,240.38,2.88,23.56,Completed
CAMP0319,Big Billion Beauty,2026-09-20,Instagram,Performance,West,Beauty,31811.76,29287.44,306212,16438,5.37,14020,1220,413,2.52,83176.33,47188.87,6700.02,70.91,2.84,22.88,Completed
CAMP0320,Festive Beauty,2026-05-03,Influencer,Performance,West,Beauty,207205.14,201076.5,2813698,99464,3.54,85454,5474,1863,1.87,462475.95,288104.74,-26705.29,107.93,2.3,-13.28,Completed
CAMP0321,Monsoon Furniture,2025-11-30,Instagram,Performance,North,Furniture,146719.79,147202.54,1570375,56537,3.6,51524,2418,947,1.68,415111.16,252913.11,14995.51,155.44,2.82,10.19,Completed
CAMP0322,Diwali Electronics,2026-09-18,YouTube,Retargeting,North,Electronics,50335.22,50043.15,565066,12982,2.3,11552,675,329,2.54,153132.04,89452.02,13636.87,152.11,3.06,27.25,Completed
CAMP0323,Clearance Electronics,2026-04-07,Influencer,Seasonal,All India,Electronics,133554.34,125564.69,1471224,60342,4.1,55183,2374,931,1.54,317678.67,215265.5,-23151.52,134.87,2.53,-18.44,Completed
CAMP0324,Monsoon Books,2026-04-28,Facebook,Retargeting,All India,Books,147094.57,152334.28,1131067,50699,4.48,44048,2271,1192,2.35,446339.44,259352.67,34652.49,127.8,2.93,22.75,Completed
CAMP0325,Weekend Electronics,2026-05-24,Influencer,Performance,West,Electronics,90250.97,89679.94,655804,30086,4.59,27898,1279,596,1.98,165011.09,99507.11,-24175.96,150.47,1.84,-26.96,Completed
CAMP0326,New Year Electronics,2026-08-07,Instagram,Retargeting,South,Electronics,38939.51,38899.25,379000,20822,5.49,19606,1157,408,1.96,93358.2,53266.37,1192.58,95.34,2.4,3.07,Completed
CAMP0327,Weekend Beauty,2026-06-16,Email,Brand Awareness,All India,Beauty,179871.85,172610.44,1155411,29366,2.54,25314,4185,1887,6.43,973522.88,568366.2,232546.24,91.47,5.64,134.72,Completed
CAMP0328,Monsoon Fashion,2025-12-14,Influencer,Seasonal,West,Fashion,146812.49,129723.58,976573,51512,5.27,44091,1508,704,1.37,293175.29,161521.75,1929.96,184.27,2.26,1.49,Active
CAMP0329,Diwali Electronics,2025-12-03,Email,Performance,South,Electronics,69141.56,62063.09,739105,16562,2.24,15248,2178,1190,7.19,419546.49,258678.35,98805.05,52.15,6.76,159.2,Completed
CAMP0330,Clearance Personal Care,2026-07-06,Influencer,Brand Awareness,South,Personal Care,108949.86,93823.8,1101852,40741,3.7,37088,2548,861,2.11,182956.41,101970.06,-12837.45,108.97,1.95,-13.68,Completed
CAMP0331,Republic Day Fashion,2025-10-25,Google Ads,Seasonal,North,Fashion,75385.15,76645.34,617659,10989,1.78,10452,1624,545,4.97,334173.68,204783.99,52744.35,140.63,4.36,68.82,Completed
CAMP0332,Clearance Fashion,2026-03-08,YouTube,Performance,East,Fashion,191477.71,184561.01,2532596,72917,2.88,67565,3430,1495,2.05,566602.3,353212.78,28828.51,123.45,3.07,15.62,Completed
CAMP0333,Weekend Electronics,2026-03-23,Google Ads,Retargeting,West,Electronics,77735.2,71976.47,945050,51751,5.48,48740,4892,2054,3.97,319575.53,206187.54,41411.52,35.04,4.44,57.53,Completed
CAMP0334,New Year Accessories,2026-05-19,Influencer,Seasonal,South,Accessories,207091.67,217358.39,2081499,59688,2.87,56035,3003,1078,1.81,473841.29,281081.73,-24598.83,201.63,2.18,-11.32,Completed
CAMP0335,Clearance Electronics,2026-03-16,Google Ads,Performance,All India,Electronics,240191.17,245666.66,2815053,78842,2.8,68052,9530,3741,4.74,1051453.3,612616.32,193170.32,65.67,4.28,78.63,Completed
CAMP0336,Diwali Sports,2026-07-16,Google Ads,Retargeting,East,Sports,32219.45,32789.71,288610,11287,3.91,10470,1364,480,4.26,125584.59,77548.98,15245.9,68.31,3.83,46.5,Completed
CAMP0337,Clearance Grocery,2025-11-04,Instagram,Performance,East,Grocery,176645.08,152164.65,1605347,46260,2.88,39421,2534,1120,2.42,348457.05,233349.12,-37056.72,135.86,2.29,-24.35,Completed
CAMP0338,Big Billion Sports,2026-05-04,Facebook,Brand Awareness,South,Sports,242500.84,237334.03,2956325,120007,4.06,115014,8278,2868,2.39,749975.53,499640.01,13001.49,82.75,3.16,5.48,Completed
CAMP0339,Summer Grocery,2026-05-01,Instagram,Seasonal,East,Grocery,119642.52,108463.63,1094862,16043,1.47,15688,1183,436,2.72,319967.71,189445.64,22058.44,248.77,2.95,20.34,Completed
CAMP0340,Festive Personal Care,2026-09-09,Influencer,Performance,East,Personal Care,226571.1,196070.2,1382599,31858,2.3,27838,1277,606,1.9,413708.12,260434.53,-42796.61,323.55,2.11,-21.83,Active
CAMP0341,Weekend Fashion,2026-08-03,Facebook,Retargeting,East,Fashion,199215.25,191577.48,1225155,43912,3.58,39038,1929,897,2.04,538332.72,300440.14,46315.1,213.58,2.81,24.18,Completed
CAMP0342,Summer Grocery,2026-08-15,YouTube,Retargeting,South,Grocery,25751.97,25291.44,299612,10277,3.43,10027,685,301,2.94,83461.75,49416.46,8753.85,84.02,3.3,34.61,Completed
CAMP0343,New Year Grocery,2026-05-25,Organic,Performance,All India,Grocery,19894.0,17205.72,213010,3620,1.7,3410,622,195,5.4,185477.66,105117.04,63154.9,88.23,10.78,367.06,Completed
CAMP0344,Big Billion Electronics,2025-12-10,Influencer,Retargeting,West,Electronics,138173.56,142799.36,1645220,59102,3.59,53643,2707,1078,1.82,339862.48,190385.87,6677.25,132.47,2.38,4.68,Completed
CAMP0345,Diwali Sports,2026-05-30,Affiliate,Retargeting,East,Sports,35731.1,36482.0,493955,24208,4.9,23546,1821,865,3.58,117836.86,72178.85,9176.01,42.18,3.23,25.15,Completed
CAMP0346,Flash Books,2026-05-30,Google Ads,Retargeting,All India,Books,241791.42,207082.38,2230048,61769,2.77,52701,4961,2289,3.71,747567.39,502546.73,37938.28,90.47,3.61,18.32,Completed
CAMP0347,New Year Electronics,2026-03-01,Google Ads,Performance,East,Electronics,37121.0,37267.12,347106,18113,5.22,17732,2741,937,5.18,138261.02,86584.34,14409.56,39.77,3.71,38.67,Completed
CAMP0348,Festive Home & Kitchen,2026-04-16,Email,Retargeting,All India,Home & Kitchen,134424.56,122240.52,938944,43045,4.58,36865,6333,2714,6.31,809232.24,536447.57,150544.15,45.04,6.62,123.15,Completed
CAMP0349,Summer Fashion,2026-07-21,Organic,Brand Awareness,North,Fashion,212384.12,181600.79,1751168,29190,1.67,28306,2727,1507,5.17,1937680.43,1265315.91,490763.73,120.5,10.67,270.24,Completed
CAMP0350,Summer Beauty,2026-02-20,Facebook,Retargeting,North,Beauty,19645.74,17382.09,117419,1675,1.43,1516,123,44,2.68,49017.49,27705.49,3929.91,395.05,2.82,22.61,Completed
CAMP0351,Clearance Electronics,2026-02-19,Organic,Retargeting,North,Electronics,162123.44,141468.14,1894953,48219,2.54,41186,6195,2560,5.31,1677812.14,1116158.01,420185.99,55.26,11.86,297.02,Completed
CAMP0352,Big Billion Home & Kitchen,2025-11-08,Instagram,Performance,South,Home & Kitchen,221595.63,201344.9,2580813,119908,4.65,116119,5819,2347,1.96,507389.15,297512.28,8531.97,85.79,2.52,4.24,Completed
CAMP0353,Weekend Fashion,2026-06-30,Instagram,Brand Awareness,South,Fashion,193266.53,177801.31,1428339,29396,2.06,25410,1323,534,1.82,398274.93,219647.39,826.23,332.96,2.24,0.46,Completed
CAMP0354,Republic Day Personal Care,2026-01-03,Affiliate,Seasonal,East,Personal Care,35792.64,36474.2,249987,9282,3.71,8166,992,326,3.51,126930.22,75014.68,15441.34,111.88,3.48,42.33,Completed
CAMP0355,Diwali Personal Care,2026-01-28,Influencer,Performance,East,Personal Care,216709.96,214960.13,1789297,52802,2.95,46153,2485,997,1.89,513754.71,326492.5,-27697.92,215.61,2.39,-12.89,Completed
CAMP0356,Weekend Sports,2026-03-08,Instagram,Retargeting,West,Sports,224601.02,234406.5,2266023,29456,1.3,25489,1603,761,2.58,668058.53,432197.51,1454.52,308.02,2.85,0.62,Completed
CAMP0357,Summer Furniture,2025-12-31,Affiliate,Performance,South,Furniture,118045.67,122013.59,1544395,66693,4.32,60710,4313,2108,3.16,461211.37,305587.23,33610.55,57.88,3.78,27.55,Completed
CAMP0358,Weekend Fashion,2026-08-04,Organic,Seasonal,All India,Fashion,143568.02,146093.13,1800345,92930,5.16,88776,12075,5542,5.96,1647930.51,986834.45,515002.93,26.36,11.28,352.52,Completed
CAMP0359,Republic Day Books,2026-09-06,Google Ads,Performance,East,Books,202153.89,184636.0,1146343,52625,4.59,51079,8145,2791,5.3,819783.84,538339.99,96807.85,66.15,4.44,52.43,Completed
CAMP0360,Clearance Grocery,2025-10-02,Affiliate,Performance,East,Grocery,97169.02,89125.49,691017,34479,4.99,33055,2985,1130,3.28,319960.51,191956.88,38878.14,78.87,3.59,43.62,Completed
CAMP0361,New Year Grocery,2026-08-21,Influencer,Retargeting,All India,Grocery,175526.54,161089.55,2246971,74463,3.31,69951,2384,1129,1.52,396280.29,253004.07,-17813.33,142.68,2.46,-11.06,Completed
CAMP0362,Clearance Electronics,2025-10-10,Instagram,Retargeting,East,Electronics,92327.07,94255.33,943255,12222,1.3,10734,615,214,1.75,226212.79,140941.71,-8984.25,440.45,2.4,-9.53,Completed
CAMP0363,Weekend Fashion,2026-03-29,Google Ads,Brand Awareness,North,Fashion,196856.48,198190.39,2326919,48072,2.07,42674,6361,2205,4.59,842309.16,488416.49,155702.28,89.88,4.25,78.56,Completed
CAMP0364,Clearance Electronics,2025-10-30,Instagram,Performance,East,Electronics,28730.56,28837.14,353013,9655,2.74,9284,508,246,2.55,73534.71,42939.89,1757.68,117.22,2.55,6.1,Completed
CAMP0365,Flash Fashion,2026-07-30,Google Ads,Retargeting,North,Fashion,120022.48,114260.65,717651,9156,1.28,8309,847,440,4.81,444473.93,271935.52,58277.76,259.68,3.89,51.0,Completed
CAMP0366,Big Billion Sports,2026-03-02,Google Ads,Performance,North,Sports,42807.57,44903.47,439948,19375,4.4,16548,2721,1030,5.32,181410.02,101129.35,35377.2,43.6,4.04,78.79,Completed
CAMP0367,Flash Grocery,2025-10-22,Instagram,Seasonal,East,Grocery,66883.86,66240.19,589606,28599,4.85,27508,1928,779,2.72,160963.66,109296.75,-14573.28,85.03,2.43,-22.0,Completed
CAMP0368,Monsoon Beauty,2025-12-19,YouTube,Performance,East,Beauty,108048.87,102247.16,718229,25328,3.53,22733,1391,559,2.21,363999.89,229760.41,31992.32,182.91,3.56,31.29,Completed
CAMP0369,Monsoon Fashion,2026-07-18,Google Ads,Brand Awareness,East,Fashion,41575.98,41552.6,404507,5423,1.34,4856,617,261,4.81,180338.28,102405.11,36380.57,159.21,4.34,87.55,Completed
CAMP0370,Diwali Fashion,2026-05-24,Email,Performance,North,Fashion,100462.01,85459.6,1090689,56460,5.18,54589,9836,4508,7.99,498229.47,278464.29,134305.58,18.96,5.83,157.16,Completed
CAMP0371,Festive Sports,2025-10-15,Influencer,Brand Awareness,East,Sports,131643.53,133233.69,1312391,26460,2.02,24057,1666,531,2.01,297111.13,167920.1,-4042.66,250.91,2.23,-3.03,Completed
CAMP0372,New Year Electronics,2026-02-20,Google Ads,Brand Awareness,South,Electronics,221426.44,207938.54,1290870,14827,1.15,13983,1410,623,4.2,729864.28,481939.77,39985.97,333.77,3.51,19.23,Active
CAMP0373,Festive Fashion,2026-05-27,Affiliate,Retargeting,South,Fashion,96396.82,83346.13,694381,34684,5.0,31212,2605,1149,3.31,260039.93,154499.29,22194.51,72.54,3.12,26.63,Completed
CAMP0374,Weekend Grocery,2026-02-16,Facebook,Seasonal,East,Grocery,173188.15,156287.7,2059720,70524,3.42,65390,3279,1612,2.29,406348.02,241797.49,8262.83,96.95,2.6,5.29,Completed
CAMP0375,Big Billion Fashion,2026-01-04,Organic,Performance,West,Fashion,103732.05,102103.15,1275980,49748,3.9,47673,7716,2677,5.38,947517.23,591767.1,253646.98,38.14,9.28,248.42,Completed
CAMP0376,Weekend Home & Kitchen,2025-12-19,Referral,Performance,West,Home & Kitchen,150438.44,140690.07,1263733,24236,1.92,22898,4211,1620,6.69,863837.03,578911.19,144235.77,86.85,6.14,102.52,Completed
CAMP0377,Big Billion Fashion,2026-08-21,YouTube,Seasonal,East,Fashion,222988.61,223705.44,1515035,33070,2.18,32022,2534,799,2.42,642034.61,386248.78,32080.39,279.98,2.87,14.34,Completed
CAMP0378,New Year Fashion,2026-05-13,Affiliate,Retargeting,All India,Fashion,80432.59,84149.71,1167611,39239,3.36,36143,2446,1088,2.77,330708.36,217066.34,29492.31,77.34,3.93,35.05,Completed
CAMP0379,Monsoon Beauty,2026-07-25,Instagram,Retargeting,West,Beauty,19302.64,20260.24,232319,7268,3.13,6181,274,136,1.87,44775.13,28104.72,-3589.83,148.97,2.21,-17.72,Completed
CAMP0380,New Year Fashion,2026-04-16,Google Ads,Brand Awareness,All India,Fashion,195197.09,173217.87,1172298,49849,4.25,48046,5711,2243,4.5,682478.41,418662.02,90598.52,77.23,3.94,52.3,Completed
CAMP0381,Summer Grocery,2026-04-04,Affiliate,Seasonal,All India,Grocery,19301.72,19951.07,233697,12681,5.43,11151,1302,499,3.94,69629.23,43162.5,6515.66,39.98,3.49,32.66,Completed
CAMP0382,Republic Day Grocery,2026-06-09,Instagram,Retargeting,South,Grocery,229786.66,239193.4,2746178,62925,2.29,59464,4133,1587,2.52,566888.36,326614.58,1080.38,150.72,2.37,0.45,Completed
CAMP0383,Weekend Home & Kitchen,2026-06-29,Google Ads,Brand Awareness,All India,Home & Kitchen,45273.83,45037.77,346826,19257,5.55,17103,1955,1020,5.3,185105.23,112598.38,27469.08,44.15,4.11,60.99,Completed
CAMP0384,Festive Fashion,2026-07-14,Instagram,Seasonal,North,Fashion,139898.15,146689.48,961089,22292,2.32,21247,894,490,2.2,429800.18,244205.96,38904.74,299.37,2.93,26.52,Completed
CAMP0385,Clearance Personal Care,2026-01-09,Facebook,Seasonal,East,Personal Care,177661.37,167233.05,2102565,98089,4.67,87074,7092,2659,2.71,439822.92,288836.95,-16247.08,62.89,2.63,-9.72,Completed
CAMP0386,Republic Day Personal Care,2025-10-10,Influencer,Performance,North,Personal Care,208847.66,186340.44,1312345,58331,4.44,51431,2254,734,1.26,355910.24,213126.98,-43557.18,253.87,1.91,-23.38,Completed
CAMP0387,Festive Accessories,2025-12-31,Facebook,Seasonal,East,Accessories,19700.76,18500.26,227399,12609,5.54,12173,624,338,2.68,47915.67,30948.94,-1533.53,54.73,2.59,-8.29,Completed
CAMP0388,New Year Furniture,2026-04-28,Organic,Seasonal,East,Furniture,157238.79,156618.53,2014807,75100,3.73,70612,10891,4426,5.89,1517633.56,982700.64,378314.39,35.39,9.69,241.55,Completed
CAMP0389,Diwali Sports,2025-12-29,Facebook,Retargeting,West,Sports,207099.19,208382.64,2124173,121683,5.73,106607,8578,3218,2.65,558465.48,347728.76,2354.08,64.76,2.68,1.13,Completed
CAMP0390,Festive Grocery,2026-03-16,Influencer,Retargeting,North,Grocery,205938.76,201853.97,2476031,83223,3.36,80256,3625,1456,1.75,419856.26,274421.84,-56419.55,138.64,2.08,-27.95,Completed
CAMP0391,Republic Day Books,2026-04-26,Facebook,Retargeting,South,Books,240213.9,220519.49,2433858,107753,4.43,103116,5503,2116,1.96,617454.57,407883.8,-10948.72,104.22,2.8,-4.96,Completed
CAMP0392,Flash Electronics,2026-04-26,Affiliate,Performance,West,Electronics,199657.87,209333.68,1474172,69993,4.75,67452,6034,2545,3.64,810121.34,512956.54,87831.12,82.25,3.87,41.96,Completed
CAMP0393,Summer Electronics,2026-02-28,Instagram,Brand Awareness,North,Electronics,22406.44,21203.15,260515,7610,2.92,6955,363,198,2.61,67213.99,41245.83,4765.01,107.09,3.17,22.47,Completed
CAMP0394,Festive Grocery,2026-06-14,Influencer,Performance,South,Grocery,61832.97,56234.99,555279,29323,5.28,27899,994,381,1.3,123716.98,82142.68,-14660.69,147.6,2.2,-26.07,Completed
CAMP0395,Flash Grocery,2026-05-07,Email,Performance,East,Grocery,247827.22,253013.42,2177407,70937,3.26,65161,11060,4309,6.08,1743262.46,1046707.67,443541.37,58.72,6.89,175.3,Completed
CAMP0396,Diwali Beauty,2026-04-28,YouTube,Performance,West,Beauty,189045.08,183695.73,1331682,24756,1.86,21743,1211,536,2.17,622728.52,347432.92,91599.87,342.72,3.39,49.86,Completed
CAMP0397,Weekend Grocery,2026-08-11,Facebook,Seasonal,West,Grocery,76678.67,74584.17,777327,13759,1.77,12224,788,295,2.14,239415.19,162686.82,2144.2,252.83,3.21,2.87,Completed
CAMP0398,Monsoon Beauty,2025-12-24,Google Ads,Seasonal,West,Beauty,235586.7,226706.31,2007289,48634,2.42,44860,5952,1905,3.92,834279.22,506158.63,101414.28,119.01,3.68,44.73,Completed
CAMP0399,Flash Fashion,2026-04-16,Instagram,Retargeting,South,Fashion,56273.14,57587.03,466207,10442,2.24,9399,507,280,2.68,168154.13,103786.67,6780.43,205.67,2.92,11.77,Completed
CAMP0400,New Year Beauty,2026-06-06,Google Ads,Seasonal,All India,Beauty,149019.22,137135.45,895839,47745,5.33,46612,4005,1868,3.91,593796.5,387474.35,69186.7,73.41,4.33,50.45,Completed
CAMP0401,Weekend Personal Care,2025-11-28,Referral,Brand Awareness,South,Personal Care,109400.41,108377.73,1108532,46112,4.16,42535,6103,2956,6.41,662187.93,394842.85,158967.35,36.66,6.11,146.68,Completed
CAMP0402,Summer Electronics,2026-05-26,Google Ads,Performance,South,Electronics,227916.96,212598.18,2013591,88077,4.37,84845,8265,3446,3.91,941809.94,551208.29,178003.47,61.69,4.43,83.73,Completed
CAMP0403,Monsoon Home & Kitchen,2025-10-31,Instagram,Performance,North,Home & Kitchen,197867.88,190187.71,2147212,51607,2.4,47271,2070,994,1.93,443137.36,292335.2,-39385.55,191.34,2.33,-20.71,Completed
CAMP0404,New Year Home & Kitchen,2025-10-17,Influencer,Retargeting,All India,Home & Kitchen,234033.38,226382.91,2119424,32111,1.52,29198,1701,658,2.05,464084.97,286852.54,-49150.48,344.05,2.05,-21.71,Completed
CAMP0405,Flash Books,2026-03-20,Facebook,Seasonal,West,Books,182381.04,191096.03,1904308,69478,3.65,62573,3999,1294,1.86,538890.8,350060.52,-2265.75,147.68,2.82,-1.19,Active
CAMP0406,Republic Day Fashion,2026-08-27,Influencer,Brand Awareness,South,Fashion,44809.42,41081.21,402390,8799,2.19,8015,270,106,1.21,94486.78,62128.64,-8723.07,387.56,2.3,-21.23,Completed
CAMP0407,Republic Day Accessories,2025-11-04,Email,Brand Awareness,South,Accessories,29343.48,25469.17,254163,14261,5.61,12502,2566,1275,8.95,153579.1,93730.19,34379.74,19.98,6.03,134.99,Completed
CAMP0408,Republic Day Home & Kitchen,2026-08-21,Referral,Seasonal,North,Home & Kitchen,197032.6,203836.77,2622320,83755,3.19,73767,11240,4235,5.06,1426857.39,829319.24,393701.38,48.13,7.0,193.15,Completed
CAMP0409,Flash Grocery,2026-02-05,Instagram,Performance,West,Grocery,65762.85,59314.74,767433,34928,4.55,29783,2283,774,2.22,163115.54,103016.31,784.49,76.63,2.75,1.32,Completed
CAMP0410,Republic Day Grocery,2026-06-12,Facebook,Brand Awareness,East,Grocery,206489.76,209877.35,2742411,99836,3.64,85808,4700,2269,2.27,566668.85,316286.05,40505.45,92.5,2.7,19.3,Completed
CAMP0411,Big Billion Accessories,2026-06-19,Email,Retargeting,East,Accessories,223398.83,214257.46,2595928,61656,2.38,55399,11489,3948,6.4,1274831.89,735054.73,325519.7,54.27,5.95,151.93,Completed
CAMP0412,Republic Day Electronics,2026-08-28,Facebook,Seasonal,East,Electronics,161642.63,151485.71,1222497,43994,3.6,38810,3079,1161,2.64,413555.99,280500.93,-18430.65,130.48,2.73,-12.17,Completed
CAMP0413,Weekend Fashion,2026-03-03,Google Ads,Retargeting,South,Fashion,156624.66,138529.21,1481036,74085,5.0,70465,8272,3685,4.97,530566.87,328980.6,63057.06,37.59,3.83,45.52,Completed
CAMP0414,Clearance Furniture,2025-10-15,Instagram,Performance,All India,Furniture,41558.09,39157.05,235545,11315,4.8,10429,797,280,2.47,110422.88,70744.54,521.29,139.85,2.82,1.33,Completed
CAMP0415,New Year Grocery,2026-05-28,Instagram,Brand Awareness,North,Grocery,222097.38,217385.86,2366255,69478,2.94,67198,3392,1067,1.54,654331.44,437718.35,-772.77,203.74,3.01,-0.36,Completed
CAMP0416,Big Billion Electronics,2026-05-06,Referral,Seasonal,East,Electronics,45238.67,46411.31,299819,4395,1.47,4053,767,327,7.45,329984.41,219187.92,64385.18,141.93,7.11,138.73,Completed
CAMP0417,Clearance Home & Kitchen,2026-06-30,Influencer,Seasonal,West,Home & Kitchen,177527.73,185583.43,1887467,19471,1.03,16794,622,317,1.63,371166.86,222543.39,-36959.96,585.44,2.0,-19.92,Completed
CAMP0418,Weekend Fashion,2026-03-03,Google Ads,Brand Awareness,West,Fashion,54907.72,50094.73,411393,11626,2.83,10482,1112,432,3.72,180341.03,111396.68,18849.62,115.96,3.6,37.63,Completed
CAMP0419,Diwali Grocery,2025-12-11,Google Ads,Brand Awareness,All India,Grocery,16936.33,14556.87,141664,7598,5.36,6550,761,417,5.5,54297.13,33163.12,6577.14,34.91,3.73,45.18,Completed
CAMP0420,Diwali Fashion,2026-07-18,Facebook,Performance,All India,Fashion,243768.95,250519.58,2629651,73855,2.81,68274,4535,1614,2.19,734022.37,432758.92,50743.87,155.22,2.93,20.26,Completed
CAMP0421,Summer Electronics,2026-01-02,Influencer,Retargeting,South,Electronics,146116.37,136688.02,1638458,39504,2.41,38407,1869,665,1.68,288411.72,179104.57,-27380.87,205.55,2.11,-20.03,Completed
CAMP0422,Flash Grocery,2026-06-17,Influencer,Performance,South,Grocery,41448.78,38008.01,489677,16188,3.31,14141,662,288,1.78,96540.35,57041.05,1491.29,131.97,2.54,3.92,Completed
CAMP0423,Big Billion Fashion,2026-03-16,Instagram,Performance,All India,Fashion,28136.46,24463.14,261225,11233,4.3,10336,651,262,2.33,55531.33,36611.27,-5543.08,93.37,2.27,-22.66,Completed
CAMP0424,Festive Electronics,2026-01-26,Influencer,Performance,West,Electronics,45999.95,40349.77,407680,9062,2.22,8290,608,192,2.12,96435.95,63203.24,-7117.06,210.16,2.39,-17.64,Completed
CAMP0425,Festive Accessories,2026-05-20,Google Ads,Seasonal,All India,Accessories,46494.88,45934.12,425192,24424,5.74,22749,2858,949,3.89,179143.07,120738.27,12470.68,48.4,3.9,27.15,Completed
CAMP0426,Republic Day Electronics,2025-10-24,Instagram,Brand Awareness,All India,Electronics,152927.55,153765.19,1170838,15095,1.29,13457,511,242,1.6,372111.76,226842.2,-8495.63,635.39,2.42,-5.53,Completed
CAMP0427,Big Billion Electronics,2026-02-01,Google Ads,Seasonal,East,Electronics,248942.65,246244.49,1537143,68549,4.46,59966,10369,3484,5.08,1012064.85,664634.37,101185.99,70.68,4.11,41.09,Completed
CAMP0428,Festive Fashion,2026-05-07,Facebook,Retargeting,West,Fashion,180587.72,159214.84,1357525,49091,3.62,44781,2299,949,1.94,431472.22,248512.17,23745.21,167.77,2.71,14.91,Completed
CAMP0429,Republic Day Beauty,2026-08-22,YouTube,Performance,West,Beauty,157200.09,146666.19,1365707,26066,1.91,24529,1841,767,2.94,426798.61,274393.57,5738.85,191.22,2.91,3.91,Completed
CAMP0430,New Year Electronics,2026-01-27,Affiliate,Retargeting,South,Electronics,56891.55,55215.07,518716,7460,1.44,6409,743,267,3.59,181105.43,112925.71,12964.65,206.8,3.28,23.48,Completed
CAMP0431,Festive Beauty,2026-05-11,Affiliate,Brand Awareness,South,Beauty,102160.76,88963.42,866363,17902,2.07,15466,1430,498,2.78,323826.85,184710.03,50153.4,178.64,3.64,56.38,Completed
CAMP0432,Monsoon Home & Kitchen,2026-07-03,Google Ads,Performance,West,Home & Kitchen,170307.88,174670.1,1131264,31808,2.81,27101,3222,1505,4.73,740601.22,441580.33,124350.79,116.06,4.24,71.19,Completed
CAMP0433,Clearance Sports,2026-08-05,Influencer,Seasonal,West,Sports,162249.9,146026.62,1695841,93286,5.5,86559,4059,1611,1.73,357765.22,208012.89,3725.71,90.64,2.45,2.55,Completed
CAMP0434,Monsoon Fashion,2025-11-17,Email,Performance,South,Fashion,225332.39,224144.71,1918832,99072,5.16,92379,20887,6654,6.72,1425560.36,932217.7,269197.95,33.69,6.36,120.1,Completed
CAMP0435,Clearance Personal Care,2026-06-14,Google Ads,Brand Awareness,West,Personal Care,218444.44,228002.0,1408717,16050,1.14,15633,1864,752,4.69,989528.68,643023.45,118503.23,303.19,4.34,51.97,Completed
CAMP0436,Festive Grocery,2025-10-11,Influencer,Performance,South,Grocery,135595.5,127081.01,1018883,53935,5.29,52203,1750,760,1.41,231287.44,132270.78,-28064.35,167.21,1.82,-22.08,Completed
CAMP0437,Festive Personal Care,2026-03-18,Instagram,Performance,South,Personal Care,45184.47,45083.02,336432,11757,3.49,10502,408,207,1.77,124429.14,74353.54,4992.58,217.79,2.76,11.07,Completed
CAMP0438,Festive Personal Care,2026-05-23,Influencer,Brand Awareness,East,Personal Care,24064.93,21110.37,246152,6059,2.46,5751,239,99,1.64,41798.53,25976.83,-5288.67,213.24,1.98,-25.05,Completed
CAMP0439,Big Billion Fashion,2026-03-25,Affiliate,Seasonal,West,Fashion,155915.84,145631.05,1020144,22887,2.24,21750,1722,896,3.92,438349.46,251088.55,41629.86,162.53,3.01,28.59,Completed
CAMP0440,Summer Furniture,2025-11-05,Instagram,Brand Awareness,All India,Furniture,151309.15,153992.16,1497080,76847,5.13,69583,2761,1186,1.54,489695.07,288460.68,47242.23,129.84,3.18,30.68,Completed
CAMP0441,New Year Books,2026-05-01,Affiliate,Seasonal,West,Books,193318.2,198372.04,2584213,76817,2.97,71820,9013,3013,3.92,779602.12,452456.1,128773.98,65.84,3.93,64.92,Completed
CAMP0442,Weekend Electronics,2025-12-20,Instagram,Retargeting,North,Electronics,153132.36,154738.34,1425035,29245,2.05,27110,2204,721,2.47,442551.65,244371.49,43441.82,214.62,2.86,28.07,Active
CAMP0443,Big Billion Accessories,2026-07-20,Instagram,Seasonal,East,Accessories,154381.01,149622.29,1986099,85780,4.32,74109,5730,1821,2.12,341138.82,195178.81,-3662.28,82.16,2.28,-2.45,Completed
CAMP0444,Diwali Home & Kitchen,2025-11-20,Facebook,Performance,West,Home & Kitchen,130245.25,115352.19,956188,57085,5.97,51502,4319,1427,2.5,337981.92,199420.02,23209.71,80.84,2.93,20.12,Completed
CAMP0445,New Year Home & Kitchen,2026-03-26,Google Ads,Seasonal,West,Home & Kitchen,189950.27,184108.28,1240674,49108,3.96,48009,4056,1875,3.82,773254.78,491237.83,97908.67,98.19,4.2,53.18,Completed
CAMP0446,Flash Grocery,2026-05-31,Google Ads,Performance,South,Grocery,116048.8,100366.7,1389081,27193,1.96,23600,3005,1370,5.04,407488.8,246021.78,61100.32,73.26,4.06,60.88,Active
CAMP0447,Monsoon Grocery,2026-08-07,Affiliate,Seasonal,East,Grocery,214206.02,221565.73,2465045,51632,2.09,49025,3198,1692,3.28,855243.72,540578.7,93099.29,130.95,3.86,42.02,Completed
CAMP0448,Republic Day Sports,2025-12-28,Instagram,Seasonal,North,Sports,178159.43,181642.89,1217037,35114,2.89,32342,2358,756,2.15,406880.07,269611.4,-44374.22,240.27,2.24,-24.43,Completed
CAMP0449,Diwali Personal Care,2026-07-08,Affiliate,Seasonal,All India,Personal Care,145337.62,132848.19,1481119,62681,4.23,58795,3792,1745,2.78,490209.82,308612.86,48748.77,76.13,3.69,36.7,Completed
CAMP0450,Big Billion Personal Care,2026-08-23,Instagram,Seasonal,East,Personal Care,19629.45,17177.2,218521,6345,2.9,5444,471,164,2.59,39164.02,23924.61,-1937.79,104.74,2.28,-11.28,Completed
CAMP0451,Clearance Books,2026-07-24,Google Ads,Performance,All India,Books,33254.35,30598.41,310475,17067,5.5,16297,1991,710,4.17,116579.94,69284.13,16697.4,43.1,3.81,54.57,Completed
CAMP0452,Big Billion Grocery,2026-04-26,Influencer,Brand Awareness,North,Grocery,177846.16,171198.36,1239410,50820,4.1,43808,2705,863,1.7,422859.95,236477.3,15184.29,198.38,2.47,8.87,Completed
CAMP0453,Republic Day Fashion,2025-12-13,Influencer,Retargeting,South,Fashion,230419.29,197800.35,1505622,67934,4.51,65013,3182,1450,2.13,361974.64,221338.57,-57164.28,136.41,1.83,-28.9,Completed
CAMP0454,Summer Electronics,2025-11-09,Affiliate,Seasonal,South,Electronics,72644.61,71047.84,707647,20405,2.88,17856,1971,794,3.89,253640.79,150117.93,32475.02,89.48,3.57,45.71,Completed
CAMP0455,New Year Furniture,2025-10-21,Google Ads,Brand Awareness,North,Furniture,218810.49,209685.17,2568789,33517,1.3,30502,3942,1276,3.81,845031.24,512257.33,123088.74,164.33,4.03,58.7,Completed
CAMP0456,Monsoon Fashion,2025-12-07,Google Ads,Performance,North,Fashion,44249.46,43397.04,293024,11380,3.88,10281,1722,560,4.93,158399.2,90639.92,24362.24,77.49,3.65,56.14,Completed
CAMP0457,Weekend Grocery,2026-04-02,Email,Performance,South,Grocery,233939.01,217128.09,2911948,130087,4.47,126434,28247,10859,8.35,1402647.46,877031.63,308487.74,20.0,6.46,142.08,Completed
CAMP0458,Weekend Electronics,2026-05-06,Facebook,Performance,All India,Electronics,79250.48,79853.54,934954,37494,4.01,35645,1373,692,1.85,269106.43,150859.48,38393.41,115.4,3.37,48.08,Completed
CAMP0459,Summer Accessories,2025-10-08,Affiliate,Retargeting,North,Accessories,99700.04,99414.71,1009220,41857,4.15,40837,1973,1093,2.61,391693.96,244367.1,47912.15,90.96,3.94,48.19,Completed
CAMP0460,Flash Electronics,2026-05-27,Facebook,Performance,All India,Electronics,164866.03,162323.7,1922343,20803,1.08,19353,1441,619,2.98,488594.34,280059.75,46210.89,262.24,3.01,28.47,Completed
CAMP0461,Weekend Electronics,2025-10-23,Influencer,Seasonal,East,Electronics,35158.18,36066.9,288996,13578,4.7,11798,390,200,1.47,89806.58,50791.53,2948.15,180.33,2.49,8.17,Completed
CAMP0462,New Year Home & Kitchen,2026-08-19,Instagram,Retargeting,East,Home & Kitchen,17198.37,15879.05,215026,11919,5.54,10150,558,196,1.65,39856.42,26245.77,-2268.4,81.02,2.51,-14.29,Completed
CAMP0463,Festive Sports,2026-01-02,Facebook,Brand Awareness,East,Sports,130669.02,111929.67,1472739,27832,1.89,25392,1305,599,2.15,284301.36,157440.75,14930.94,186.86,2.54,13.34,Active
CAMP0464,Diwali Fashion,2026-03-28,Google Ads,Brand Awareness,North,Fashion,91491.64,83886.7,1122672,58163,5.18,54417,8279,2834,4.87,307864.19,195911.14,28066.35,29.6,3.67,33.46,Completed
CAMP0465,Monsoon Electronics,2026-01-11,Influencer,Seasonal,West,Electronics,44730.49,40192.64,469386,25641,5.46,23183,1219,484,1.89,95256.56,59985.59,-4921.67,83.04,2.37,-12.25,Completed
CAMP0466,Flash Personal Care,2026-09-10,Affiliate,Brand Awareness,North,Personal Care,70646.23,68766.49,422868,16070,3.8,14035,1173,599,3.73,273002.97,180086.47,24150.01,114.8,3.97,35.12,Completed
CAMP0467,Weekend Personal Care,2026-09-04,Affiliate,Retargeting,West,Personal Care,64014.6,58689.09,554600,28314,5.11,26720,2508,809,2.86,198369.12,109774.71,29905.32,72.55,3.38,50.96,Completed
CAMP0468,Weekend Beauty,2026-03-03,Affiliate,Seasonal,West,Beauty,181477.26,159666.23,1720442,88156,5.12,77487,5087,2443,2.77,638664.92,370322.07,108676.62,65.36,4.0,68.06,Completed
CAMP0469,Big Billion Sports,2026-09-03,Instagram,Seasonal,East,Sports,26262.53,27487.83,219188,10140,4.63,9651,441,155,1.53,62672.25,35468.62,-284.2,177.34,2.28,-1.03,Completed
CAMP0470,Big Billion Fashion,2026-06-16,WhatsApp,Performance,North,Fashion,98346.96,99005.88,642499,27313,4.25,24574,2798,1552,5.69,538591.99,308222.16,131363.95,63.79,5.44,132.68,Completed
CAMP0471,Republic Day Accessories,2025-11-26,Google Ads,Seasonal,North,Accessories,52175.2,53070.71,693275,36233,5.23,35106,4337,1979,5.46,202199.41,125211.12,23917.58,26.82,3.81,45.07,Completed
CAMP0472,Summer Home & Kitchen,2026-06-08,Instagram,Performance,East,Home & Kitchen,242929.09,222986.12,2658141,103051,3.88,97567,6290,2827,2.74,535166.69,353798.9,-41618.33,78.88,2.4,-18.66,Completed
CAMP0473,Republic Day Home & Kitchen,2025-12-31,Influencer,Brand Awareness,South,Home & Kitchen,210307.16,209779.27,1798613,63434,3.53,55031,3345,1342,2.12,436340.88,278417.62,-51856.01,156.32,2.08,-24.72,Completed
CAMP0474,Festive Grocery,2026-01-23,Google Ads,Seasonal,All India,Grocery,146613.48,132820.54,966455,47565,4.92,41475,4971,2608,5.48,564487.3,335701.3,95965.46,50.93,4.25,72.25,Completed
CAMP0475,Republic Day Grocery,2025-12-12,Affiliate,Brand Awareness,South,Grocery,138404.53,136334.4,1052336,62850,5.97,55995,4497,1880,2.99,511254.0,339229.02,35690.58,72.52,3.75,26.18,Completed
CAMP0476,Summer Electronics,2026-02-19,Instagram,Seasonal,North,Electronics,42905.64,38667.69,258077,10714,4.15,9704,824,263,2.46,113296.33,67904.8,6723.84,147.03,2.93,17.39,Completed
CAMP0477,Weekend Home & Kitchen,2026-05-04,Facebook,Performance,West,Home & Kitchen,131020.46,124569.94,1296112,57187,4.41,48627,3554,1210,2.12,403606.61,269815.39,9221.28,102.95,3.24,7.4,Active
CAMP0478,Clearance Electronics,2026-03-29,Google Ads,Performance,North,Electronics,52405.29,48253.45,618168,35050,5.67,31558,2421,1236,3.53,207007.3,133960.0,24793.85,39.04,4.29,51.38,Completed
CAMP0479,Monsoon Home & Kitchen,2026-04-14,Organic,Retargeting,North,Home & Kitchen,106705.26,99369.22,804385,22558,2.8,19310,3031,1345,5.97,1108960.5,665049.13,344542.15,73.88,11.16,346.73,Completed
CAMP0480,Republic Day Grocery,2026-08-17,Facebook,Retargeting,South,Grocery,93053.87,94910.45,1188350,12430,1.05,11018,699,283,2.28,277138.51,185050.6,-2822.54,335.37,2.92,-2.97,Completed
CAMP0481,Monsoon Electronics,2025-10-29,Facebook,Seasonal,All India,Electronics,57814.91,50392.25,600131,33543,5.59,28781,1517,752,2.24,130515.93,81834.04,-1710.36,67.01,2.59,-3.39,Completed
CAMP0482,Summer Furniture,2026-01-24,Referral,Retargeting,East,Furniture,225900.19,199347.1,2679473,71372,2.66,69471,17256,5425,7.6,1517031.43,854421.3,463263.03,36.75,7.61,232.39,Completed
CAMP0483,New Year Grocery,2026-09-12,Referral,Performance,West,Grocery,188836.32,194389.61,1424575,81276,5.71,70394,11289,5551,6.83,1191608.31,677569.92,319648.78,35.02,6.13,164.44,Completed
CAMP0484,Flash Home & Kitchen,2026-06-13,Influencer,Seasonal,All India,Home & Kitchen,66410.09,63908.48,752116,41188,5.48,38060,2268,737,1.79,130373.3,75157.76,-8692.94,86.71,2.04,-13.6,Completed
CAMP0485,New Year Electronics,2026-01-23,Instagram,Brand Awareness,South,Electronics,32512.9,28869.39,268197,7526,2.81,6486,446,181,2.42,86896.86,55512.73,2514.74,159.5,3.01,8.71,Completed
CAMP0486,Big Billion Electronics,2026-07-03,YouTube,Retargeting,East,Electronics,71249.57,66171.37,492697,17464,3.54,16277,1425,471,2.7,188588.4,113243.68,9173.35,140.49,2.85,13.86,Completed
CAMP0487,Diwali Personal Care,2026-03-13,Instagram,Performance,All India,Personal Care,148978.87,127278.73,956432,50009,5.23,45196,3320,1085,2.17,288922.72,193549.43,-31905.44,117.31,2.27,-25.07,Completed
CAMP0488,Flash Electronics,2026-06-17,Influencer,Retargeting,All India,Electronics,147227.52,141488.33,1572295,18052,1.15,15610,629,312,1.73,278732.01,175521.18,-38277.5,453.49,1.97,-27.05,Completed
CAMP0489,Clearance Personal Care,2025-12-30,Organic,Brand Awareness,All India,Personal Care,35054.29,31822.38,210440,9092,4.32,8210,1440,465,5.11,320451.37,213221.81,75407.18,68.44,10.07,236.96,Completed
CAMP0490,Festive Sports,2026-03-15,Google Ads,Performance,East,Sports,103546.33,99176.61,715549,31296,4.37,27608,3851,1710,5.46,387780.55,237652.37,50951.57,58.0,3.91,51.37,Completed
CAMP0491,Diwali Fashion,2026-06-07,Google Ads,Performance,East,Fashion,47118.19,42900.79,442279,17460,3.95,15829,2231,798,4.57,158732.92,93137.27,22694.86,53.76,3.7,52.9,Completed
CAMP0492,Flash Electronics,2025-10-23,Google Ads,Retargeting,West,Electronics,178443.2,154615.71,1070770,52596,4.91,51294,6653,2115,4.02,647839.82,416686.37,76537.74,73.1,4.19,49.5,Completed
CAMP0493,Festive Home & Kitchen,2026-01-03,Affiliate,Brand Awareness,All India,Home & Kitchen,56672.77,53844.3,664661,32391,4.87,31325,2698,1246,3.85,200300.8,127125.75,19330.75,43.21,3.72,35.9,Completed
CAMP0494,Monsoon Home & Kitchen,2026-04-17,Google Ads,Seasonal,North,Home & Kitchen,58116.48,57997.84,544405,16182,2.97,15777,1584,577,3.57,237211.17,138211.46,41001.87,100.52,4.09,70.7,Completed
CAMP0495,Clearance Accessories,2026-08-03,Facebook,Performance,East,Accessories,237216.66,209381.08,2904213,91109,3.14,84950,6105,2709,2.97,594642.27,349514.15,35747.04,77.29,2.84,17.07,Completed
CAMP0496,Weekend Fashion,2026-06-16,Facebook,Seasonal,North,Fashion,166935.93,142449.94,1957411,94790,4.84,89413,6866,2776,2.93,380341.34,234716.93,3174.47,51.31,2.67,2.23,Completed
CAMP0497,Summer Beauty,2025-11-21,Google Ads,Brand Awareness,West,Beauty,215732.93,197358.14,1990129,81593,4.1,69909,9451,3816,4.68,850613.58,556556.04,96699.4,51.72,4.31,49.0,Completed
CAMP0498,Festive Accessories,2025-10-09,Email,Retargeting,South,Accessories,238803.75,242444.57,2884754,103216,3.58,90728,20416,8021,7.77,1524976.35,878934.03,403597.75,30.23,6.29,166.47,Active
CAMP0499,Republic Day Fashion,2026-07-15,Facebook,Performance,West,Fashion,72516.75,63150.81,614840,27239,4.43,23800,1199,554,2.03,174927.74,101809.0,9967.93,113.99,2.77,15.78,Completed
CAMP0500,Weekend Fashion,2026-01-10,WhatsApp,Brand Awareness,West,Fashion,19291.83,16735.73,198065,6064,3.06,5162,816,368,6.08,104263.6,61958.41,25569.46,45.48,6.23,152.78,Active
CAMP0501,New Year Grocery,2025-12-08,Google Ads,Seasonal,West,Grocery,106640.35,100543.27,1248272,73836,5.92,63911,7933,3133,4.24,411221.97,277463.53,33215.17,32.09,4.09,33.04,Completed
CAMP0502,Summer Home & Kitchen,2026-04-25,Referral,Seasonal,North,Home & Kitchen,36340.44,35620.42,219738,6871,3.13,6067,1345,427,6.23,242575.06,161630.66,45323.98,83.42,6.81,127.24,Completed
CAMP0503,Big Billion Home & Kitchen,2026-01-20,Instagram,Retargeting,East,Home & Kitchen,207826.0,195414.43,2722571,114351,4.2,97293,6036,1947,1.7,564747.7,318414.8,50918.47,100.37,2.89,26.06,Completed
CAMP0504,Monsoon Personal Care,2026-02-21,Influencer,Brand Awareness,All India,Personal Care,68379.92,69189.95,752743,12181,1.62,11091,479,154,1.27,155677.39,100985.46,-14498.02,449.29,2.25,-20.95,Completed
CAMP0505,Monsoon Accessories,2026-07-21,Google Ads,Retargeting,All India,Accessories,105258.94,106779.04,1036514,17700,1.71,16336,1692,716,4.05,413234.88,263205.56,43250.28,149.13,3.87,40.5,Completed
CAMP0506,Diwali Sports,2025-10-28,Affiliate,Brand Awareness,All India,Sports,88796.14,81859.86,983671,55148,5.61,48968,3574,1646,2.99,257039.96,153975.33,21204.77,49.73,3.14,25.9,Completed
CAMP0507,New Year Home & Kitchen,2026-09-05,Affiliate,Seasonal,West,Home & Kitchen,141296.82,139630.37,896484,34129,3.81,30070,2856,983,2.88,439835.67,260727.12,39478.18,142.05,3.15,28.27,Completed
CAMP0508,Clearance Fashion,2026-02-26,Instagram,Performance,South,Fashion,166075.24,142761.2,939435,40177,4.28,39365,3500,1100,2.74,364041.06,211666.33,9613.53,129.78,2.55,6.73,Completed
CAMP0509,Republic Day Home & Kitchen,2026-03-28,Influencer,Retargeting,North,Home & Kitchen,91569.3,82904.16,879975,25025,2.84,23264,806,358,1.43,172440.65,108257.77,-18721.28,231.58,2.08,-22.58,Completed
CAMP0510,Clearance Fashion,2025-11-13,Referral,Brand Awareness,All India,Fashion,196948.55,205434.45,2039268,77477,3.8,75491,9467,4767,6.15,1567464.85,994643.22,367387.18,43.1,7.63,178.83,Completed
CAMP0511,New Year Personal Care,2026-05-15,Facebook,Brand Awareness,South,Personal Care,238358.0,226256.67,1879433,92046,4.9,86450,7737,2589,2.81,714971.08,482227.61,6486.8,87.39,3.16,2.87,Completed
CAMP0512,Republic Day Grocery,2026-09-17,Instagram,Brand Awareness,East,Grocery,104411.25,102960.36,674690,23559,3.49,20542,1392,590,2.51,262548.92,155834.85,3753.71,174.51,2.55,3.65,Completed
CAMP0513,Summer Electronics,2026-07-13,YouTube,Seasonal,All India,Electronics,131911.58,133159.87,860584,28137,3.27,24724,1636,567,2.02,383500.43,216188.9,34151.66,234.85,2.88,25.65,Completed
CAMP0514,Festive Accessories,2026-06-09,Influencer,Performance,North,Accessories,197581.28,193156.36,2366946,29533,1.25,26843,1588,520,1.76,461643.7,279370.3,-10882.96,371.45,2.39,-5.63,Completed
CAMP0515,Diwali Fashion,2025-12-29,Google Ads,Seasonal,South,Fashion,114835.83,107742.35,1192994,24846,2.08,22020,3023,1035,4.17,478376.03,288871.71,81761.97,104.1,4.44,75.89,Completed
CAMP0516,Flash Electronics,2026-03-09,Organic,Seasonal,East,Electronics,36984.48,34392.53,315031,5452,1.73,4988,597,306,5.61,288553.33,175433.32,78727.48,112.39,8.39,228.91,Completed
CAMP0517,Clearance Electronics,2026-08-17,Influencer,Performance,West,Electronics,146881.09,136159.23,1818732,56281,3.09,53775,2270,1021,1.81,300911.9,170232.54,-5479.87,133.36,2.21,-4.02,Completed
CAMP0518,Diwali Electronics,2025-11-01,Facebook,Performance,All India,Electronics,103318.01,96668.24,663074,19839,2.99,19279,1206,564,2.84,267771.02,147606.72,23496.06,171.4,2.77,24.31,Completed
CAMP0519,Monsoon Fashion,2025-10-31,Organic,Performance,North,Fashion,96103.12,94855.87,790873,10890,1.38,9917,1500,594,5.46,882159.59,555492.14,231811.58,159.69,9.3,244.38,Completed
CAMP0520,Diwali Grocery,2026-02-08,Instagram,Performance,All India,Grocery,145133.24,140416.88,1262137,17835,1.41,17303,1007,366,2.06,377721.41,238234.49,-929.96,383.65,2.69,-0.66,Completed
CAMP0521,Clearance Accessories,2026-08-25,Google Ads,Brand Awareness,South,Accessories,229414.73,205273.32,2691028,119545,4.44,107392,10822,4489,3.76,734878.49,457128.15,72477.02,45.73,3.58,35.31,Completed
CAMP0522,Clearance Accessories,2025-11-09,Google Ads,Brand Awareness,All India,Accessories,122660.02,115024.87,1170193,61213,5.23,58978,8058,3098,5.06,473902.46,287167.47,71710.12,37.13,4.12,62.34,Completed
CAMP0523,Big Billion Personal Care,2026-02-14,Facebook,Brand Awareness,East,Personal Care,63150.4,59679.45,699048,34179,4.89,29858,1578,716,2.1,198732.57,112638.77,26414.35,83.35,3.33,44.26,Active
CAMP0524,Weekend Personal Care,2026-03-15,Influencer,Performance,East,Personal Care,248780.96,250445.02,3026222,174505,5.77,151255,7679,2601,1.49,485863.34,270093.03,-34674.71,96.29,1.94,-13.85,Completed
CAMP0525,Summer Beauty,2026-07-21,Facebook,Retargeting,West,Beauty,117908.05,111897.15,727332,23398,3.22,22722,1249,590,2.53,301003.33,180790.2,8315.98,189.66,2.69,7.43,Active
CAMP0526,Republic Day Sports,2026-01-09,YouTube,Seasonal,All India,Sports,94012.82,80735.72,655971,24871,3.79,23643,1643,620,2.5,262391.09,155332.7,26322.67,130.22,3.25,32.6,Completed
CAMP0527,Festive Sports,2026-03-08,YouTube,Performance,All India,Sports,159663.82,141436.75,1681250,49843,2.96,43518,3915,1440,2.89,398851.63,227610.89,29803.99,98.22,2.82,21.07,Completed
CAMP0528,Festive Electronics,2026-06-21,YouTube,Performance,All India,Electronics,123445.91,117467.74,1557695,53345,3.42,46882,2842,1485,2.79,361800.64,236555.51,7777.39,79.1,3.08,6.62,Completed
CAMP0529,Republic Day Sports,2026-06-19,WhatsApp,Brand Awareness,All India,Sports,54515.34,52281.28,424038,24311,5.73,23770,3043,1636,6.73,262452.03,160626.53,49544.22,31.96,5.02,94.76,Completed
CAMP0530,Flash Accessories,2026-04-11,YouTube,Seasonal,South,Accessories,138235.63,141724.33,998381,44893,4.5,41339,2966,1253,2.79,470524.78,292436.8,36363.65,113.11,3.32,25.66,Completed
CAMP0531,Weekend Home & Kitchen,2026-07-25,Google Ads,Performance,East,Home & Kitchen,39584.63,36708.0,370732,13133,3.54,11721,1307,571,4.35,138389.16,86546.93,15134.23,64.29,3.77,41.23,Completed
CAMP0532,Clearance Beauty,2026-08-12,Google Ads,Performance,East,Beauty,221727.08,232535.16,1560437,32321,2.07,30183,3185,1603,4.96,960370.21,578949.62,148885.43,145.06,4.13,64.03,Active
CAMP0533,Festive Accessories,2025-12-20,Instagram,Seasonal,All India,Accessories,215982.06,186748.55,1254934,38718,3.09,33385,1813,584,1.51,558378.16,355939.37,15690.24,319.77,2.99,8.4,Completed
CAMP0534,Weekend Books,2026-05-06,Influencer,Retargeting,All India,Books,73762.89,73402.44,801887,42044,5.24,39911,1865,623,1.48,164421.47,99276.38,-8257.35,117.82,2.24,-11.25,Completed
CAMP0535,Flash Personal Care,2026-05-06,Facebook,Seasonal,West,Personal Care,54707.86,46898.57,348602,15398,4.42,14523,1007,422,2.75,158048.18,96055.24,15094.37,111.13,3.37,32.19,Active
CAMP0536,Festive Grocery,2026-05-26,Facebook,Seasonal,West,Grocery,230757.37,214934.08,1566454,22700,1.45,21547,1131,553,2.44,599666.08,378970.43,5761.57,388.67,2.79,2.68,Completed
CAMP0537,Flash Electronics,2026-05-25,Facebook,Performance,All India,Electronics,156908.93,154598.21,1398427,68940,4.93,64760,3660,1822,2.64,452972.76,283122.69,15251.86,84.85,2.93,9.87,Completed
CAMP0538,Republic Day Home & Kitchen,2026-01-07,Influencer,Seasonal,East,Home & Kitchen,193263.27,168953.87,1216275,37298,3.07,31759,1183,498,1.34,391972.98,240815.65,-17796.54,339.26,2.32,-10.53,Completed
CAMP0539,Festive Grocery,2026-02-20,Instagram,Retargeting,South,Grocery,69629.35,66486.96,791510,39334,4.97,36737,2620,855,2.18,150925.4,84954.77,-516.33,77.76,2.27,-0.78,Completed
CAMP0540,New Year Beauty,2026-07-15,Influencer,Seasonal,South,Beauty,158287.64,134691.2,1295781,24150,1.86,21368,1362,445,1.85,249178.72,163261.1,-48773.58,302.68,1.85,-36.21,Completed
CAMP0541,New Year Electronics,2026-02-03,Affiliate,Retargeting,East,Electronics,216432.74,219251.67,1735232,21739,1.25,19055,2389,770,3.54,673102.63,398555.78,55295.18,284.74,3.07,25.22,Completed
CAMP0542,Monsoon Electronics,2026-04-03,Instagram,Performance,East,Electronics,89499.61,85763.16,963883,44648,4.63,38593,3305,1153,2.58,212692.64,120803.48,6126.0,74.38,2.48,7.14,Completed
CAMP0543,Republic Day Electronics,2026-02-05,Referral,Performance,South,Electronics,216628.37,211316.28,2277789,89361,3.92,80801,11168,5563,6.23,1409479.59,869034.63,329128.68,37.99,6.67,155.75,Completed
CAMP0544,New Year Books,2026-09-14,Influencer,Brand Awareness,All India,Books,31835.1,29185.21,254359,9094,3.58,8480,449,173,1.91,59245.98,39047.68,-8986.91,168.7,2.03,-30.79,Completed
CAMP0545,Monsoon Home & Kitchen,2025-10-08,Affiliate,Brand Awareness,All India,Home & Kitchen,58149.01,57045.71,756040,24027,3.18,20491,2353,933,3.89,185969.01,108620.87,20302.43,61.14,3.26,35.59,Completed
CAMP0546,Weekend Fashion,2026-06-13,WhatsApp,Brand Awareness,West,Fashion,88202.38,75383.6,777771,45533,5.85,40397,5858,2384,5.24,471147.5,275600.73,120163.17,31.62,6.25,159.4,Completed
CAMP0547,Diwali Home & Kitchen,2026-06-13,Google Ads,Seasonal,All India,Home & Kitchen,105356.32,97552.24,741666,41372,5.58,40413,4879,2104,5.09,346310.45,195670.65,53087.56,46.37,3.55,54.42,Completed
CAMP0548,Clearance Sports,2026-09-10,WhatsApp,Performance,All India,Sports,229100.06,239688.37,3014315,66077,2.19,61290,13614,4611,6.98,1380605.01,816430.27,324486.37,51.98,5.76,135.38,Completed
CAMP0549,Summer Grocery,2026-08-29,Facebook,Retargeting,South,Grocery,201831.16,192960.61,1982380,114686,5.79,102191,6219,2733,2.38,484331.13,274085.72,17284.8,70.6,2.51,8.96,Completed
CAMP0550,Clearance Sports,2026-02-28,Influencer,Performance,South,Sports,72166.14,62274.36,538606,8782,1.63,8536,489,185,2.12,151949.44,96949.44,-7274.36,336.62,2.44,-11.68,Completed
CAMP0551,Diwali Fashion,2026-05-21,Email,Retargeting,East,Fashion,165354.69,154778.39,2010576,64144,3.19,59728,14354,4611,7.19,953434.88,595651.6,203004.89,33.57,6.16,131.16,Completed
CAMP0552,Festive Home & Kitchen,2025-11-27,Email,Brand Awareness,East,Home & Kitchen,228787.23,225435.27,2109333,85101,4.03,76118,15579,5504,6.47,1429259.61,844485.85,359338.49,40.96,6.34,159.4,Completed
CAMP0553,Weekend Grocery,2026-07-27,Instagram,Brand Awareness,All India,Grocery,205298.95,196712.65,1556006,38652,2.48,36687,2601,814,2.11,470143.23,304719.0,-31288.42,241.66,2.39,-15.91,Completed
CAMP0554,Clearance Beauty,2025-10-25,Instagram,Retargeting,East,Beauty,139830.36,145883.81,1251979,23598,1.88,20269,1834,623,2.64,407015.83,232536.49,28595.53,234.16,2.79,19.6,Completed
CAMP0555,Festive Grocery,2026-04-19,Google Ads,Brand Awareness,South,Grocery,51622.54,51295.65,368225,16227,4.41,15485,1880,609,3.76,208260.34,140701.5,16263.19,84.23,4.06,31.7,Completed
CAMP0556,New Year Grocery,2025-12-23,Instagram,Seasonal,All India,Grocery,72481.58,64179.49,630993,10434,1.65,9933,711,275,2.64,187404.11,104290.15,18934.47,233.38,2.92,29.5,Completed
CAMP0557,Flash Electronics,2025-11-21,Google Ads,Seasonal,South,Electronics,160984.79,152210.14,1649498,23832,1.44,22746,2936,1145,4.8,587531.14,336481.56,98839.44,132.93,3.86,64.94,Completed
CAMP0558,Summer Electronics,2026-08-14,Facebook,Seasonal,North,Electronics,137795.22,124167.76,1517772,25175,1.66,23021,1214,609,2.42,422170.38,277369.15,20633.47,203.89,3.4,16.62,Completed
CAMP0559,Clearance Electronics,2026-03-20,Google Ads,Brand Awareness,North,Electronics,175953.04,174777.01,1959108,61955,3.16,58875,8354,3265,5.27,611719.54,354209.26,82733.27,53.53,3.5,47.34,Completed
CAMP0560,New Year Home & Kitchen,2025-11-10,Influencer,Performance,North,Home & Kitchen,226248.33,220755.97,2062500,25565,1.24,22895,1171,459,1.8,532021.89,348201.01,-36935.09,480.95,2.41,-16.73,Completed
CAMP0561,Clearance Fashion,2026-07-12,Google Ads,Seasonal,North,Fashion,164470.96,169589.88,1954527,96154,4.92,92629,9890,4683,4.87,722452.89,408352.3,144510.71,36.21,4.26,85.21,Completed
CAMP0562,Weekend Electronics,2026-03-09,Google Ads,Performance,North,Electronics,130531.32,118789.69,1248107,54775,4.39,51542,6914,2165,3.95,506044.08,289756.92,97497.47,54.87,4.26,82.08,Completed
CAMP0563,Summer Home & Kitchen,2026-03-01,Organic,Seasonal,North,Home & Kitchen,17228.92,16263.13,166964,9787,5.86,9217,1361,535,5.47,163444.46,110974.01,36207.32,30.4,10.05,222.63,Completed
CAMP0564,Weekend Personal Care,2026-02-20,YouTube,Retargeting,West,Personal Care,86253.39,75623.24,644293,21378,3.32,20846,1417,515,2.41,255606.55,165249.12,14734.19,146.84,3.38,19.48,Completed
CAMP0565,Republic Day Electronics,2026-01-02,Instagram,Brand Awareness,West,Electronics,195484.42,166795.31,1349568,80238,5.95,68912,4619,1883,2.35,530409.09,360184.35,3429.43,88.58,3.18,2.06,Completed
CAMP0566,Weekend Beauty,2025-11-08,YouTube,Retargeting,West,Beauty,224867.46,217761.3,2194039,67131,3.06,62481,4672,2061,3.07,694658.55,422165.05,54732.2,105.66,3.19,25.13,Completed
CAMP0567,Weekend Fashion,2026-04-29,Influencer,Brand Awareness,North,Fashion,88228.3,86163.0,552985,30031,5.43,28652,1368,485,1.62,187835.34,108161.67,-6489.33,177.66,2.18,-7.53,Completed
CAMP0568,New Year Beauty,2026-01-28,Google Ads,Seasonal,South,Beauty,237796.98,210962.66,1697848,101277,5.97,93320,14839,5352,5.29,831192.88,500820.35,119409.87,39.42,3.94,56.6,Completed
CAMP0569,Diwali Beauty,2025-10-10,Influencer,Seasonal,All India,Beauty,112387.89,110714.55,956978,17741,1.85,15152,948,338,1.91,222536.25,127898.9,-16077.2,327.56,2.01,-14.52,Completed
CAMP0570,Flash Fashion,2025-12-31,YouTube,Performance,West,Fashion,42612.49,39497.43,269316,9203,3.42,7978,529,203,2.21,130341.52,71781.33,19062.76,194.57,3.3,48.26,Completed
CAMP0571,Republic Day Electronics,2026-04-06,Google Ads,Seasonal,All India,Electronics,33319.68,33244.01,380716,4753,1.25,4633,578,255,5.38,120675.76,68165.47,19266.28,130.37,3.63,57.95,Completed
CAMP0572,Weekend Books,2026-08-30,Instagram,Seasonal,North,Books,122903.28,104701.51,1403295,55622,3.96,53233,3927,1333,2.4,238719.44,149108.7,-15090.77,78.55,2.28,-14.41,Completed
CAMP0573,Summer Home & Kitchen,2026-08-17,Affiliate,Brand Awareness,East,Home & Kitchen,35120.8,31414.86,287964,15644,5.43,14887,1879,590,3.78,101784.15,62171.38,8197.91,53.25,3.24,26.1,Completed
CAMP0574,Big Billion Books,2025-12-16,Instagram,Retargeting,West,Books,174550.29,178046.65,1768619,61152,3.46,57881,2914,1400,2.29,562627.41,316178.01,68402.75,127.18,3.16,38.42,Completed
CAMP0575,Summer Fashion,2026-07-26,Email,Retargeting,East,Fashion,99315.98,98351.32,1359667,77008,5.66,69827,16360,6211,8.07,683541.67,399540.45,185649.9,15.84,6.95,188.76,Completed
CAMP0576,Big Billion Grocery,2026-09-08,Instagram,Brand Awareness,North,Grocery,177831.9,151523.41,1371300,52651,3.84,51543,3625,1406,2.67,475783.51,267820.69,56439.41,107.77,3.14,37.25,Completed
CAMP0577,Diwali Accessories,2026-02-19,Referral,Seasonal,North,Accessories,109130.28,109151.53,1412616,17920,1.27,15390,3990,1398,7.81,670190.39,443678.56,117360.3,78.08,6.14,107.52,Completed
CAMP0578,Weekend Electronics,2026-02-09,YouTube,Retargeting,All India,Electronics,117006.53,121280.1,1496176,73744,4.93,68141,6733,2150,2.92,420841.95,255550.99,44010.86,56.41,3.47,36.29,Completed
CAMP0579,Summer Electronics,2026-05-22,Google Ads,Performance,South,Electronics,249555.26,255594.52,1536067,72032,4.69,64296,12084,3814,5.3,996818.63,602829.06,138395.05,67.01,3.9,54.15,Completed
CAMP0580,Monsoon Grocery,2025-11-23,Google Ads,Seasonal,All India,Grocery,37699.73,36090.67,390580,11070,2.83,9977,1571,521,4.71,160603.48,100724.13,23788.68,69.27,4.45,65.91,Completed
CAMP0581,New Year Furniture,2026-01-29,Influencer,Retargeting,West,Furniture,215629.25,214066.49,1613208,28629,1.77,25321,1299,606,2.12,413148.33,255560.76,-56478.92,353.25,1.93,-26.38,Completed
CAMP0582,Summer Sports,2026-07-15,Influencer,Brand Awareness,North,Sports,173897.95,156892.56,1060324,27049,2.55,25145,1002,460,1.7,305940.49,201738.64,-52690.71,341.07,1.95,-33.58,Completed
CAMP0583,Summer Electronics,2026-08-07,Influencer,Seasonal,West,Electronics,80789.73,77721.54,739801,12649,1.71,10767,556,270,2.14,161660.8,106912.75,-22973.49,287.86,2.08,-29.56,Completed
CAMP0584,Republic Day Grocery,2025-12-17,Organic,Seasonal,South,Grocery,151272.76,149609.39,1305684,74459,5.7,64267,9343,3018,4.05,1762398.61,1081714.85,531074.37,49.57,11.78,354.97,Completed
CAMP0585,New Year Furniture,2025-12-08,Google Ads,Seasonal,All India,Furniture,227096.4,231794.31,2989130,85457,2.86,73408,10944,4410,5.16,866910.72,480835.25,154281.16,52.56,3.74,66.56,Completed
CAMP0586,Monsoon Electronics,2026-08-08,Instagram,Retargeting,North,Electronics,32902.27,28757.63,191352,11242,5.88,9949,472,174,1.55,86848.04,54633.19,3457.22,165.27,3.02,12.02,Active
CAMP0587,Diwali Electronics,2026-01-17,Referral,Performance,North,Electronics,94361.43,89115.04,1120212,49384,4.41,45177,8821,2786,5.64,688859.26,396048.91,203695.31,31.99,7.73,228.58,Completed
CAMP0588,New Year Sports,2025-11-27,Facebook,Brand Awareness,South,Sports,209672.71,186562.35,1795161,34176,1.9,32938,1795,621,1.82,544762.06,310920.37,47279.34,300.42,2.92,25.34,Completed
CAMP0589,Summer Electronics,2026-04-05,YouTube,Seasonal,All India,Electronics,99451.31,97699.96,833728,26357,3.16,25014,2063,696,2.64,307754.87,178588.68,31466.23,140.37,3.15,32.21,Completed
CAMP0590,Summer Home & Kitchen,2026-04-23,Facebook,Seasonal,North,Home & Kitchen,95075.75,96060.42,786912,9738,1.24,8319,732,241,2.48,298747.91,174286.51,28400.98,398.59,3.11,29.57,Completed
CAMP0591,Festive Books,2025-11-18,Google Ads,Brand Awareness,All India,Books,188715.95,194969.39,2533750,34146,1.35,31677,3118,1250,3.66,738933.99,500186.27,43778.33,155.98,3.79,22.45,Completed
CAMP0592,Clearance Fashion,2026-03-17,WhatsApp,Performance,South,Fashion,176519.6,156443.31,1294012,52085,4.03,50576,10682,3847,7.39,880775.84,563555.72,160776.81,40.67,5.63,102.77,Completed
CAMP0593,Flash Beauty,2025-11-12,Instagram,Brand Awareness,South,Beauty,156019.46,160532.32,1781197,18483,1.04,17456,1135,444,2.4,484807.61,279393.59,44881.7,361.56,3.02,27.96,Completed
CAMP0594,Festive Sports,2026-07-06,Instagram,Brand Awareness,South,Sports,204782.71,198790.35,2774103,37348,1.35,32712,2147,678,1.82,610286.37,346219.16,65276.86,293.2,3.07,32.84,Completed
CAMP0595,Diwali Grocery,2026-08-21,Influencer,Retargeting,West,Grocery,27360.34,26717.74,231096,5287,2.29,5040,215,91,1.72,64389.75,39148.79,-1476.78,293.6,2.41,-5.53,Completed
CAMP0596,Big Billion Grocery,2025-11-23,Influencer,Seasonal,North,Grocery,119858.36,114777.67,1112498,26384,2.37,25674,809,365,1.39,270875.3,160978.56,-4880.93,314.46,2.36,-4.25,Active
CAMP0597,New Year Sports,2026-05-08,Influencer,Brand Awareness,North,Sports,247245.51,250958.96,2673161,99183,3.71,85878,2896,1516,1.53,544580.94,368813.38,-75191.4,165.54,2.17,-29.96,Completed
CAMP0598,New Year Home & Kitchen,2025-11-09,Email,Brand Awareness,All India,Home & Kitchen,111573.82,109150.87,961456,9789,1.02,9344,2194,703,7.19,645081.64,432084.67,103846.1,155.26,5.91,95.14,Completed
CAMP0599,Weekend Home & Kitchen,2025-11-19,Instagram,Brand Awareness,East,Home & Kitchen,110580.1,94096.54,1200578,29220,2.43,27007,1529,725,2.48,268175.14,174160.77,-82.17,129.79,2.85,-0.09,Completed
CAMP0600,New Year Home & Kitchen,2026-01-17,Instagram,Seasonal,All India,Home & Kitchen,190758.92,177595.48,2458278,54058,2.2,51217,3448,1357,2.51,452868.47,275320.84,-47.85,130.87,2.55,-0.03,Completed
CAMP0601,Festive Grocery,2026-09-03,Organic,Brand Awareness,West,Grocery,139632.16,139954.44,1243558,19103,1.54,16880,2548,957,5.01,1410740.76,918727.02,352059.3,146.24,10.08,251.55,Completed
CAMP0602,Monsoon Fashion,2025-12-11,Google Ads,Retargeting,South,Fashion,116228.49,101580.35,707114,29711,4.2,26856,3974,1563,5.26,415463.63,254283.97,59599.31,64.99,4.09,58.67,Completed
CAMP0603,Republic Day Electronics,2026-07-12,Google Ads,Seasonal,East,Electronics,153447.74,134638.19,1406488,68592,4.88,62141,6848,2408,3.51,542591.91,315023.37,92930.35,55.91,4.03,69.02,Completed
CAMP0604,Summer Electronics,2026-02-06,Facebook,Retargeting,North,Electronics,199116.01,183685.52,1539138,57343,3.73,54973,3708,1283,2.24,510645.75,311191.2,15769.03,143.17,2.78,8.58,Completed
CAMP0605,New Year Personal Care,2026-06-06,Instagram,Retargeting,South,Personal Care,49633.51,49675.52,423952,6772,1.6,5999,284,111,1.65,154490.87,91055.27,13760.08,447.53,3.11,27.7,Completed
CAMP0606,Festive Electronics,2026-02-10,Facebook,Retargeting,All India,Electronics,127483.92,112354.86,918335,54486,5.93,51865,2819,1345,2.47,333693.93,205678.52,15660.55,83.54,2.97,13.94,Completed
CAMP0607,Big Billion Beauty,2026-01-18,Influencer,Retargeting,East,Beauty,20069.28,20512.73,136138,7600,5.58,6985,197,102,1.34,44307.5,26092.96,-2298.19,201.11,2.16,-11.2,Completed
CAMP0608,Diwali Beauty,2026-03-03,Google Ads,Seasonal,West,Beauty,143082.87,134768.0,833580,44323,5.32,43324,4891,1635,3.69,547158.08,318377.68,94012.4,82.43,4.06,69.76,Completed
CAMP0609,Monsoon Sports,2026-01-20,Influencer,Brand Awareness,South,Sports,172881.26,153916.51,1826336,94285,5.16,86322,6528,2063,2.19,295519.7,194662.41,-53059.22,74.61,1.92,-34.47,Completed
CAMP0610,New Year Fashion,2026-02-15,Influencer,Brand Awareness,West,Fashion,100730.88,91033.47,672490,21594,3.21,19281,1154,472,2.19,180246.27,107034.85,-17822.05,192.87,1.98,-19.58,Completed
CAMP0611,Flash Electronics,2026-07-28,Instagram,Retargeting,West,Electronics,239668.12,228154.57,2706736,96534,3.57,88756,6716,2414,2.5,657085.16,406974.36,21956.23,94.51,2.88,9.62,Completed
CAMP0612,Festive Grocery,2026-08-06,YouTube,Seasonal,All India,Grocery,64784.23,66394.83,462472,17556,3.8,16744,907,456,2.6,222422.68,139850.63,16177.22,145.6,3.35,24.37,Completed
CAMP0613,Summer Home & Kitchen,2026-07-06,Instagram,Retargeting,West,Home & Kitchen,160988.04,154952.51,2077935,57003,2.74,54346,1963,991,1.74,446263.23,277327.08,13983.64,156.36,2.88,9.02,Completed
CAMP0614,Monsoon Personal Care,2026-05-05,Influencer,Retargeting,North,Personal Care,71367.63,67740.78,585125,18340,3.13,17331,663,330,1.8,137513.78,87010.99,-17237.99,205.28,2.03,-25.45,Completed
CAMP0615,Monsoon Electronics,2026-05-08,Affiliate,Brand Awareness,North,Electronics,188159.32,184039.0,1590318,55600,3.5,48605,4950,2127,3.83,706709.76,422149.72,100521.04,86.53,3.84,54.62,Completed
CAMP0616,Festive Grocery,2026-05-18,Google Ads,Performance,South,Grocery,90017.37,92709.35,1048239,21424,2.04,18317,2522,1071,5.0,408848.23,261528.81,54610.07,86.56,4.41,58.9,Completed
CAMP0617,Monsoon Home & Kitchen,2026-06-01,Instagram,Retargeting,West,Home & Kitchen,233859.05,235007.37,1576587,33947,2.15,28916,1949,729,2.15,672121.08,430519.29,6594.42,322.37,2.86,2.81,Completed
CAMP0618,Summer Furniture,2026-05-08,Facebook,Retargeting,All India,Furniture,121309.14,123869.93,1503615,61073,4.06,57421,2924,1133,1.86,386474.18,228206.54,34397.71,109.33,3.12,27.77,Completed
CAMP0619,Republic Day Accessories,2026-09-16,Google Ads,Performance,All India,Accessories,113215.25,116486.46,795845,27239,3.42,24758,2444,1065,3.91,500891.78,286375.86,98029.46,109.38,4.3,84.16,Completed
CAMP0620,New Year Home & Kitchen,2025-10-27,Instagram,Performance,East,Home & Kitchen,110523.85,105397.2,1234752,34394,2.79,29578,1749,680,1.98,276140.66,181037.15,-10293.69,155.0,2.62,-9.77,Completed
CAMP0621,New Year Sports,2026-08-25,Facebook,Performance,North,Sports,243137.34,215020.23,1749510,51777,2.96,50555,2797,1037,2.0,539700.78,337424.32,-12743.77,207.35,2.51,-5.93,Completed
CAMP0622,Diwali Accessories,2025-12-27,WhatsApp,Brand Awareness,All India,Accessories,27055.52,26124.39,234975,9181,3.91,8598,1446,528,5.76,151782.71,101707.77,23950.55,49.48,5.81,91.68,Completed
CAMP0623,Big Billion Electronics,2026-07-31,Instagram,Brand Awareness,North,Electronics,26170.65,23762.39,211819,2703,1.28,2306,159,58,2.18,52277.26,28969.54,-454.67,409.7,2.2,-1.91,Completed
CAMP0624,Clearance Grocery,2026-06-09,Google Ads,Performance,West,Grocery,74363.19,64416.8,592359,7432,1.25,6794,954,371,5.0,273771.4,178493.37,30861.23,173.63,4.25,47.91,Completed
CAMP0625,Monsoon Home & Kitchen,2026-07-25,Instagram,Performance,South,Home & Kitchen,80865.71,71576.93,460404,16977,3.69,14770,776,309,1.82,202562.71,131741.38,-755.6,231.64,2.83,-1.06,Completed
CAMP0626,Monsoon Electronics,2026-09-10,Google Ads,Brand Awareness,North,Electronics,138676.87,125282.66,1745528,31152,1.78,30407,2860,1363,4.38,539968.26,314042.9,100642.7,91.92,4.31,80.33,Completed
CAMP0627,Flash Personal Care,2025-12-09,Facebook,Seasonal,All India,Personal Care,25047.47,26043.05,200613,4934,2.46,4615,362,146,2.96,75264.41,41870.6,7350.76,178.38,2.89,28.23,Completed
CAMP0628,Republic Day Books,2026-06-27,Email,Retargeting,All India,Books,194078.49,168487.2,1487347,80719,5.43,75025,13446,5415,6.71,1133918.86,628970.0,336461.66,31.11,6.73,199.7,Completed
CAMP0629,Weekend Personal Care,2025-12-26,Affiliate,Performance,West,Personal Care,46894.01,40001.27,430573,9873,2.29,8995,929,351,3.56,147604.69,98969.04,8634.38,113.96,3.69,21.59,Completed
CAMP0630,Diwali Fashion,2026-07-10,Instagram,Seasonal,South,Fashion,131351.32,123155.41,1383947,64598,4.67,55181,2711,1113,1.72,283257.44,165834.59,-5732.56,110.65,2.3,-4.65,Completed
CAMP0631,New Year Electronics,2026-06-04,Facebook,Performance,North,Electronics,50591.23,43290.85,451818,15050,3.33,13709,898,326,2.17,112556.21,65647.24,3618.12,132.79,2.6,8.36,Completed
CAMP0632,New Year Electronics,2026-04-13,Facebook,Retargeting,West,Electronics,172478.83,155791.62,1430977,22877,1.6,21947,1162,481,2.1,479838.19,273875.51,50171.06,323.89,3.08,32.2,Completed
CAMP0633,New Year Electronics,2026-06-19,Google Ads,Retargeting,East,Electronics,236116.46,240434.26,2962786,78453,2.65,71706,11387,3628,4.63,899224.13,605303.99,53485.88,66.27,3.74,22.25,Completed
CAMP0634,New Year Personal Care,2025-10-26,Affiliate,Retargeting,South,Personal Care,112217.51,101362.82,1222316,62517,5.11,54536,4724,1898,3.04,351728.99,226619.81,23746.36,53.41,3.47,23.43,Active
CAMP0635,Monsoon Electronics,2026-01-04,Google Ads,Seasonal,West,Electronics,139851.32,139340.0,1226838,49047,4.0,46886,4173,1829,3.73,498837.2,338597.21,20899.99,76.18,3.58,15.0,Completed
CAMP0636,Clearance Electronics,2026-07-21,YouTube,Seasonal,North,Electronics,61396.84,56647.2,764382,38078,4.98,35151,2514,1175,3.09,168808.66,104380.66,7780.8,48.21,2.98,13.74,Completed
CAMP0637,Summer Grocery,2025-11-26,Referral,Seasonal,West,Grocery,163422.94,140033.54,1468084,59342,4.04,55771,8848,4002,6.74,880810.97,570330.67,170446.76,34.99,6.29,121.72,Completed
CAMP0638,Weekend Accessories,2026-01-29,Google Ads,Retargeting,All India,Accessories,41827.36,38559.62,488243,6886,1.41,6278,588,267,3.89,162721.6,103773.64,20388.34,144.42,4.22,52.87,Completed
CAMP0639,Festive Sports,2026-02-05,Affiliate,Brand Awareness,All India,Sports,62903.15,61631.48,751773,9873,1.31,9109,660,252,2.56,208930.72,115891.68,31407.56,244.57,3.39,50.96,Completed
CAMP0640,Diwali Grocery,2026-09-05,Influencer,Performance,All India,Grocery,165890.81,164294.29,1633468,59215,3.63,53791,2403,1108,1.87,325302.69,210749.91,-49741.51,148.28,1.98,-30.28,Completed
CAMP0641,Big Billion Grocery,2026-06-17,Google Ads,Brand Awareness,All India,Grocery,161660.21,152642.99,1915776,66750,3.48,58842,7287,3655,5.48,590728.37,395448.55,42636.83,41.76,3.87,27.93,Completed
CAMP0642,Festive Grocery,2026-07-16,Instagram,Seasonal,South,Grocery,73127.95,70929.69,759764,18743,2.47,16881,981,338,1.81,169521.96,103059.87,-4467.6,209.85,2.39,-6.3,Completed
CAMP0643,Monsoon Fashion,2026-09-02,Influencer,Retargeting,North,Fashion,235694.31,214647.87,1321623,59058,4.47,55596,3212,1155,1.96,470078.84,259683.73,-4252.76,185.84,2.19,-1.98,Completed
CAMP0644,Festive Sports,2026-03-15,Influencer,Performance,All India,Sports,235082.24,207219.65,1355903,31538,2.33,27242,1809,646,2.05,383356.35,212480.08,-36343.38,320.77,1.85,-17.54,Completed
CAMP0645,Festive Beauty,2026-09-01,Affiliate,Performance,West,Beauty,196081.65,190143.71,1402492,33579,2.39,31359,2382,863,2.57,633178.55,376104.34,66930.5,220.33,3.33,35.2,Completed
CAMP0646,Diwali Grocery,2025-11-12,Google Ads,Brand Awareness,North,Grocery,237231.22,220374.02,2192440,98470,4.49,94821,12296,4120,4.18,918959.66,569571.26,129014.38,53.49,4.17,58.54,Active
CAMP0647,Flash Beauty,2026-01-23,Instagram,Brand Awareness,South,Beauty,180059.42,176214.31,2293348,86572,3.77,75136,3863,1571,1.82,479302.92,315189.72,-12101.11,112.17,2.72,-6.87,Completed
CAMP0648,Diwali Electronics,2026-02-14,Google Ads,Retargeting,East,Electronics,175089.1,159475.6,2154872,72233,3.35,67502,6605,3427,4.74,693718.86,396356.78,137886.48,46.54,4.35,86.46,Completed
CAMP0649,New Year Beauty,2026-06-30,Influencer,Seasonal,North,Beauty,173052.47,149005.79,1585926,48364,3.05,45676,1528,611,1.26,303971.81,170516.82,-15550.8,243.87,2.04,-10.44,Completed
CAMP0650,Big Billion Furniture,2026-08-29,Facebook,Brand Awareness,North,Furniture,86901.23,90319.65,969322,23509,2.43,21631,1611,572,2.43,298958.04,201837.69,6800.7,157.9,3.31,7.53,Completed
CAMP0651,Flash Beauty,2025-11-02,Email,Retargeting,North,Beauty,143289.61,128242.25,1182936,40739,3.44,35986,8266,2601,6.39,851528.54,521698.22,201588.07,49.3,6.64,157.19,Completed
CAMP0652,New Year Electronics,2026-06-25,Google Ads,Retargeting,North,Electronics,149760.2,134241.3,1012833,14876,1.47,13692,1260,623,4.19,496692.81,298436.93,64014.58,215.48,3.7,47.69,Completed
CAMP0653,Clearance Sports,2025-11-28,WhatsApp,Brand Awareness,All India,Sports,194136.55,187016.71,2046263,91694,4.48,82030,17012,5825,6.35,1166984.27,665201.66,314765.9,32.11,6.24,168.31,Active
CAMP0654,Flash Fashion,2026-07-25,Influencer,Performance,East,Fashion,233531.84,239177.6,2243789,116921,5.21,102504,6164,2137,1.83,507056.51,298139.79,-30260.88,111.92,2.12,-12.65,Completed
CAMP0655,Weekend Beauty,2026-04-18,Facebook,Retargeting,South,Beauty,217635.16,222613.49,2866413,108096,3.77,105215,5438,2745,2.54,719041.57,444665.95,51762.13,81.1,3.23,23.25,Active
CAMP0656,Festive Fashion,2026-01-20,Email,Retargeting,West,Fashion,165217.58,145805.97,1826063,79677,4.36,67818,13153,5136,6.45,854422.98,566261.48,142355.53,28.39,5.86,97.63,Completed
CAMP0657,New Year Grocery,2026-07-18,Google Ads,Performance,North,Grocery,170771.2,156943.18,1381499,26373,1.91,24403,3104,1188,4.51,684272.26,434379.55,92949.53,132.11,4.36,59.22,Completed
CAMP0658,Republic Day Electronics,2026-04-28,YouTube,Brand Awareness,North,Electronics,91010.33,85016.13,522538,7292,1.4,6397,525,179,2.46,283953.87,191992.49,6945.25,474.95,3.34,8.17,Completed
CAMP0659,Flash Fashion,2026-04-15,Google Ads,Retargeting,West,Fashion,244750.34,225918.03,2230942,63874,2.86,57636,6807,3467,5.43,847192.61,512743.52,108531.06,65.16,3.75,48.04,Completed
CAMP0660,Summer Books,2026-03-10,Referral,Performance,All India,Books,160250.32,160531.84,1795217,62072,3.46,58369,6064,3159,5.09,1114090.97,742576.73,210982.4,50.82,6.94,131.43,Completed
CAMP0661,Flash Home & Kitchen,2026-09-05,Influencer,Retargeting,East,Home & Kitchen,61756.72,62472.58,524974,20402,3.89,19280,707,374,1.84,154932.0,87505.68,4953.74,167.04,2.48,7.93,Completed
CAMP0662,Big Billion Grocery,2026-03-27,Google Ads,Brand Awareness,East,Grocery,122367.87,113121.3,728151,13325,1.83,12762,1148,583,4.38,407236.68,266588.46,27526.92,194.03,3.6,24.33,Completed
CAMP0663,Republic Day Personal Care,2025-10-21,Facebook,Retargeting,All India,Personal Care,99658.57,93905.35,872077,42814,4.91,38802,1567,775,1.81,261056.87,147388.08,19763.44,121.17,2.78,21.05,Completed
CAMP0664,Republic Day Home & Kitchen,2026-08-01,Instagram,Performance,West,Home & Kitchen,166174.36,163236.17,2019876,102509,5.08,91838,4368,2334,2.28,365649.02,206490.85,-4078.0,69.94,2.24,-2.5,Active
CAMP0665,New Year Grocery,2025-10-26,Referral,Performance,West,Grocery,199704.7,185919.97,1808928,84782,4.69,76037,12699,5547,6.54,1193606.21,793902.71,213783.53,33.52,6.42,114.99,Completed
CAMP0666,Weekend Electronics,2025-10-03,WhatsApp,Retargeting,North,Electronics,191805.29,185044.62,2226595,57992,2.6,55248,8186,4207,7.26,951129.35,644974.55,121110.18,43.98,5.14,65.45,Completed
CAMP0667,Republic Day Electronics,2026-07-02,Facebook,Brand Awareness,All India,Electronics,175937.6,175860.65,1144516,54164,4.73,47973,3406,1247,2.3,571547.11,356910.19,38776.27,141.03,3.25,22.05,Completed
CAMP0668,Clearance Electronics,2026-05-29,YouTube,Brand Awareness,South,Electronics,20253.65,20207.49,148630,3612,2.43,3199,197,97,2.69,70928.29,47371.16,3349.64,208.32,3.51,16.58,Completed
CAMP0669,Diwali Fashion,2026-01-30,Instagram,Seasonal,East,Fashion,132528.47,118047.85,1523675,50473,3.31,47019,2011,1071,2.12,275051.49,169098.93,-12095.29,110.22,2.33,-10.25,Active
CAMP0670,Clearance Grocery,2026-07-22,Instagram,Performance,West,Grocery,213247.31,219190.99,1555651,90120,5.79,80417,6643,2207,2.45,646613.42,417548.2,9874.23,99.32,2.95,4.5,Completed
CAMP0671,Summer Fashion,2026-06-22,Influencer,Performance,East,Fashion,203200.6,211268.85,1498946,89900,6.0,81576,3764,1863,2.07,456340.72,297177.99,-52106.12,113.4,2.16,-24.66,Completed
CAMP0672,Festive Electronics,2025-11-23,Instagram,Seasonal,North,Electronics,80694.47,75155.52,1024699,51430,5.02,47361,2650,854,1.66,167596.81,93105.25,-663.96,88.0,2.23,-0.88,Completed
CAMP0673,Clearance Books,2026-03-16,Instagram,Brand Awareness,North,Books,150253.22,129097.55,1803251,70335,3.9,63878,4182,1504,2.14,343399.48,218292.18,-3990.25,85.84,2.66,-3.09,Completed
CAMP0674,Republic Day Home & Kitchen,2026-03-18,Affiliate,Seasonal,North,Home & Kitchen,158518.67,160268.28,2009338,105394,5.25,90422,8778,2955,2.8,487215.57,281490.65,45456.64,54.24,3.04,28.36,Completed
CAMP0675,New Year Fashion,2026-04-01,Instagram,Brand Awareness,West,Fashion,216026.86,222368.6,2451481,143014,5.83,131373,6962,3502,2.45,584829.42,384176.97,-21716.15,63.5,2.63,-9.77,Completed
CAMP0676,Weekend Home & Kitchen,2026-05-11,WhatsApp,Retargeting,North,Home & Kitchen,150893.72,157938.48,1168016,17605,1.51,15021,3510,1300,7.39,868661.64,559501.31,151221.85,121.49,5.5,95.75,Completed
CAMP0677,Festive Furniture,2026-02-08,Instagram,Performance,All India,Furniture,92560.33,78991.67,622511,21266,3.42,19733,723,368,1.73,233025.43,156084.26,-2050.5,214.65,2.95,-2.6,Completed
CAMP0678,Summer Home & Kitchen,2026-06-21,Affiliate,Performance,East,Home & Kitchen,139128.43,131852.38,1619564,96703,5.97,84894,9666,3484,3.6,477305.62,275555.97,69897.27,37.85,3.62,53.01,Completed
CAMP0679,Republic Day Accessories,2026-08-18,Facebook,Brand Awareness,All India,Accessories,168404.9,170352.29,2061131,83106,4.03,78538,6217,2430,2.93,550237.9,323409.43,56476.18,70.1,3.23,33.15,Completed
CAMP0680,Republic Day Home & Kitchen,2026-08-18,Google Ads,Performance,All India,Home & Kitchen,243291.95,253014.95,3300359,68378,2.07,62877,6661,3196,4.68,999409.05,610108.2,136285.9,79.17,3.95,53.86,Completed
CAMP0681,Monsoon Electronics,2026-05-05,Facebook,Brand Awareness,All India,Electronics,239396.99,227078.34,2316002,92475,3.99,85015,6771,2648,2.86,617653.08,388112.34,2462.4,85.75,2.72,1.08,Completed
CAMP0682,New Year Fashion,2026-06-29,Referral,Performance,South,Fashion,166993.65,151989.15,1782198,72972,4.09,62943,12550,4687,6.42,1173356.24,671440.99,349926.1,32.43,7.72,230.23,Completed
CAMP0683,Festive Grocery,2025-12-24,Google Ads,Seasonal,All India,Grocery,24298.66,20808.49,265028,12292,4.64,11913,952,479,3.9,80528.86,49023.88,10696.49,43.44,3.87,51.4,Completed
CAMP0684,Diwali Accessories,2026-07-07,Facebook,Seasonal,West,Accessories,96656.44,84127.46,1036298,12789,1.23,12088,671,232,1.82,248176.01,146752.29,17296.26,362.62,2.95,20.56,Completed
CAMP0685,Weekend Fashion,2026-02-12,Referral,Seasonal,West,Fashion,42501.56,40242.43,399555,13104,3.28,11308,2631,961,7.33,273648.52,159078.31,74327.78,41.88,6.8,184.7,Completed
CAMP0686,Monsoon Electronics,2026-09-03,Facebook,Retargeting,North,Electronics,61454.31,55074.33,770399,41935,5.44,37366,2819,1105,2.64,143744.0,85299.66,3370.01,49.84,2.61,6.12,Completed
CAMP0687,Monsoon Fashion,2025-11-17,WhatsApp,Retargeting,East,Fashion,158424.81,161830.81,2019067,106614,5.28,99631,18488,5889,5.52,998496.1,549612.94,287052.35,27.48,6.17,177.38,Completed
CAMP0688,Clearance Home & Kitchen,2026-05-14,Instagram,Retargeting,West,Home & Kitchen,180858.26,158144.71,1345903,21367,1.59,18171,1281,523,2.45,506063.07,334329.03,13589.33,302.38,3.2,8.59,Completed
CAMP0689,Clearance Electronics,2026-07-21,Google Ads,Performance,East,Electronics,178074.52,172861.88,2158486,117204,5.43,102395,13694,5899,5.03,739848.85,486090.38,80896.59,29.3,4.28,46.8,Completed
CAMP0690,Big Billion Furniture,2026-09-03,Referral,Performance,North,Furniture,182824.13,161781.02,1453008,53371,3.67,50910,8781,4243,7.95,1083932.83,626726.47,295425.34,38.13,6.7,182.61,Completed
CAMP0691,Big Billion Personal Care,2026-03-21,Influencer,Retargeting,All India,Personal Care,43195.32,45058.79,597167,20400,3.42,19564,964,356,1.75,107690.51,70305.58,-7673.86,126.57,2.39,-17.03,Completed
CAMP0692,Flash Beauty,2026-08-29,Instagram,Brand Awareness,All India,Beauty,244076.33,238138.68,2635690,44944,1.71,38615,3978,1251,2.78,740611.29,489791.9,12680.71,190.36,3.11,5.32,Completed
CAMP0693,Clearance Fashion,2026-07-10,Affiliate,Seasonal,East,Fashion,158081.65,165878.87,2287798,115743,5.06,103981,9169,3044,2.63,613751.82,347297.94,100575.01,54.49,3.7,60.63,Completed
CAMP0694,Diwali Books,2026-09-10,Affiliate,Seasonal,South,Books,19564.99,20123.78,241003,7662,3.18,7442,609,278,3.64,66207.24,40568.13,5515.33,72.39,3.29,27.41,Completed
CAMP0695,Flash Sports,2026-06-06,YouTube,Brand Awareness,East,Sports,248363.8,219202.49,1915190,53954,2.82,52079,3186,1549,2.87,738712.39,493645.19,25864.71,141.51,3.37,11.8,Completed
CAMP0696,Summer Electronics,2026-02-01,Affiliate,Retargeting,West,Electronics,164239.1,146251.11,1393645,22772,1.63,20544,2080,802,3.53,514803.91,329586.74,38966.06,182.36,3.52,26.64,Completed
CAMP0697,Flash Home & Kitchen,2026-04-26,Facebook,Performance,All India,Home & Kitchen,80741.09,78240.81,828580,21341,2.58,18252,1227,512,2.4,214379.82,141987.36,-5848.35,152.81,2.74,-7.47,Completed
CAMP0698,Festive Fashion,2025-10-30,Google Ads,Seasonal,South,Fashion,60169.29,57517.88,718266,19897,2.77,17756,2923,1033,5.19,208214.73,116201.74,34495.11,55.68,3.62,59.97,Completed
CAMP0699,Clearance Fashion,2025-10-22,Email,Seasonal,East,Fashion,101573.58,94321.13,999164,59293,5.93,52710,10459,3862,6.51,617803.4,396505.53,126976.74,24.42,6.55,134.62,Completed
CAMP0700,Monsoon Accessories,2026-07-19,Influencer,Brand Awareness,North,Accessories,153246.71,134799.08,1708848,17848,1.04,15670,560,288,1.62,277686.1,176451.29,-33564.27,468.05,2.06,-24.9,Completed
CAMP0701,Clearance Beauty,2026-01-14,Facebook,Brand Awareness,East,Beauty,220278.58,213656.37,1714607,61316,3.58,53542,3984,1270,2.07,623876.6,395947.68,14272.55,168.23,2.92,6.68,Completed
CAMP0702,Festive Electronics,2026-05-25,Instagram,Brand Awareness,East,Electronics,90711.75,91419.76,1125433,57622,5.12,56191,2197,1006,1.75,272430.88,155585.21,25425.91,90.87,2.98,27.81,Completed
CAMP0703,Republic Day Fashion,2025-11-04,Organic,Brand Awareness,West,Fashion,115543.64,113663.82,1455071,35095,2.41,31260,3680,1676,4.78,1141184.75,708763.43,318757.5,67.82,10.04,280.44,Completed
CAMP0704,Big Billion Electronics,2026-03-21,Affiliate,Brand Awareness,East,Electronics,173223.82,161791.09,2122089,115178,5.43,110685,12746,4123,3.58,579212.1,391748.85,25672.16,39.24,3.58,15.87,Active
CAMP0705,Monsoon Electronics,2026-07-10,Affiliate,Brand Awareness,North,Electronics,40822.43,38967.09,269486,11913,4.42,11496,1176,434,3.65,134436.46,76665.32,18804.05,89.79,3.45,48.26,Completed
CAMP0706,Diwali Grocery,2025-10-30,Instagram,Brand Awareness,South,Grocery,129131.81,131263.72,1575919,85162,5.4,74662,4524,2175,2.55,349161.5,200715.57,17182.21,60.35,2.66,13.09,Completed
CAMP0707,Festive Electronics,2026-04-23,Instagram,Retargeting,South,Electronics,77928.05,66590.57,703911,20997,2.98,18213,924,379,1.81,186453.6,126140.72,-6277.69,175.7,2.8,-9.43,Completed
CAMP0708,Republic Day Electronics,2026-04-09,Google Ads,Brand Awareness,East,Electronics,21188.7,21129.44,166528,5697,3.42,4869,581,291,5.12,76065.98,44147.51,10789.03,72.61,3.6,51.06,Completed
CAMP0709,New Year Fashion,2026-03-01,Google Ads,Brand Awareness,North,Fashion,89401.43,89335.36,566274,7751,1.37,7112,882,358,4.63,359128.15,232163.8,37628.99,249.54,4.02,42.12,Completed
CAMP0710,Festive Electronics,2026-07-12,Instagram,Retargeting,East,Electronics,122388.69,106031.47,1463040,32138,2.2,28900,2330,845,2.63,280983.4,167477.67,7474.26,125.48,2.65,7.05,Completed
CAMP0711,New Year Sports,2026-02-10,Google Ads,Brand Awareness,North,Sports,140985.01,126391.16,1098330,12871,1.17,11502,1580,500,3.89,509356.37,326550.16,56415.05,252.78,4.03,44.64,Completed
CAMP0712,Flash Grocery,2025-11-26,Instagram,Brand Awareness,West,Grocery,245508.66,235966.49,2521055,63035,2.5,59788,2835,1458,2.31,632390.19,382499.33,13924.37,161.84,2.68,5.9,Completed
CAMP0713,New Year Beauty,2026-04-05,Affiliate,Seasonal,All India,Beauty,95202.63,91112.32,1020362,24942,2.44,23580,1915,801,3.21,358982.54,198873.38,68996.84,113.75,3.94,75.73,Completed
CAMP0714,Clearance Beauty,2026-08-29,Influencer,Brand Awareness,East,Beauty,46346.94,44412.33,329494,15516,4.71,13606,1006,328,2.12,102592.48,59042.2,-862.05,135.4,2.31,-1.94,Completed
CAMP0715,Summer Furniture,2025-12-22,Influencer,Seasonal,South,Furniture,36355.31,35934.67,463201,26642,5.75,22860,1036,334,1.25,87321.25,56815.98,-5429.4,107.59,2.43,-15.11,Completed
CAMP0716,Diwali Sports,2026-06-20,Influencer,Seasonal,All India,Sports,183572.46,178550.76,2232227,26136,1.17,24196,1556,507,1.94,455304.44,264701.69,12051.99,352.17,2.55,6.75,Completed
CAMP0717,Flash Electronics,2025-11-12,Google Ads,Retargeting,All India,Electronics,239894.7,216704.06,2775692,109158,3.93,104471,14132,4682,4.29,819141.35,535128.81,67308.48,46.28,3.78,31.06,Completed
CAMP0718,Summer Accessories,2026-04-07,Facebook,Brand Awareness,North,Accessories,113150.71,97757.35,816340,46954,5.75,44523,2503,1259,2.68,295227.2,177298.28,20171.57,77.65,3.02,20.63,Completed
CAMP0719,Republic Day Electronics,2026-09-20,Google Ads,Retargeting,All India,Electronics,51915.14,47055.07,620589,11474,1.85,10222,1045,546,4.76,175044.86,116058.81,11930.98,86.18,3.72,25.36,Completed
CAMP0720,Clearance Home & Kitchen,2025-11-07,Google Ads,Retargeting,North,Home & Kitchen,113660.89,110726.19,1125419,26992,2.4,24791,3134,1130,4.19,426295.83,273195.49,42374.15,97.99,3.85,38.27,Active
CAMP0721,Weekend Grocery,2026-05-31,Instagram,Seasonal,West,Grocery,20770.93,18335.9,244420,3318,1.36,3089,153,82,2.49,40338.98,24818.96,-2815.88,223.61,2.2,-15.36,Completed
CAMP0722,Weekend Electronics,2026-01-12,YouTube,Seasonal,East,Electronics,219970.66,208126.32,1639109,30176,1.84,28469,2541,906,3.0,597322.54,377022.41,12173.81,229.72,2.87,5.85,Completed
CAMP0723,Diwali Home & Kitchen,2025-12-09,Affiliate,Brand Awareness,North,Home & Kitchen,194986.65,170346.45,2315729,31231,1.35,30383,3072,1041,3.34,626874.94,414567.87,41960.62,163.64,3.68,24.63,Completed
CAMP0724,Big Billion Grocery,2026-06-03,Instagram,Performance,West,Grocery,27912.97,25684.8,241873,9026,3.73,8706,343,162,1.8,73458.53,48773.45,-999.72,158.55,2.86,-3.89,Completed
CAMP0725,Clearance Fashion,2026-03-26,Influencer,Brand Awareness,East,Fashion,46962.97,48854.58,329051,6582,2.0,6165,257,88,1.34,97220.61,65847.74,-17481.71,555.17,1.99,-35.78,Completed
CAMP0726,Monsoon Electronics,2025-12-06,Instagram,Retargeting,North,Electronics,89229.1,84594.71,1054962,30411,2.88,27687,1300,527,1.73,187800.26,103800.11,-594.56,160.52,2.22,-0.7,Completed
CAMP0727,Summer Fashion,2026-05-19,Referral,Seasonal,South,Fashion,189186.89,174656.97,1343048,21016,1.56,19178,2369,1227,5.84,1053181.53,596679.91,281844.65,142.34,6.03,161.37,Completed
CAMP0728,Republic Day Fashion,2026-01-20,Referral,Retargeting,West,Fashion,124582.79,116987.41,720410,32812,4.55,28277,5478,1839,5.61,815402.25,527859.86,170554.98,63.61,6.97,145.79,Completed
CAMP0729,Monsoon Grocery,2026-05-20,YouTube,Performance,All India,Grocery,241684.99,235580.0,1542159,58423,3.79,50096,3398,1525,2.61,737365.4,420981.66,80803.74,154.48,3.13,34.3,Completed
CAMP0730,Monsoon Electronics,2026-08-11,Google Ads,Seasonal,West,Electronics,192889.89,196810.74,1541581,15708,1.02,13625,1960,829,5.28,761657.56,435176.08,129670.74,237.41,3.87,65.89,Completed
CAMP0731,Clearance Accessories,2026-08-12,Influencer,Brand Awareness,North,Accessories,230857.39,219948.15,3031611,59233,1.95,52326,2608,1213,2.05,415702.0,275307.92,-79554.07,181.33,1.89,-36.17,Completed
CAMP0732,Big Billion Books,2026-05-08,Influencer,Brand Awareness,East,Books,95289.36,87655.1,1118335,63050,5.64,56927,2129,1136,1.8,166544.69,94669.4,-15779.81,77.16,1.9,-18.0,Completed
CAMP0733,Festive Sports,2025-11-17,Google Ads,Brand Awareness,North,Sports,75402.48,72279.03,979583,51999,5.31,44316,4453,2349,4.52,315136.57,184944.8,57912.74,30.77,4.36,80.12,Completed
CAMP0734,Diwali Electronics,2025-11-28,Google Ads,Retargeting,North,Electronics,47847.7,42805.64,341482,10450,3.06,9362,1202,495,4.75,157524.76,87793.38,26925.74,86.48,3.68,62.9,Completed
CAMP0735,Diwali Books,2026-01-04,Instagram,Retargeting,North,Books,29685.49,27012.13,343075,9724,2.83,9405,458,170,1.75,86168.69,50756.17,8400.39,158.89,3.19,31.1,Completed
CAMP0736,Weekend Accessories,2026-07-01,WhatsApp,Retargeting,East,Accessories,85015.97,86078.54,620818,13691,2.21,12950,3054,972,7.1,556928.15,354350.57,116499.04,88.56,6.47,135.34,Completed
CAMP0737,Flash Home & Kitchen,2026-08-02,Google Ads,Brand Awareness,South,Home & Kitchen,121458.33,113910.13,1036470,27893,2.69,25036,3374,1069,3.84,498926.37,314449.57,70566.67,106.56,4.38,61.95,Completed
CAMP0738,Republic Day Electronics,2026-06-29,Facebook,Brand Awareness,South,Electronics,221486.21,202078.08,2094684,116442,5.56,112801,5457,2563,2.2,674940.79,402687.57,70175.14,78.84,3.34,34.73,Completed
CAMP0739,Monsoon Electronics,2026-01-18,Influencer,Retargeting,North,Electronics,144956.86,133274.1,1279412,44864,3.51,43739,1663,758,1.69,270546.42,178271.1,-40998.78,175.82,2.03,-30.76,Completed
CAMP0740,Festive Home & Kitchen,2025-10-12,Instagram,Seasonal,All India,Home & Kitchen,32201.33,30470.53,316949,12958,4.09,12653,659,233,1.81,88973.95,59031.85,-528.43,130.77,2.92,-1.73,Completed
CAMP0741,Weekend Fashion,2026-05-31,WhatsApp,Retargeting,East,Fashion,159088.42,161246.83,1011822,48372,4.78,44847,9228,3854,7.97,915881.99,584637.24,169997.92,41.84,5.68,105.43,Completed
CAMP0742,Monsoon Fashion,2026-08-02,Instagram,Performance,All India,Fashion,200079.01,186939.32,1745751,82571,4.73,78537,5874,1931,2.34,459870.73,271762.75,1168.66,96.81,2.46,0.63,Completed
CAMP0743,Big Billion Sports,2025-12-25,Instagram,Retargeting,South,Sports,233656.41,237613.98,2316157,89533,3.87,82186,4208,2172,2.43,605915.65,337003.98,31297.69,109.4,2.55,13.17,Completed
CAMP0744,Summer Beauty,2026-07-25,Influencer,Performance,West,Beauty,94224.09,94004.79,887187,10894,1.23,9569,361,172,1.58,197410.06,133682.62,-30277.35,546.54,2.1,-32.21,Active
CAMP0745,New Year Fashion,2026-05-27,Facebook,Performance,All India,Fashion,203811.74,183245.8,2219369,23898,1.08,22909,1155,446,1.87,520418.07,336325.17,847.1,410.87,2.84,0.46,Completed
CAMP0746,Big Billion Electronics,2026-08-26,Email,Retargeting,South,Electronics,82371.32,82002.44,627921,25137,4.0,22027,5615,1845,7.34,504315.01,316633.77,105678.8,44.45,6.15,128.87,Completed
CAMP0747,Big Billion Fashion,2026-09-07,Influencer,Retargeting,West,Fashion,96499.16,82969.67,818555,22299,2.72,21533,949,341,1.53,180044.18,103596.64,-6522.13,243.31,2.17,-7.86,Active
CAMP0748,Big Billion Sports,2026-03-08,Facebook,Retargeting,East,Sports,32569.84,28570.95,233212,13462,5.77,12302,822,287,2.13,95426.97,59991.28,6864.74,99.55,3.34,24.03,Completed
CAMP0749,Flash Electronics,2026-08-19,Google Ads,Seasonal,West,Electronics,246594.53,210895.66,2669387,63722,2.39,55507,7478,3272,5.13,750788.55,432417.34,107475.55,64.45,3.56,50.96,Completed
CAMP0750,Weekend Electronics,2025-12-07,Google Ads,Performance,All India,Electronics,193952.98,200207.06,1392937,23719,1.7,22523,3258,1275,5.38,796824.1,454590.6,142026.44,157.03,3.98,70.94,Completed
CAMP0751,Summer Fashion,2026-07-24,Facebook,Retargeting,South,Fashion,102562.12,100476.96,1084270,14079,1.3,13683,1145,396,2.82,267268.71,152979.77,13811.98,253.73,2.66,13.75,Completed
CAMP0752,Big Billion Electronics,2026-04-25,Instagram,Seasonal,All India,Electronics,118603.89,119287.14,787752,36096,4.58,30826,1896,740,2.05,345932.71,214018.58,12626.99,161.2,2.9,10.59,Completed
CAMP0753,Flash Fashion,2026-08-04,Google Ads,Retargeting,South,Fashion,206738.64,188838.58,2525088,139747,5.53,127439,10860,5451,3.9,789345.26,521559.25,78947.43,34.64,4.18,41.81,Completed
CAMP0754,Summer Accessories,2026-07-20,Instagram,Brand Awareness,South,Accessories,76211.59,65943.07,432196,17523,4.05,16478,1354,480,2.74,166835.97,104470.18,-3577.28,137.38,2.53,-5.42,Completed
CAMP0755,Festive Books,2026-05-28,Facebook,Brand Awareness,North,Books,226891.45,198870.99,2198756,102335,4.65,90407,6694,2699,2.64,616500.07,413685.48,3943.6,73.68,3.1,1.98,Completed
CAMP0756,New Year Furniture,2026-05-24,Google Ads,Performance,All India,Furniture,85619.57,79395.39,820198,48242,5.88,41976,6837,2294,4.76,292175.04,162167.96,50611.69,34.61,3.68,63.75,Completed
CAMP0757,Big Billion Grocery,2026-01-18,Instagram,Seasonal,All India,Grocery,199738.62,205806.51,1676422,58516,3.49,52923,2519,1332,2.28,465122.71,282443.63,-23127.43,154.51,2.26,-11.24,Completed
CAMP0758,Flash Electronics,2026-06-03,Email,Brand Awareness,South,Electronics,34887.99,31089.91,253635,9627,3.8,9259,1450,590,6.13,193690.14,114751.23,47849.0,52.69,6.23,153.91,Completed
CAMP0759,Clearance Electronics,2026-09-03,Email,Brand Awareness,All India,Electronics,100462.24,103745.35,700680,9134,1.3,8686,1081,579,6.34,622472.1,376739.83,141986.92,179.18,6.0,136.86,Completed
CAMP0760,Clearance Home & Kitchen,2026-09-16,Email,Performance,South,Home & Kitchen,15751.82,14922.53,112805,1680,1.49,1590,394,127,7.6,102517.78,61702.33,25892.92,117.5,6.87,173.52,Completed
CAMP0761,Diwali Accessories,2026-03-14,Facebook,Seasonal,South,Accessories,178470.75,166409.9,1129204,32860,2.91,30301,2236,982,2.99,527519.38,337202.18,23907.3,169.46,3.17,14.37,Completed
CAMP0762,Flash Fashion,2026-08-23,Instagram,Retargeting,All India,Fashion,164796.66,159356.32,2175248,77127,3.55,70287,4615,1748,2.27,492411.03,292574.92,40479.79,91.16,3.09,25.4,Completed
CAMP0763,Flash Beauty,2025-11-30,Google Ads,Performance,North,Beauty,120423.57,111945.2,1406960,30386,2.16,29480,2769,1367,4.5,391808.2,229003.69,50859.31,81.89,3.5,45.43,Completed
CAMP0764,New Year Beauty,2026-05-24,Influencer,Retargeting,West,Beauty,35591.75,31228.73,267402,12965,4.85,11167,783,252,1.95,62145.17,36447.07,-5530.63,123.92,1.99,-17.71,Completed
CAMP0765,Weekend Electronics,2026-05-29,Instagram,Brand Awareness,East,Electronics,164105.8,156599.91,2102967,80398,3.82,69155,6299,2101,2.61,375839.78,224426.0,-5186.13,74.54,2.4,-3.31,Completed
CAMP0766,Summer Fashion,2026-06-16,Influencer,Retargeting,South,Fashion,94261.16,97441.18,928882,21734,2.34,20743,827,324,1.49,210472.95,141119.13,-28087.36,300.74,2.16,-28.82,Completed
CAMP0767,Summer Beauty,2026-03-29,Instagram,Retargeting,West,Beauty,192687.79,183747.33,1273900,57831,4.54,55562,3869,1480,2.56,518167.47,332771.2,1648.94,124.15,2.82,0.9,Completed
CAMP0768,Diwali Fashion,2026-08-29,WhatsApp,Performance,East,Fashion,25674.62,24715.53,221272,11430,5.17,11067,1217,617,5.4,126790.67,75446.14,26629.0,40.06,5.13,107.74,Active
CAMP0769,New Year Sports,2026-02-02,Instagram,Retargeting,East,Sports,163943.64,140218.98,1120926,19569,1.75,17943,683,293,1.5,394015.33,227791.04,26005.31,478.56,2.81,18.55,Completed
CAMP0770,Summer Fashion,2025-10-02,Instagram,Brand Awareness,West,Fashion,105043.34,99432.02,1179252,21590,1.83,18785,1141,397,1.84,228693.65,140319.65,-11058.02,250.46,2.3,-11.12,Completed
CAMP0771,New Year Electronics,2026-08-12,Influencer,Retargeting,South,Electronics,134324.03,127840.93,832167,40895,4.91,38309,2116,737,1.8,287642.09,177222.33,-17421.17,173.46,2.25,-13.63,Completed
CAMP0772,Flash Electronics,2025-10-28,Email,Brand Awareness,South,Electronics,226501.92,221450.8,2725300,92697,3.4,80963,17886,7201,7.77,1266698.58,773589.02,271658.76,30.75,5.72,122.67,Completed
CAMP0773,Diwali Home & Kitchen,2026-01-28,Google Ads,Brand Awareness,All India,Home & Kitchen,150408.73,136472.92,1737730,50069,2.88,45636,7982,2671,5.34,518597.1,315674.35,66449.83,51.09,3.8,48.69,Completed
CAMP0774,Monsoon Electronics,2025-10-21,Influencer,Retargeting,South,Electronics,75782.96,74378.37,617996,21144,3.42,18187,546,258,1.22,182227.01,115869.03,-8020.39,288.29,2.45,-10.78,Completed
CAMP0775,Festive Beauty,2026-07-31,Organic,Performance,East,Beauty,227607.07,210521.58,1882114,97469,5.18,93710,11864,4730,4.85,2042059.33,1197216.68,634321.07,44.51,9.7,301.31,Completed
CAMP0776,New Year Accessories,2026-01-12,Affiliate,Brand Awareness,East,Accessories,138587.04,126813.38,1013939,18740,1.85,17283,1714,577,3.08,484427.11,320282.98,37330.75,219.78,3.82,29.44,Completed
CAMP0777,Big Billion Sports,2026-05-18,Email,Performance,East,Sports,146494.23,151039.7,1254894,21675,1.73,20906,3141,1354,6.25,943998.13,617750.31,175208.12,111.55,6.25,116.0,Completed
CAMP0778,Festive Grocery,2026-08-03,Influencer,Seasonal,North,Grocery,218969.37,200212.36,2374329,102971,4.34,89191,2820,1442,1.4,464492.68,256252.57,8027.75,138.84,2.32,4.01,Completed
CAMP0779,Monsoon Grocery,2026-04-28,Instagram,Retargeting,West,Grocery,198761.96,180973.17,2165453,39561,1.83,34820,2699,1087,2.75,575494.68,384388.97,10132.54,166.49,3.18,5.6,Completed
CAMP0780,Summer Fashion,2025-10-10,Influencer,Brand Awareness,All India,Fashion,101760.3,100744.49,975427,15062,1.54,14509,711,300,2.0,234734.66,130030.59,3959.58,335.81,2.33,3.93,Completed
CAMP0781,Diwali Fashion,2026-01-05,Google Ads,Performance,West,Fashion,149012.02,134828.54,1827588,94764,5.19,92854,9756,4558,4.81,595942.15,351364.24,109749.37,29.58,4.42,81.4,Completed
CAMP0782,Weekend Fashion,2026-01-10,Google Ads,Retargeting,South,Fashion,117076.29,109892.83,1329712,36403,2.74,31944,4713,1643,4.52,445065.96,259543.89,75629.24,66.89,4.05,68.82,Completed
CAMP0783,Weekend Fashion,2025-11-01,Instagram,Seasonal,All India,Fashion,83981.14,83129.44,894533,45721,5.11,40685,3226,1025,2.24,256869.97,150589.19,23151.34,81.1,3.09,27.85,Completed
CAMP0784,Republic Day Fashion,2025-10-12,Influencer,Performance,East,Fashion,184229.22,171874.58,1673201,54076,3.23,47198,2030,1079,2.0,378124.08,222243.65,-15994.15,159.29,2.2,-9.31,Completed
CAMP0785,Clearance Electronics,2025-11-07,Instagram,Retargeting,South,Electronics,244875.79,241028.92,3295768,153591,4.66,148308,5102,2455,1.6,737548.5,477474.77,19044.81,98.18,3.06,7.9,Completed
CAMP0786,Monsoon Personal Care,2026-06-10,YouTube,Performance,West,Personal Care,74591.4,75447.66,821083,11572,1.41,11155,920,354,3.07,238414.61,143542.55,19424.4,213.13,3.16,25.75,Completed
CAMP0787,Monsoon Beauty,2026-01-25,YouTube,Performance,West,Beauty,212797.34,204963.32,1442370,36504,2.53,34097,2582,1022,2.8,612840.33,358619.06,49257.95,200.55,2.99,24.03,Completed
CAMP0788,Flash Accessories,2026-03-30,Instagram,Performance,All India,Accessories,107706.62,98356.33,1242797,43747,3.52,39619,2593,942,2.15,234088.07,157463.19,-21731.45,104.41,2.38,-22.09,Completed
CAMP0789,Diwali Fashion,2026-04-07,Google Ads,Retargeting,All India,Fashion,181920.45,180257.79,1245852,74317,5.97,66692,6350,2652,3.57,775108.5,429314.2,165536.51,67.97,4.3,91.83,Completed
CAMP0790,Festive Sports,2025-10-28,Referral,Brand Awareness,South,Sports,62940.24,60706.98,678144,7939,1.17,6836,1236,413,5.2,476549.79,289219.95,126622.86,146.99,7.85,208.58,Completed
CAMP0791,Clearance Home & Kitchen,2026-07-24,Google Ads,Brand Awareness,All India,Home & Kitchen,126909.39,118054.32,1210052,59908,4.95,53271,7064,2364,3.95,521800.09,295334.3,108411.47,49.94,4.42,91.83,Completed
CAMP0792,New Year Electronics,2026-06-30,Referral,Seasonal,All India,Electronics,17260.74,15521.5,101650,3635,3.58,3154,394,219,6.03,105235.77,61908.24,27806.03,70.87,6.78,179.15,Completed
CAMP0793,Summer Grocery,2025-10-08,Organic,Performance,All India,Grocery,215165.69,200567.9,2446582,76093,3.11,68579,9565,3146,4.14,1610560.24,1073260.35,336731.99,63.75,8.03,167.89,Completed
CAMP0794,New Year Personal Care,2026-01-01,Instagram,Retargeting,West,Personal Care,248973.9,257245.69,3331748,39566,1.19,35558,2048,737,1.86,733150.22,419596.87,56307.66,349.04,2.85,21.89,Completed
CAMP0795,Flash Sports,2025-10-17,Instagram,Brand Awareness,West,Sports,51572.58,48544.58,516024,27624,5.35,26909,2046,641,2.32,131555.81,73236.12,9775.11,75.73,2.71,20.14,Completed
CAMP0796,Summer Electronics,2026-02-08,Influencer,Seasonal,East,Electronics,216077.32,205266.98,1833926,44422,2.42,38179,1463,658,1.48,476219.39,285768.44,-14816.03,311.96,2.32,-7.22,Completed
CAMP0797,Festive Grocery,2025-10-10,Affiliate,Brand Awareness,South,Grocery,172020.05,175941.3,1216331,39562,3.25,38230,2031,1013,2.56,670336.35,449189.33,45205.72,173.68,3.81,25.69,Completed
CAMP0798,Diwali Sports,2025-10-15,Facebook,Retargeting,West,Sports,106499.81,103307.32,1231695,52076,4.23,49585,1881,938,1.8,299591.23,175772.08,20511.83,110.14,2.9,19.86,Completed
CAMP0799,Festive Fashion,2025-10-03,Google Ads,Brand Awareness,All India,Fashion,132995.43,126935.11,838936,46030,5.49,41602,5821,1831,3.98,458235.75,294832.83,36467.81,69.33,3.61,28.73,Completed
CAMP0800,New Year Home & Kitchen,2026-07-15,WhatsApp,Performance,East,Home & Kitchen,113650.67,106108.65,1427995,15019,1.05,14430,2816,916,6.1,580414.32,337484.29,136821.38,115.84,5.47,128.94,Completed
CAMP0801,Summer Home & Kitchen,2026-07-27,Google Ads,Retargeting,West,Home & Kitchen,190272.3,167593.31,2057330,73310,3.56,68715,7427,2772,3.78,690484.44,447518.33,75372.8,60.46,4.12,44.97,Completed
CAMP0802,Monsoon Sports,2026-02-13,Affiliate,Retargeting,North,Sports,178911.88,183824.6,1882821,64583,3.43,56123,5435,2387,3.7,707724.71,435229.93,88670.18,77.01,3.85,48.24,Completed
CAMP0803,Diwali Home & Kitchen,2026-08-21,Email,Retargeting,East,Home & Kitchen,74188.99,68841.07,866636,15750,1.82,14021,4322,1367,8.68,463988.81,282674.08,112473.66,50.36,6.74,163.38,Completed
CAMP0804,Big Billion Home & Kitchen,2025-11-23,Google Ads,Performance,West,Home & Kitchen,145486.63,148490.86,1506420,89480,5.94,83926,7224,3370,3.77,547931.27,330442.33,68998.08,44.06,3.69,46.47,Completed
CAMP0805,Flash Home & Kitchen,2026-07-23,Influencer,Performance,All India,Home & Kitchen,25888.8,24220.13,329765,10995,3.33,10702,413,165,1.5,49166.86,32046.4,-7099.67,146.79,2.03,-29.31,Completed
CAMP0806,Monsoon Grocery,2025-12-22,Instagram,Performance,East,Grocery,73221.04,66987.47,613481,24014,3.91,22733,1460,521,2.17,150721.81,85520.7,-1786.36,128.57,2.25,-2.67,Completed
CAMP0807,Diwali Beauty,2026-07-26,YouTube,Performance,South,Beauty,155450.99,159967.29,1375599,80042,5.82,77657,5159,1766,2.21,497498.27,286967.24,50563.74,90.58,3.11,31.61,Completed
CAMP0808,Big Billion Fashion,2025-10-08,Instagram,Seasonal,All India,Fashion,65228.58,62764.92,665217,32202,4.84,28816,2165,704,2.19,143104.02,93753.4,-13414.3,89.15,2.28,-21.37,Completed
CAMP0809,Clearance Fashion,2026-08-16,Affiliate,Retargeting,South,Fashion,57558.37,50310.11,390714,6289,1.61,5631,459,200,3.19,158979.95,101074.13,7595.71,251.55,3.16,15.1,Completed
CAMP0810,Flash Electronics,2025-11-22,Facebook,Brand Awareness,All India,Electronics,245837.31,217204.36,2752440,32185,1.17,30068,1438,607,1.89,588623.82,323954.03,47465.43,357.83,2.71,21.85,Completed
CAMP0811,Weekend Fashion,2026-05-28,Influencer,Seasonal,All India,Fashion,118599.41,104860.55,1444746,39791,2.75,36462,1308,598,1.5,211818.31,143108.11,-36150.35,175.35,2.02,-34.47,Completed
CAMP0812,Flash Fashion,2026-05-10,Affiliate,Brand Awareness,East,Fashion,157284.71,134869.96,975756,10834,1.11,9901,807,357,3.3,499018.85,315057.2,49091.69,377.79,3.7,36.4,Completed
CAMP0813,Festive Personal Care,2026-04-11,Affiliate,Retargeting,West,Personal Care,94020.66,86069.25,1117831,41581,3.72,38280,2627,1209,2.91,274560.91,161080.2,27411.46,71.19,3.19,31.85,Completed
CAMP0814,Weekend Grocery,2025-11-21,Affiliate,Retargeting,South,Grocery,136221.94,120270.36,1595182,55695,3.49,49735,6453,2055,3.69,451013.85,274706.17,56037.32,58.53,3.75,46.59,Completed
CAMP0815,Summer Grocery,2025-11-28,Instagram,Seasonal,North,Grocery,183604.62,171873.32,2370666,59093,2.49,57101,3021,1083,1.83,438276.97,254259.51,12144.14,158.7,2.55,7.07,Completed
CAMP0816,Monsoon Grocery,2026-04-09,Affiliate,Retargeting,West,Grocery,88671.65,77597.27,555812,27140,4.88,24618,1666,704,2.6,307285.19,187603.88,42084.04,110.22,3.96,54.23,Completed
CAMP0817,Festive Electronics,2026-06-25,Google Ads,Retargeting,East,Electronics,35775.1,35649.45,256030,14567,5.69,13142,1853,672,4.62,131902.96,79101.34,17152.17,53.05,3.7,48.11,Completed
CAMP0818,Republic Day Fashion,2026-08-23,Facebook,Retargeting,South,Fashion,221254.37,206884.21,2497216,139451,5.58,125345,9607,3602,2.58,583413.47,363904.63,12624.63,57.44,2.82,6.1,Completed
CAMP0819,Diwali Electronics,2025-11-14,Influencer,Performance,South,Electronics,50219.08,50521.41,503766,9827,1.95,9442,529,205,2.09,130345.24,87400.67,-7576.84,246.45,2.58,-15.0,Completed
CAMP0820,New Year Electronics,2026-07-13,Organic,Brand Awareness,North,Electronics,46323.57,42104.69,390795,20163,5.16,19108,2847,1157,5.74,364205.57,201979.49,120121.39,36.39,8.65,285.29,Completed
CAMP0821,Big Billion Grocery,2025-11-04,Influencer,Performance,West,Grocery,248626.21,228510.96,2410757,121813,5.05,116677,4516,1688,1.39,516434.77,335216.06,-47292.25,135.37,2.26,-20.7,Completed
CAMP0822,Summer Sports,2025-10-24,Google Ads,Seasonal,North,Sports,159473.39,143219.1,1065017,43844,4.12,41339,4460,1770,4.04,600088.03,399604.89,57264.04,80.91,4.19,39.98,Completed
CAMP0823,Summer Fashion,2026-07-14,Affiliate,Retargeting,East,Fashion,30683.58,28535.22,334822,18183,5.43,17329,884,464,2.55,102156.09,60755.64,12865.23,61.5,3.58,45.09,Completed
CAMP0824,Big Billion Beauty,2026-07-29,Influencer,Brand Awareness,All India,Beauty,37816.96,34819.79,474594,8420,1.77,8245,304,123,1.47,69987.78,44097.35,-8929.36,283.09,2.01,-25.64,Completed
CAMP0825,Monsoon Electronics,2025-11-04,Google Ads,Retargeting,All India,Electronics,216702.41,184542.87,2578841,34338,1.33,32300,4034,1570,4.57,701262.91,463679.43,53040.61,117.54,3.8,28.74,Completed
CAMP0826,Diwali Electronics,2026-06-02,Instagram,Performance,All India,Electronics,85664.82,85978.93,616197,12478,2.03,11311,416,228,1.83,274272.79,172248.69,16045.17,377.1,3.19,18.66,Active
CAMP0827,New Year Grocery,2026-05-25,Influencer,Retargeting,North,Grocery,204751.52,179538.83,1377519,16147,1.17,14970,689,328,2.03,463210.18,299130.05,-15458.7,547.37,2.58,-8.61,Completed
CAMP0828,Monsoon Beauty,2026-02-25,Facebook,Retargeting,South,Beauty,77743.57,70954.59,804896,31936,3.97,30794,1664,822,2.58,184481.93,115006.46,-1479.12,86.32,2.6,-2.08,Completed
CAMP0829,Monsoon Grocery,2025-11-01,Instagram,Seasonal,West,Grocery,109674.42,113068.03,1183487,45401,3.84,40621,2854,897,1.98,318851.84,209570.17,-3786.36,126.05,2.82,-3.35,Completed
CAMP0830,Big Billion Grocery,2026-09-04,Influencer,Seasonal,North,Grocery,60085.76,54976.56,482090,18437,3.82,16599,483,249,1.35,120948.43,81418.27,-15446.4,220.79,2.2,-28.1,Completed
CAMP0831,Festive Grocery,2025-10-01,Facebook,Brand Awareness,All India,Grocery,26682.43,25928.71,287234,9759,3.4,9427,691,222,2.28,80638.29,49605.39,5104.19,116.8,3.11,19.69,Completed
CAMP0832,Summer Electronics,2026-01-29,Email,Seasonal,South,Electronics,85743.97,77771.35,502864,26233,5.22,25409,6403,2256,8.6,510957.77,312766.17,120420.25,34.47,6.57,154.84,Completed
CAMP0833,Republic Day Accessories,2026-09-20,Referral,Brand Awareness,All India,Accessories,134881.62,115448.99,1232912,36399,2.95,33024,5961,2389,6.56,718092.72,396307.7,206336.03,48.33,6.22,178.72,Completed
CAMP0834,Flash Sports,2026-02-19,Affiliate,Brand Awareness,West,Sports,74816.64,67335.84,908815,46303,5.09,39410,3367,1166,2.52,267996.64,163605.74,37055.06,57.75,3.98,55.03,Completed
CAMP0835,New Year Accessories,2025-10-24,WhatsApp,Brand Awareness,West,Accessories,79818.76,78487.92,767077,14095,1.84,12670,2765,908,6.44,483485.59,309992.67,95005.0,86.44,6.16,121.04,Completed
CAMP0836,Flash Grocery,2026-06-20,Email,Seasonal,North,Grocery,47809.61,48906.16,427536,16950,3.96,16452,2687,1317,7.77,325715.03,198730.72,78078.15,37.13,6.66,159.65,Completed
CAMP0837,New Year Home & Kitchen,2025-12-10,Influencer,Retargeting,All India,Home & Kitchen,211375.07,214340.2,1354942,61611,4.55,57257,2250,833,1.35,499412.67,282474.09,2598.38,257.31,2.33,1.21,Completed
CAMP0838,Weekend Beauty,2026-01-11,Instagram,Brand Awareness,South,Beauty,38467.85,38433.65,250201,11982,4.79,10649,916,317,2.65,100696.16,65825.36,-3562.85,121.24,2.62,-9.27,Completed
CAMP0839,Clearance Furniture,2026-02-19,Influencer,Retargeting,All India,Furniture,82948.02,73719.78,981795,51003,5.19,45669,2383,948,1.86,165869.51,93084.16,-934.43,77.76,2.25,-1.27,Active
CAMP0840,Clearance Books,2026-05-23,Google Ads,Performance,West,Books,36577.51,36370.36,361609,17355,4.8,15643,1767,697,4.02,131660.7,86993.34,8297.0,52.18,3.62,22.81,Active
CAMP0841,Republic Day Fashion,2026-03-27,Instagram,Seasonal,East,Fashion,113133.08,104689.2,1125685,50018,4.44,44939,3775,1315,2.63,255441.65,163088.83,-12336.38,79.61,2.44,-11.78,Completed
CAMP0842,Diwali Beauty,2026-08-23,Influencer,Seasonal,South,Beauty,170494.93,157871.75,1318973,45240,3.43,42422,2515,947,2.1,375734.76,242267.96,-24404.95,166.71,2.38,-15.46,Completed
CAMP0843,Republic Day Sports,2025-12-06,Google Ads,Brand Awareness,All India,Sports,69693.34,66335.96,476470,16074,3.37,13678,1535,785,4.89,295858.38,198412.23,31110.19,84.5,4.46,46.9,Completed
CAMP0844,Monsoon Electronics,2026-08-22,Google Ads,Seasonal,North,Electronics,153657.71,135381.43,1170791,58125,4.96,52468,6771,3029,5.21,565894.38,364055.37,66457.58,44.7,4.18,49.09,Active
CAMP0845,Monsoon Grocery,2026-07-10,Email,Retargeting,East,Grocery,178872.27,160633.2,1040883,23815,2.29,20530,3851,1590,6.68,952554.88,638461.12,153460.56,101.03,5.93,95.53,Completed
CAMP0846,Monsoon Fashion,2026-08-09,Facebook,Brand Awareness,West,Fashion,221004.9,201412.02,2548249,83393,3.27,76163,3246,1533,1.84,559925.42,357773.56,739.84,131.38,2.78,0.37,Completed
CAMP0847,New Year Electronics,2026-06-21,Google Ads,Performance,South,Electronics,223823.94,232148.16,2676124,142307,5.32,122427,12543,5535,3.89,889127.45,565895.86,91083.43,41.94,3.83,39.24,Completed
CAMP0848,New Year Fashion,2026-03-13,Instagram,Brand Awareness,North,Fashion,84767.35,79253.62,542066,16607,3.06,14941,641,295,1.78,238553.4,131330.36,27969.42,268.66,3.01,35.29,Completed
CAMP0849,Republic Day Sports,2025-12-16,Affiliate,Brand Awareness,South,Sports,242770.38,239322.69,2914313,154440,5.3,132597,11159,4699,3.04,873527.82,522546.88,111658.25,50.93,3.65,46.66,Completed
CAMP0850,Big Billion Fashion,2025-12-10,Facebook,Performance,South,Fashion,208993.44,179159.09,1554701,53513,3.44,48587,2728,1155,2.16,596599.77,366375.46,51065.22,155.12,3.33,28.5,Completed
CAMP0851,Republic Day Accessories,2026-06-22,YouTube,Performance,East,Accessories,74804.7,64277.03,539658,6130,1.14,5373,562,183,2.99,225612.38,143582.08,17753.27,351.24,3.51,27.62,Completed
CAMP0852,Big Billion Grocery,2026-08-01,Instagram,Brand Awareness,All India,Grocery,221310.03,222476.17,2238871,128740,5.75,111554,7877,3299,2.56,609584.71,377225.58,9882.96,67.44,2.74,4.44,Completed
CAMP0853,Monsoon Fashion,2026-01-07,Referral,Brand Awareness,South,Fashion,139935.46,121547.72,1366422,47670,3.49,44816,6870,3509,7.36,814369.72,525848.36,166973.64,34.64,6.7,137.37,Completed
CAMP0854,Summer Beauty,2026-04-21,Facebook,Seasonal,West,Beauty,148221.74,154484.69,1025680,20015,1.95,18934,1074,475,2.38,403205.04,238314.68,10405.67,325.23,2.61,6.74,Completed
CAMP0855,Weekend Sports,2026-06-18,Google Ads,Brand Awareness,All India,Sports,201248.73,210385.94,2543727,88045,3.46,85454,9162,3596,4.09,881517.09,538974.75,132156.4,58.51,4.19,62.82,Completed
CAMP0856,Festive Fashion,2026-01-25,Google Ads,Retargeting,North,Fashion,143530.54,146111.34,1324728,57541,4.34,55915,6511,2062,3.58,568373.11,349430.05,72831.72,70.86,3.89,49.85,Completed
CAMP0857,Flash Electronics,2026-02-11,Influencer,Retargeting,South,Electronics,61106.23,59298.32,653232,17689,2.71,16199,866,278,1.57,113852.77,70782.11,-16227.66,213.3,1.92,-27.37,Completed
CAMP0858,Festive Beauty,2025-12-19,Affiliate,Performance,West,Beauty,122712.04,114053.78,834142,15181,1.82,13153,1066,482,3.18,350145.1,206112.28,29979.04,236.63,3.07,26.29,Completed
CAMP0859,Clearance Furniture,2026-08-09,Influencer,Seasonal,West,Furniture,189809.69,192862.09,1678428,95569,5.69,82234,4258,1376,1.44,430082.46,256191.22,-18970.85,140.16,2.23,-9.84,Completed
CAMP0860,Flash Electronics,2025-12-29,Affiliate,Seasonal,West,Electronics,197300.25,200553.48,1672364,89762,5.37,84909,6976,3118,3.47,651798.81,393076.14,58169.19,64.32,3.25,29.0,Completed
CAMP0861,Flash Home & Kitchen,2026-06-21,Instagram,Performance,South,Home & Kitchen,171506.92,162861.76,1887716,85733,4.54,75671,4917,2028,2.37,483699.43,321807.64,-969.97,80.31,2.97,-0.6,Completed
CAMP0862,Monsoon Accessories,2026-01-22,Facebook,Performance,East,Accessories,246895.82,218488.61,1703125,56267,3.3,50931,3257,1356,2.41,642356.51,380032.01,43835.89,161.13,2.94,20.06,Completed
CAMP0863,New Year Beauty,2025-10-03,Influencer,Brand Awareness,North,Beauty,239685.54,241842.08,3027675,85525,2.82,83101,4335,1371,1.6,616697.3,390701.19,-15845.97,176.4,2.55,-6.55,Completed
CAMP0864,Weekend Home & Kitchen,2026-05-11,Google Ads,Seasonal,East,Home & Kitchen,157168.74,152110.63,2017881,51624,2.56,45664,4310,2014,3.9,631259.11,413863.75,65284.73,75.53,4.15,42.92,Completed
CAMP0865,Festive Fashion,2026-06-23,Influencer,Seasonal,All India,Fashion,56457.04,51862.47,537941,23252,4.32,20540,1252,406,1.75,111504.31,67980.4,-8338.56,127.74,2.15,-16.08,Active
CAMP0866,Republic Day Home & Kitchen,2026-01-28,YouTube,Brand Awareness,West,Home & Kitchen,219066.35,221531.69,1652964,85796,5.19,75262,6960,2184,2.55,651303.17,436276.66,-6505.18,101.43,2.94,-2.94,Completed
CAMP0867,Clearance Home & Kitchen,2026-06-13,Instagram,Performance,South,Home & Kitchen,117910.74,100929.14,1342318,21872,1.63,20385,1500,519,2.38,297740.96,165013.5,31798.32,194.47,2.95,31.51,Completed
CAMP0868,Big Billion Sports,2026-07-31,Google Ads,Performance,All India,Sports,90792.92,94840.2,1156969,52524,4.54,50729,4197,2302,4.38,353753.95,226526.93,32386.82,41.2,3.73,34.15,Completed
CAMP0869,Festive Sports,2026-09-13,Instagram,Seasonal,All India,Sports,140444.71,131072.69,960981,17596,1.83,16027,977,331,1.88,347342.63,231577.98,-15308.04,395.99,2.65,-11.68,Completed
CAMP0870,Summer Electronics,2026-06-26,Influencer,Brand Awareness,All India,Electronics,78866.65,68149.05,686956,9961,1.45,8518,488,198,2.0,145838.97,84045.58,-6355.66,344.19,2.14,-9.33,Completed
CAMP0871,Weekend Home & Kitchen,2026-08-20,Influencer,Brand Awareness,North,Home & Kitchen,105733.11,94059.47,1186325,51053,4.3,46725,1347,618,1.21,237970.46,153330.44,-9419.45,152.2,2.53,-10.01,Completed
CAMP0872,Flash Accessories,2026-08-11,Instagram,Brand Awareness,North,Accessories,35927.71,37225.75,266298,8664,3.25,7921,625,206,2.39,113166.28,64232.93,11707.6,180.71,3.04,31.45,Completed
CAMP0873,Weekend Sports,2026-03-17,Google Ads,Performance,South,Sports,27267.74,27107.28,322255,8773,2.72,8201,1115,445,5.07,107344.83,60562.69,19674.86,60.92,3.96,72.58,Completed
CAMP0874,Monsoon Accessories,2026-05-17,Organic,Performance,South,Accessories,51683.49,50712.16,545546,13380,2.45,12201,1513,601,4.49,567469.07,334531.27,182225.64,84.38,11.19,359.33,Completed
CAMP0875,Flash Electronics,2026-05-17,Google Ads,Retargeting,North,Electronics,95674.4,88864.62,936346,35462,3.79,32919,3985,1497,4.22,358124.42,218028.66,51231.14,59.36,4.03,57.65,Completed
CAMP0876,Festive Beauty,2026-02-28,Instagram,Brand Awareness,East,Beauty,142197.99,141137.19,1089948,53289,4.89,46941,2443,1205,2.26,345786.12,224304.95,-19656.02,117.13,2.45,-13.93,Completed
CAMP0877,Big Billion Accessories,2026-05-21,Instagram,Retargeting,North,Accessories,175557.57,168388.38,1746989,91943,5.26,84569,4584,2424,2.64,397396.58,267577.76,-38569.56,69.47,2.36,-22.91,Completed
CAMP0878,Clearance Books,2026-06-18,Instagram,Performance,All India,Books,211307.67,202449.94,1399353,78329,5.6,72845,4970,2120,2.71,568884.33,359312.36,7122.03,95.5,2.81,3.52,Completed
CAMP0879,Festive Personal Care,2026-04-23,Affiliate,Seasonal,East,Personal Care,187350.95,161764.22,1103270,26631,2.41,24845,1642,805,3.02,572645.34,328752.33,82128.79,200.95,3.54,50.77,Completed
CAMP0880,Monsoon Electronics,2025-10-10,Facebook,Retargeting,All India,Electronics,234842.28,241685.56,3292925,130304,3.96,125138,5981,3129,2.4,816897.19,498395.84,76815.79,77.24,3.38,31.78,Completed
CAMP0881,Diwali Accessories,2026-01-21,Referral,Performance,All India,Accessories,186190.43,181678.66,2385840,58233,2.44,52755,10700,3841,6.6,1233598.1,821664.95,230254.49,47.3,6.79,126.74,Completed
CAMP0882,Festive Fashion,2026-07-01,Email,Performance,South,Fashion,140961.91,133727.55,1468474,52160,3.55,45225,8359,4596,8.81,839809.01,545373.66,160707.8,29.1,6.28,120.18,Completed
CAMP0883,Republic Day Books,2025-10-10,Affiliate,Brand Awareness,West,Books,241242.53,213850.74,2470373,125478,5.08,115278,11202,4853,3.87,846848.93,552900.25,80097.94,44.07,3.96,37.46,Completed
CAMP0884,Republic Day Home & Kitchen,2025-10-06,Google Ads,Retargeting,South,Home & Kitchen,168024.02,152181.94,1661634,61482,3.7,59179,5469,2200,3.58,605684.12,355443.23,98058.95,69.17,3.98,64.44,Completed
CAMP0885,Festive Books,2026-02-05,Instagram,Brand Awareness,North,Books,83472.38,81802.61,554719,14779,2.66,13083,1289,409,2.77,188146.0,122900.37,-16556.98,200.01,2.3,-20.24,Completed
CAMP0886,Big Billion Beauty,2025-10-15,Google Ads,Performance,All India,Beauty,60781.98,61236.9,370841,10145,2.74,8927,1080,477,4.71,219840.47,145296.44,13307.13,128.38,3.59,21.73,Completed
CAMP0887,Clearance Home & Kitchen,2026-04-05,Affiliate,Seasonal,All India,Home & Kitchen,49144.36,43729.58,358640,7701,2.15,7452,514,250,3.25,150867.05,95998.34,11139.13,174.92,3.45,25.47,Completed
CAMP0888,Festive Grocery,2025-12-08,Instagram,Performance,South,Grocery,51188.15,45100.47,588825,26828,4.56,25951,1627,519,1.94,117261.22,72274.91,-114.16,86.9,2.6,-0.25,Completed
CAMP0889,Clearance Personal Care,2026-01-29,Influencer,Seasonal,South,Personal Care,68475.62,68886.61,771013,21853,2.83,20744,654,265,1.21,128129.09,72544.81,-13302.33,259.95,1.86,-19.31,Completed
CAMP0890,Weekend Electronics,2025-10-20,Instagram,Brand Awareness,All India,Electronics,143388.1,128776.23,916762,49722,5.42,42817,2222,833,1.68,315501.76,200456.57,-13731.04,154.59,2.45,-10.66,Completed
CAMP0891,Weekend Accessories,2026-07-15,Google Ads,Brand Awareness,East,Accessories,64643.38,55847.21,366648,14406,3.93,13536,1898,722,5.02,207193.15,137168.6,14177.34,77.35,3.71,25.39,Completed
CAMP0892,Clearance Home & Kitchen,2026-04-17,YouTube,Performance,South,Home & Kitchen,178136.66,159390.67,1289777,71424,5.54,65852,3589,1836,2.57,497298.89,330860.25,7047.97,86.81,3.12,4.42,Completed
CAMP0893,Diwali Home & Kitchen,2026-06-03,YouTube,Seasonal,West,Home & Kitchen,186585.88,178959.66,2406395,128963,5.36,124402,9467,3889,3.02,576250.11,348701.41,48589.04,46.02,3.22,27.15,Completed
CAMP0894,Big Billion Personal Care,2026-04-27,Influencer,Retargeting,All India,Personal Care,154102.88,133135.58,944304,18523,1.96,16008,884,346,1.87,328844.88,221370.77,-25661.47,384.78,2.47,-19.27,Completed
CAMP0895,Flash Electronics,2026-07-07,Affiliate,Performance,All India,Electronics,140355.95,142644.54,1923694,56735,2.95,51549,3702,1718,3.03,550607.92,325610.64,82352.74,83.03,3.86,57.73,Completed
CAMP0896,Festive Fashion,2025-12-25,Google Ads,Brand Awareness,West,Fashion,90191.37,78807.8,855315,33682,3.94,28767,4284,1377,4.09,304198.11,188614.42,36775.89,57.23,3.86,46.67,Completed
CAMP0897,New Year Fashion,2025-11-22,Instagram,Performance,East,Fashion,74024.5,69364.7,728187,38375,5.27,36967,1758,720,1.88,182429.16,109737.33,3327.13,96.34,2.63,4.8,Completed
CAMP0898,Monsoon Fashion,2026-03-04,Facebook,Brand Awareness,South,Fashion,73989.03,75577.78,507340,29307,5.78,28716,1866,704,2.4,197258.01,110053.38,11626.85,107.35,2.61,15.38,Completed
CAMP0899,Monsoon Grocery,2026-06-01,Google Ads,Seasonal,South,Grocery,113970.0,113905.94,684086,15643,2.29,13902,1681,731,4.68,432842.57,291698.57,27238.06,155.82,3.8,23.91,Completed
CAMP0900,Flash Electronics,2026-09-17,Influencer,Brand Awareness,West,Electronics,228265.14,208782.22,1664489,90154,5.42,88204,3440,1340,1.49,455145.24,308107.53,-61744.51,155.81,2.18,-29.57,Completed
CAMP0901,Big Billion Fashion,2025-12-01,Facebook,Brand Awareness,South,Fashion,228607.79,221362.05,2665141,104211,3.91,90678,5330,2649,2.54,633095.46,376711.17,35022.24,83.56,2.86,15.82,Completed
CAMP0902,New Year Beauty,2026-01-28,Instagram,Brand Awareness,East,Beauty,184848.69,177964.63,1640135,71904,4.38,68681,5053,1721,2.39,403979.71,241833.03,-15817.95,103.41,2.27,-8.89,Completed
CAMP0903,Festive Sports,2026-07-26,Facebook,Brand Awareness,East,Sports,214027.39,203403.4,2015818,75973,3.77,70160,3814,1483,1.95,646822.81,409076.56,34342.85,137.16,3.18,16.88,Active
CAMP0904,New Year Electronics,2026-07-20,Facebook,Retargeting,East,Electronics,33823.82,33970.29,408051,9575,2.35,8959,558,252,2.64,107006.41,71799.68,1236.44,134.8,3.15,3.64,Completed
CAMP0905,Weekend Electronics,2026-03-04,Facebook,Retargeting,West,Electronics,245319.42,219525.89,1553614,21521,1.39,19251,1249,442,2.06,561986.28,346152.34,-3691.95,496.66,2.56,-1.68,Completed
CAMP0906,Clearance Fashion,2025-11-01,Influencer,Seasonal,East,Fashion,68566.61,58904.98,459514,9888,2.15,8705,423,186,1.89,108385.16,68403.28,-18923.1,316.69,1.84,-32.12,Completed
CAMP0907,New Year Fashion,2026-08-28,Affiliate,Seasonal,South,Fashion,96067.83,95162.49,1090274,28778,2.64,25764,2163,1025,3.56,354004.46,228206.62,30635.35,92.84,3.72,32.19,Completed
CAMP0908,Weekend Home & Kitchen,2025-11-18,Affiliate,Retargeting,All India,Home & Kitchen,132721.9,118981.97,1510497,28296,1.87,25179,2018,1105,3.91,379552.48,229220.45,31350.06,107.68,3.19,26.35,Completed
CAMP0909,Monsoon Books,2026-08-11,Influencer,Performance,East,Books,111237.43,99065.43,609414,15205,2.5,13753,618,216,1.43,218934.6,142274.32,-22405.15,458.64,2.21,-22.62,Completed
CAMP0910,Diwali Sports,2026-04-18,Influencer,Retargeting,East,Sports,18098.38,18721.59,159465,5795,3.63,5365,291,96,1.67,46616.76,31584.44,-3689.27,195.02,2.49,-19.71,Completed
CAMP0911,Summer Electronics,2026-07-06,Instagram,Performance,All India,Electronics,231779.09,219376.6,1394188,24133,1.73,22789,891,466,1.93,561604.1,380602.99,-38375.49,470.77,2.56,-17.49,Completed
CAMP0912,New Year Electronics,2026-05-30,Affiliate,Brand Awareness,North,Electronics,149419.0,128852.08,788181,12029,1.53,11172,745,359,2.99,392998.84,220790.79,43355.97,358.92,3.05,33.65,Completed
CAMP0913,Monsoon Furniture,2026-06-23,Referral,Seasonal,North,Furniture,196684.85,199481.22,1661363,71724,4.32,70033,10487,4431,6.18,1354477.48,833279.68,321716.58,45.02,6.79,161.28,Completed
CAMP0914,Festive Electronics,2026-07-04,Instagram,Performance,West,Electronics,113213.15,114995.31,1253064,73267,5.85,63815,4016,1409,1.92,257589.49,147017.21,-4423.03,81.61,2.24,-3.85,Completed
CAMP0915,New Year Electronics,2025-10-29,Instagram,Performance,South,Electronics,192081.59,186356.41,2601375,111201,4.27,108889,7141,2716,2.44,542297.15,319295.12,36645.62,68.61,2.91,19.66,Completed
CAMP0916,Monsoon Grocery,2025-12-16,Influencer,Seasonal,South,Grocery,229308.82,234047.35,1977771,55102,2.79,48875,3429,1127,2.05,566394.59,322735.23,9612.01,207.67,2.42,4.11,Completed
CAMP0917,Big Billion Grocery,2026-04-08,Referral,Retargeting,West,Grocery,211066.82,185499.99,1791705,95195,5.31,86473,14158,5327,5.6,1148244.94,663188.68,299556.27,34.82,6.19,161.49,Completed
CAMP0918,Monsoon Sports,2026-06-04,Influencer,Seasonal,West,Sports,102815.12,94071.23,584270,32950,5.64,29689,1400,682,2.07,174972.49,99036.95,-18135.69,137.93,1.86,-19.28,Completed
CAMP0919,Big Billion Sports,2025-12-29,Facebook,Retargeting,East,Sports,187470.54,165214.86,1140366,50807,4.46,45641,3459,1229,2.42,480775.24,293496.85,22063.53,134.43,2.91,13.35,Completed
CAMP0920,Festive Personal Care,2025-11-08,Affiliate,Retargeting,East,Personal Care,89262.17,75962.73,1017200,25121,2.47,21649,1298,696,2.77,295495.02,168995.57,50536.72,109.14,3.89,66.53,Completed
CAMP0921,Clearance Home & Kitchen,2026-05-19,Google Ads,Retargeting,East,Home & Kitchen,168036.26,153502.62,1944259,40249,2.07,34570,3255,1466,3.64,607870.38,384062.97,70304.79,104.71,3.96,45.8,Completed
CAMP0922,Summer Grocery,2026-04-11,Google Ads,Brand Awareness,North,Grocery,56992.37,56239.19,419562,25114,5.99,21681,3695,1360,5.42,247452.44,138694.94,52518.31,41.35,4.4,93.38,Completed
CAMP0923,Republic Day Furniture,2025-12-24,Facebook,Seasonal,All India,Furniture,96544.44,83911.18,1097955,59044,5.38,51760,3231,1734,2.94,243342.42,161694.21,-2262.97,48.39,2.9,-2.7,Completed
CAMP0924,Republic Day Electronics,2026-08-06,Instagram,Performance,All India,Electronics,249604.53,257376.55,2352937,28180,1.2,26312,1306,424,1.51,679474.09,450938.39,-28840.85,607.02,2.64,-11.21,Completed
CAMP0925,Clearance Accessories,2026-06-10,Email,Performance,All India,Accessories,38034.62,38402.15,381746,4792,1.26,4545,985,404,8.44,212363.89,126378.13,47583.61,95.05,5.53,123.91,Completed
CAMP0926,Monsoon Home & Kitchen,2025-11-09,WhatsApp,Performance,South,Home & Kitchen,53849.0,47504.56,348486,9941,2.85,9431,1342,740,7.45,237997.85,133302.72,57190.57,64.2,5.01,120.39,Completed
CAMP0927,Summer Fashion,2026-07-12,YouTube,Retargeting,East,Fashion,223887.32,198465.23,1947810,23446,1.2,19951,1342,474,2.02,559671.95,327741.67,33465.05,418.7,2.82,16.86,Completed
CAMP0928,Monsoon Electronics,2026-04-18,Facebook,Brand Awareness,North,Electronics,160382.96,138094.37,1112120,46671,4.2,42496,2213,1059,2.27,349378.76,207837.17,3447.22,130.4,2.53,2.5,Completed
CAMP0929,Flash Grocery,2026-01-07,Influencer,Seasonal,North,Grocery,195134.43,188988.86,1728417,67679,3.92,64172,2490,1289,1.9,461132.82,257428.29,14715.67,146.62,2.44,7.79,Completed
CAMP0930,Republic Day Accessories,2026-02-26,Google Ads,Seasonal,All India,Accessories,107176.6,102823.56,855477,26804,3.13,23813,3602,1391,5.19,426717.77,242816.52,81077.69,73.92,4.15,78.85,Completed
CAMP0931,Big Billion Electronics,2026-06-14,Influencer,Performance,All India,Electronics,249780.88,220060.03,2672205,46372,1.74,41893,3162,997,2.15,407111.06,265773.32,-78722.29,220.72,1.85,-35.77,Completed
CAMP0932,Monsoon Accessories,2026-03-31,Influencer,Performance,North,Accessories,83031.1,82996.03,919814,50722,5.51,49310,1980,734,1.45,179271.42,99837.52,-3562.13,113.07,2.16,-4.29,Completed
CAMP0933,Summer Electronics,2026-07-16,Google Ads,Brand Awareness,South,Electronics,216724.38,219307.07,2606536,152405,5.85,147927,22361,7922,5.2,947406.54,556687.15,171412.32,27.68,4.32,78.16,Completed
CAMP0934,Clearance Electronics,2026-06-04,Facebook,Seasonal,North,Electronics,63301.61,54683.36,581505,28578,4.91,24964,1046,542,1.9,167877.92,94067.92,19126.64,100.89,3.07,34.98,Completed
CAMP0935,Festive Personal Care,2026-09-04,Influencer,Brand Awareness,East,Personal Care,77079.32,69683.33,728889,8461,1.16,7644,313,153,1.82,161665.33,95844.52,-3862.52,455.45,2.32,-5.54,Completed
CAMP0936,Big Billion Home & Kitchen,2026-08-02,Google Ads,Performance,North,Home & Kitchen,247516.63,248953.66,2973482,82536,2.78,70720,10627,3771,4.57,1040626.3,608782.79,182889.85,66.02,4.18,73.46,Completed
CAMP0937,Flash Accessories,2026-06-01,WhatsApp,Performance,South,Accessories,174638.76,161292.66,1904038,94888,4.98,84370,12708,5380,5.67,862915.73,561610.57,140012.5,29.98,5.35,86.81,Completed
CAMP0938,New Year Accessories,2026-09-15,Instagram,Retargeting,East,Accessories,104324.17,89010.67,766112,39703,5.18,34095,2860,979,2.47,211845.39,143698.33,-20863.61,90.92,2.38,-23.44,Completed
CAMP0939,Clearance Sports,2025-11-22,Email,Seasonal,West,Sports,229616.22,230509.45,2693782,59860,2.22,56300,10232,4644,7.76,1406107.65,946474.31,229123.89,49.64,6.1,99.4,Completed
CAMP0940,New Year Accessories,2025-11-21,Facebook,Retargeting,All India,Accessories,89114.41,77658.08,678011,27532,4.06,25568,1543,544,1.98,247729.28,167966.67,2104.53,142.75,3.19,2.71,Completed
CAMP0941,New Year Grocery,2025-10-02,Affiliate,Retargeting,North,Grocery,22621.67,23095.32,154002,8174,5.31,7911,1020,324,3.97,69747.87,38464.42,8188.13,71.28,3.02,35.45,Completed
CAMP0942,Flash Fashion,2026-06-20,Referral,Performance,East,Fashion,202697.39,175917.6,2106111,22383,1.06,19753,3890,1610,7.19,1398544.92,869511.13,353116.19,109.27,7.95,200.73,Completed
CAMP0943,New Year Electronics,2026-04-25,YouTube,Retargeting,West,Electronics,220185.94,201411.45,2151643,98090,4.56,88891,8289,2876,2.93,582079.09,359921.01,20746.63,70.03,2.89,10.3,Completed
CAMP0944,Republic Day Grocery,2026-07-25,Influencer,Retargeting,West,Grocery,110473.7,101962.06,1409631,42137,2.99,38200,2258,887,2.11,212081.08,134290.17,-24171.15,114.95,2.08,-23.71,Completed
CAMP0945,Flash Electronics,2026-05-25,Google Ads,Brand Awareness,North,Electronics,200899.11,198646.61,1716223,45531,2.65,38925,5959,1910,4.2,734992.46,419458.09,116887.76,104.0,3.7,58.84,Completed
CAMP0946,Monsoon Grocery,2025-12-24,Email,Retargeting,All India,Grocery,26142.65,26601.94,346080,10344,2.99,9228,1995,922,8.91,185681.54,108166.86,50912.74,28.85,6.98,191.39,Completed
CAMP0947,Flash Electronics,2025-12-29,Facebook,Brand Awareness,West,Electronics,158788.98,145213.48,1317628,60660,4.6,57898,4257,1618,2.67,393528.53,233482.14,14832.91,89.75,2.71,10.21,Completed
CAMP0948,Festive Grocery,2026-01-03,YouTube,Brand Awareness,North,Grocery,187426.17,162612.01,1956048,51899,2.65,47377,3194,1052,2.03,513853.95,348672.53,2569.41,154.57,3.16,1.58,Completed
CAMP0949,Flash Grocery,2026-07-19,Instagram,Retargeting,West,Grocery,97460.89,83165.69,532495,14758,2.77,12999,654,322,2.19,217894.11,124676.36,10052.06,258.28,2.62,12.09,Completed
CAMP0950,Clearance Grocery,2026-05-20,Influencer,Retargeting,South,Grocery,239492.93,242201.28,1870208,107643,5.76,93665,5483,2100,1.95,622457.29,350181.12,30074.89,115.33,2.57,12.42,Completed
CAMP0951,Festive Fashion,2026-05-08,Email,Seasonal,West,Fashion,102911.56,89854.02,754231,33650,4.46,30444,6011,2500,7.43,596630.69,405032.6,101744.07,35.94,6.64,113.23,Completed
CAMP0952,Festive Beauty,2026-09-07,Google Ads,Brand Awareness,All India,Beauty,191614.29,177149.71,2282595,70797,3.1,67020,10606,3801,5.37,671397.4,438756.74,55490.95,46.61,3.79,31.32,Completed
CAMP0953,Weekend Fashion,2025-11-11,Email,Brand Awareness,East,Fashion,141435.7,141022.07,1842980,70922,3.85,68110,13812,4804,6.77,808056.46,536073.05,130961.34,29.36,5.73,92.87,Active
CAMP0954,Festive Beauty,2026-04-26,Email,Retargeting,East,Beauty,141367.55,121247.13,1615607,26073,1.61,23520,6565,2059,7.9,834180.25,543873.42,169059.7,58.89,6.88,139.43,Completed
CAMP0955,Festive Accessories,2025-10-20,Google Ads,Brand Awareness,All India,Accessories,179310.35,172932.13,1224839,60916,4.97,55592,5362,2237,3.67,745337.48,451364.28,121041.07,77.31,4.31,69.99,Completed
CAMP0956,Festive Electronics,2025-11-27,Facebook,Seasonal,South,Electronics,127391.27,123111.45,976067,19641,2.01,17007,1064,520,2.65,412423.36,240415.09,48896.82,236.75,3.35,39.72,Completed
CAMP0957,Big Billion Fashion,2025-11-05,Instagram,Retargeting,North,Fashion,163800.66,153656.63,1609092,27724,1.72,24129,1873,658,2.37,417946.03,274216.52,-9927.12,233.52,2.72,-6.46,Completed
CAMP0958,Clearance Grocery,2026-01-02,Instagram,Performance,North,Grocery,103721.87,105730.59,1309970,76355,5.83,70252,2491,1365,1.79,335165.97,191971.85,37463.53,77.46,3.17,35.43,Completed
CAMP0959,Diwali Beauty,2026-03-20,YouTube,Retargeting,All India,Beauty,174408.29,180925.87,1444843,39383,2.73,35638,2704,865,2.2,589818.34,356307.15,52585.32,209.16,3.26,29.06,Completed
CAMP0960,Big Billion Grocery,2025-11-06,Influencer,Brand Awareness,West,Grocery,152419.02,151602.58,1402976,30227,2.15,27129,1720,539,1.79,325945.55,197680.61,-23337.64,281.27,2.15,-15.39,Completed
CAMP0961,Weekend Fashion,2026-03-17,Affiliate,Performance,All India,Fashion,73989.46,63867.51,819455,32329,3.95,28920,2237,934,2.89,235032.44,143572.78,27592.15,68.38,3.68,43.2,Completed
CAMP0962,Flash Accessories,2026-01-28,Influencer,Performance,South,Accessories,198409.63,171499.27,1924272,62435,3.24,60598,2767,958,1.53,339568.55,215559.38,-47490.1,179.02,1.98,-27.69,Completed
CAMP0963,Weekend Sports,2026-06-19,Google Ads,Brand Awareness,East,Sports,247494.8,244941.89,2823084,114799,4.07,106310,12027,4109,3.58,955273.37,598294.69,112036.79,59.61,3.9,45.74,Completed
CAMP0964,Flash Personal Care,2025-10-24,Facebook,Retargeting,South,Personal Care,55428.01,50223.05,345662,12102,3.5,10971,643,339,2.81,137611.16,91602.5,-4214.39,148.15,2.74,-8.39,Completed
CAMP0965,Big Billion Home & Kitchen,2026-09-04,Instagram,Brand Awareness,North,Home & Kitchen,229806.74,233687.63,2176644,90716,4.17,85915,4858,2144,2.36,581882.2,371820.71,-23626.14,109.0,2.49,-10.11,Completed
CAMP0966,Republic Day Home & Kitchen,2026-08-07,Instagram,Performance,North,Home & Kitchen,112347.99,102710.07,1294587,57411,4.43,52752,3513,1117,1.95,302994.71,175378.31,24906.33,91.95,2.95,24.25,Completed
CAMP0967,Diwali Personal Care,2025-11-03,Facebook,Retargeting,East,Personal Care,77326.85,78847.85,877683,50027,5.7,42861,2623,955,1.91,216043.11,137898.66,-703.4,82.56,2.74,-0.89,Completed
CAMP0968,Big Billion Personal Care,2025-11-09,Instagram,Seasonal,South,Personal Care,86553.07,90061.38,1098562,31163,2.84,29388,1411,634,2.04,225153.45,142125.47,-7033.4,142.05,2.5,-7.81,Completed
CAMP0969,Weekend Electronics,2025-12-31,Influencer,Retargeting,East,Electronics,248435.53,225442.19,2042893,43336,2.12,37176,2472,798,1.84,459902.07,308391.37,-73931.49,282.51,2.04,-32.79,Completed
CAMP0970,Festive Sports,2026-08-06,Google Ads,Retargeting,All India,Sports,135740.22,134251.74,1463480,52135,3.56,47503,5997,2646,5.08,566542.34,380628.81,51661.79,50.74,4.22,38.48,Completed
CAMP0971,Festive Books,2026-01-08,Referral,Seasonal,All India,Books,80731.69,80938.51,978983,22852,2.33,19842,2687,1406,6.15,615942.06,368601.23,166402.32,57.57,7.61,205.59,Completed
CAMP0972,Weekend Accessories,2026-05-07,Referral,Performance,All India,Accessories,75181.46,65029.04,902531,25588,2.84,24624,3951,1405,5.49,476662.86,280581.83,131051.99,46.28,7.33,201.53,Completed
CAMP0973,New Year Electronics,2026-07-22,Influencer,Seasonal,West,Electronics,212655.52,207972.73,1822926,28189,1.55,27462,1661,592,2.1,488735.92,302968.52,-22205.33,351.31,2.35,-10.68,Active
CAMP0974,Monsoon Sports,2026-01-08,Instagram,Performance,West,Sports,178125.36,154140.22,1037954,60386,5.82,55707,3456,1646,2.73,428509.81,278214.58,-3844.99,93.65,2.78,-2.49,Completed
CAMP0975,Big Billion Furniture,2026-03-15,Facebook,Retargeting,East,Furniture,208360.96,196475.94,1906860,60476,3.17,53051,4212,1590,2.63,499048.89,327114.28,-24541.33,123.57,2.54,-12.49,Completed
CAMP0976,Diwali Personal Care,2026-05-25,Facebook,Seasonal,East,Personal Care,88291.79,76909.56,921529,30881,3.35,27667,2674,898,2.91,193812.09,126067.63,-9165.1,85.65,2.52,-11.92,Completed
CAMP0977,New Year Sports,2026-07-10,Google Ads,Brand Awareness,West,Sports,138672.91,143122.25,1937315,109427,5.65,100401,11183,5138,4.7,523827.43,326041.87,54663.31,27.86,3.66,38.19,Completed
CAMP0978,Republic Day Accessories,2026-02-23,Instagram,Brand Awareness,West,Accessories,55447.18,51086.18,382838,13432,3.51,12635,807,317,2.36,138954.41,85001.95,2866.28,161.16,2.72,5.61,Completed
CAMP0979,Flash Fashion,2025-11-06,Organic,Seasonal,West,Fashion,168747.07,165609.36,1332565,60003,4.5,55641,6736,3429,5.72,1541823.14,866600.86,509612.92,48.3,9.31,307.72,Completed
CAMP0980,Flash Beauty,2025-11-13,Instagram,Seasonal,East,Beauty,64806.9,62274.62,584656,26972,4.61,23468,1131,531,1.97,171255.21,104205.56,4775.03,117.28,2.75,7.67,Completed
CAMP0981,Clearance Accessories,2026-08-16,Google Ads,Performance,East,Accessories,64337.19,58504.85,690525,32124,4.65,30723,4752,1572,4.9,208862.31,128261.81,22095.65,37.22,3.57,37.77,Completed
CAMP0982,Monsoon Electronics,2026-07-28,Email,Performance,West,Electronics,98204.13,96499.25,1043472,17142,1.64,16324,2826,1417,8.27,619525.18,416865.99,106159.94,68.1,6.42,110.01,Completed
CAMP0983,Summer Fashion,2026-01-30,Google Ads,Seasonal,West,Fashion,53682.59,53849.27,468241,27054,5.78,24695,2918,1284,4.75,201396.27,127786.48,19760.52,41.94,3.74,36.7,Completed
CAMP0984,Diwali Personal Care,2026-04-28,Influencer,Seasonal,West,Personal Care,99109.51,102435.16,1238894,28498,2.3,27022,1864,610,2.14,195651.16,108447.4,-15231.4,167.93,1.91,-14.87,Completed
CAMP0985,Republic Day Grocery,2026-07-16,Referral,Brand Awareness,East,Grocery,120315.92,123198.78,908857,10160,1.12,8870,1250,669,6.59,744120.63,423044.76,197877.09,184.15,6.04,160.62,Completed
CAMP0986,Republic Day Fashion,2026-07-03,Instagram,Brand Awareness,West,Fashion,222732.56,223203.62,2285905,72045,3.15,69523,4241,1507,2.09,528992.58,355570.37,-49781.41,148.11,2.37,-22.3,Completed
CAMP0987,Big Billion Fashion,2025-11-15,Influencer,Brand Awareness,South,Fashion,23026.68,21885.74,245607,3205,1.3,2994,144,49,1.55,56465.21,31948.69,2630.78,446.65,2.58,12.02,Completed
CAMP0988,Flash Accessories,2026-06-19,Influencer,Brand Awareness,West,Accessories,224805.58,223318.17,2469719,51175,2.07,47240,2016,1031,2.02,569461.33,386374.27,-40231.11,216.6,2.55,-18.02,Completed
CAMP0989,Weekend Sports,2026-04-20,Facebook,Seasonal,South,Sports,197472.59,190889.36,1790092,54517,3.05,48953,4008,1612,2.96,519219.06,302666.64,25663.06,118.42,2.72,13.44,Completed
CAMP0990,Summer Home & Kitchen,2026-05-18,Instagram,Performance,West,Home & Kitchen,232322.74,215899.29,2249307,83871,3.73,80231,5795,1893,2.26,520317.29,344376.24,-39958.24,114.05,2.41,-18.51,Completed
CAMP0991,Summer Electronics,2026-07-02,Email,Performance,North,Electronics,232250.34,239968.32,2187423,93170,4.26,83854,14937,8025,8.61,1449408.65,866025.35,343414.98,29.9,6.04,143.11,Completed
CAMP0992,Weekend Accessories,2026-05-03,Google Ads,Seasonal,South,Accessories,87761.52,90288.77,938021,36871,3.93,31985,3440,1885,5.11,321428.02,178066.71,53072.54,47.9,3.56,58.78,Completed
CAMP0993,New Year Grocery,2026-06-18,Affiliate,Seasonal,East,Grocery,72568.21,74127.3,968324,26923,2.78,24630,2209,751,2.79,272788.46,150946.54,47714.62,98.7,3.68,64.37,Completed
CAMP0994,Summer Grocery,2026-07-25,Affiliate,Seasonal,West,Grocery,41743.83,38293.9,394237,20058,5.09,17446,1636,544,2.71,150112.09,93319.83,18498.36,70.39,3.92,48.31,Completed
CAMP0995,Weekend Personal Care,2026-06-06,Referral,Retargeting,South,Personal Care,95527.71,99277.5,1314339,68976,5.25,63321,6384,3475,5.04,729689.62,418730.69,211681.43,28.57,7.35,213.22,Completed
CAMP0996,Flash Sports,2025-12-22,Google Ads,Performance,All India,Sports,38020.27,38070.58,449673,4600,1.02,4007,455,233,5.08,152282.32,95437.14,18774.6,163.39,4.0,49.32,Completed
CAMP0997,Summer Electronics,2026-07-21,Influencer,Retargeting,South,Electronics,86615.91,80687.83,1093233,24670,2.26,23084,1014,360,1.46,146044.97,82869.42,-17512.28,224.13,1.81,-21.7,Completed
CAMP0998,Clearance Fashion,2026-03-17,YouTube,Brand Awareness,West,Fashion,163522.59,143380.5,1269719,17788,1.4,16105,1384,477,2.69,467420.43,297131.68,26908.25,300.59,3.26,18.77,Completed
CAMP0999,Weekend Personal Care,2026-05-26,Referral,Seasonal,North,Personal Care,153558.02,131018.53,1658232,92587,5.58,80048,16606,6113,6.6,881754.71,493365.05,257371.13,21.43,6.73,196.44,Completed
CAMP1000,Clearance Electronics,2025-12-09,YouTube,Brand Awareness,East,Electronics,182252.64,184251.04,2279003,63547,2.79,55945,4679,1638,2.58,593288.35,376441.89,32595.42,112.49,3.22,17.69,Completed
