Return_ID,Order_ID,Customer_ID,Product_ID,Return_Date,Return_Reason,Category,Refund_Amount,Reverse_Shipping_Cost,Restocking_Cost,Total_Return_Cost,Replacement_Requested
RET00001,ORD000009,CUST04842,PROD0385,2026-07-27,Duplicate order,Electronics,13082.88,58.02,347.12,13488.02,No
RET00002,ORD000029,CUST02669,PROD0320,2026-01-18,Better price elsewhere,Grocery,418.1,83.74,10.96,512.8,Yes
RET00003,ORD000036,CUST04344,PROD0470,2025-12-25,Wrong product,Electronics,3133.55,40.06,108.73,3282.34,No
RET00004,ORD000056,CUST02431,PROD0079,2025-11-11,Changed mind,Home & Kitchen,3079.56,80.29,86.38,3246.23,No
RET00005,ORD000073,CUST03538,PROD0188,2026-01-03,Product damaged,Electronics,1179.59,57.11,37.8,1274.5,No
RET00006,ORD000074,CUST02462,PROD0230,2026-08-31,Not as expected,Electronics,24951.58,29.8,837.34,25818.72,No
RET00007,ORD000084,CUST04267,PROD0426,2026-04-14,Better price elsewhere,Electronics,5125.12,85.34,152.95,5363.41,Yes
RET00008,ORD000086,CUST02190,PROD0158,2026-02-05,Better price elsewhere,Fashion,660.07,24.62,15.17,699.86,No
RET00009,ORD000090,CUST02452,PROD0392,2026-09-10,Wrong product,Home & Kitchen,2433.95,44.51,59.96,2538.42,No
RET00010,ORD000093,CUST00150,PROD0304,2026-03-08,Duplicate order,Electronics,23363.82,48.04,604.55,24016.41,No
RET00011,ORD000108,CUST02346,PROD0300,2025-12-16,Product damaged,Electronics,15512.57,70.12,465.02,16047.71,No
RET00012,ORD000118,CUST00891,PROD0430,2026-04-07,Product damaged,Electronics,15572.45,59.63,406.2,16038.28,No
RET00013,ORD000128,CUST04159,PROD0067,2026-01-28,Late delivery,Fashion,3133.3,36.3,69.58,3239.18,Yes
RET00014,ORD000135,CUST01273,PROD0082,2026-05-02,Better price elsewhere,Electronics,6723.12,69.94,180.25,6973.31,No
RET00015,ORD000179,CUST01830,PROD0006,2026-04-17,Quality issue,Accessories,2385.3,85.72,45.95,2516.97,Yes
RET00016,ORD000195,CUST00382,PROD0104,2026-08-30,Changed mind,Home & Kitchen,6152.32,76.95,146.18,6375.45,No
RET00017,ORD000197,CUST00610,PROD0270,2026-09-23,Better price elsewhere,Electronics,19113.78,75.0,616.69,19805.47,No
RET00018,ORD000200,CUST03608,PROD0314,2026-02-16,Better price elsewhere,Electronics,13220.72,47.26,437.77,13705.75,Yes
RET00019,ORD000228,CUST02840,PROD0136,2025-12-09,Duplicate order,Electronics,6367.49,36.86,210.99,6615.34,Yes
RET00020,ORD000245,CUST00487,PROD0410,2025-12-19,Size issue,Fashion,6102.5,44.23,149.93,6296.66,Yes
RET00021,ORD000250,CUST04309,PROD0256,2025-12-16,Quality issue,Fashion,6379.19,79.44,154.17,6612.8,No
RET00022,ORD000288,CUST03842,PROD0258,2025-11-30,Product damaged,Electronics,32039.35,45.62,776.11,32861.08,Yes
RET00023,ORD000302,CUST00019,PROD0377,2026-08-23,Better price elsewhere,Fashion,1331.01,76.84,27.35,1435.2,No
RET00024,ORD000360,CUST01613,PROD0269,2026-02-18,Wrong product,Sports,4423.92,56.51,111.51,4591.94,Yes
RET00025,ORD000373,CUST01232,PROD0225,2026-01-18,Better price elsewhere,Fashion,3068.68,31.57,68.94,3169.19,No
RET00026,ORD000403,CUST00004,PROD0500,2026-06-22,Wrong product,Electronics,28465.36,54.18,792.01,29311.55,No
RET00027,ORD000408,CUST02025,PROD0470,2026-08-15,Product damaged,Electronics,4160.65,73.64,108.73,4343.02,Yes
RET00028,ORD000413,CUST01006,PROD0434,2026-09-24,Not as expected,Fashion,942.87,38.7,29.41,1010.98,No
RET00029,ORD000414,CUST01719,PROD0207,2025-10-18,Changed mind,Accessories,1871.29,81.4,48.21,2000.9,No
RET00030,ORD000439,CUST00992,PROD0387,2026-05-17,Size issue,Electronics,14546.45,50.02,403.71,15000.18,Yes
RET00031,ORD000445,CUST03935,PROD0349,2026-04-18,Changed mind,Home & Kitchen,1683.38,67.92,41.04,1792.34,Yes
RET00032,ORD000450,CUST01212,PROD0426,2025-12-28,Wrong product,Electronics,5464.37,75.26,152.95,5692.58,Yes
RET00033,ORD000468,CUST02376,PROD0321,2025-12-04,Better price elsewhere,Electronics,9312.5,41.03,279.92,9633.45,No
RET00034,ORD000479,CUST02860,PROD0077,2026-08-03,Not as expected,Electronics,24463.31,76.22,677.32,25216.85,No
RET00035,ORD000542,CUST02981,PROD0319,2026-06-01,Quality issue,Electronics,17243.03,35.47,422.1,17700.6,Yes
RET00036,ORD000550,CUST02890,PROD0175,2025-12-03,Changed mind,Electronics,29078.44,25.68,920.46,30024.58,Yes
RET00037,ORD000563,CUST01737,PROD0424,2026-08-31,Product damaged,Electronics,1540.68,21.1,52.25,1614.03,Yes
RET00038,ORD000581,CUST01409,PROD0055,2026-04-12,Duplicate order,Fashion,2642.77,26.95,65.34,2735.06,No
RET00039,ORD000588,CUST00744,PROD0500,2026-05-31,Changed mind,Electronics,26215.93,43.47,792.01,27051.41,No
RET00040,ORD000595,CUST02497,PROD0348,2026-02-10,Changed mind,Sports,4257.2,29.58,92.56,4379.34,No
RET00041,ORD000619,CUST03276,PROD0477,2026-05-20,Quality issue,Electronics,30539.59,26.02,832.89,31398.5,No
RET00042,ORD000627,CUST04954,PROD0377,2025-11-05,Quality issue,Fashion,1066.41,31.72,27.35,1125.48,No
RET00043,ORD000631,CUST04373,PROD0111,2025-10-05,Duplicate order,Electronics,1451.02,40.38,38.81,1530.21,No
RET00044,ORD000632,CUST01332,PROD0390,2026-03-11,Wrong product,Electronics,38602.32,21.06,1375.99,39999.37,No
RET00045,ORD000686,CUST04410,PROD0467,2026-03-09,Not as expected,Fashion,1231.41,57.04,28.33,1316.78,Yes
RET00046,ORD000687,CUST02753,PROD0028,2026-02-14,Late delivery,Electronics,1275.02,75.37,44.31,1394.7,No
RET00047,ORD000690,CUST04626,PROD0090,2026-08-16,Duplicate order,Fashion,2150.82,86.43,73.9,2311.15,No
RET00048,ORD000691,CUST01774,PROD0414,2026-06-15,Better price elsewhere,Home & Kitchen,4766.07,53.68,122.06,4941.81,Yes
RET00049,ORD000693,CUST01487,PROD0022,2026-06-15,Quality issue,Beauty,338.51,50.42,5.66,394.59,No
RET00050,ORD000713,CUST04838,PROD0294,2025-12-25,Better price elsewhere,Electronics,3127.43,63.48,86.4,3277.31,Yes
RET00051,ORD000722,CUST00183,PROD0230,2026-05-14,Size issue,Electronics,32001.26,23.74,837.34,32862.34,No
RET00052,ORD000725,CUST01234,PROD0323,2025-10-18,Size issue,Fashion,434.71,63.35,9.92,507.98,No
RET00053,ORD000736,CUST02442,PROD0235,2026-01-03,Late delivery,Electronics,27328.63,54.66,781.17,28164.46,No
RET00054,ORD000749,CUST04764,PROD0248,2025-10-18,Product damaged,Personal Care,2545.88,74.22,64.96,2685.06,No
RET00055,ORD000758,CUST01646,PROD0003,2025-12-12,Quality issue,Home & Kitchen,10433.74,63.73,267.44,10764.91,No
RET00056,ORD000772,CUST03174,PROD0452,2025-11-14,Late delivery,Electronics,2640.38,30.21,75.26,2745.85,Yes
RET00057,ORD000785,CUST00776,PROD0498,2025-12-21,Late delivery,Electronics,7962.22,43.01,237.6,8242.83,Yes
RET00058,ORD000799,CUST02029,PROD0395,2026-04-16,Better price elsewhere,Electronics,9655.65,34.17,282.06,9971.88,No
RET00059,ORD000800,CUST04954,PROD0310,2026-09-15,Not as expected,Electronics,6144.58,65.57,166.46,6376.61,No
RET00060,ORD000823,CUST03037,PROD0426,2025-11-09,Size issue,Electronics,5384.36,69.99,152.95,5607.3,Yes
RET00061,ORD000847,CUST00541,PROD0241,2026-04-09,Quality issue,Accessories,3174.12,33.41,68.49,3276.02,No
RET00062,ORD000850,CUST03449,PROD0066,2026-06-07,Wrong product,Electronics,6396.63,47.48,216.24,6660.35,No
RET00063,ORD000855,CUST01496,PROD0180,2026-02-09,Product damaged,Fashion,3442.84,43.66,72.1,3558.6,No
RET00064,ORD000859,CUST04028,PROD0241,2026-04-01,Better price elsewhere,Accessories,7146.12,30.63,136.98,7313.73,No
RET00065,ORD000861,CUST04790,PROD0236,2026-01-28,Product damaged,Fashion,1716.04,46.72,39.61,1802.37,No
RET00066,ORD000868,CUST01346,PROD0308,2026-09-05,Better price elsewhere,Accessories,525.04,61.54,13.88,600.46,Yes
RET00067,ORD000872,CUST00010,PROD0390,2026-09-12,Size issue,Electronics,23529.98,74.5,688.0,24292.48,No
RET00068,ORD000888,CUST00533,PROD0397,2026-04-06,Wrong product,Electronics,56847.88,44.42,1605.37,58497.67,No
RET00069,ORD000893,CUST02100,PROD0393,2026-01-06,Quality issue,Fashion,3016.4,34.98,65.16,3116.54,No
RET00070,ORD000907,CUST00660,PROD0426,2026-08-31,Size issue,Electronics,5369.59,61.31,152.95,5583.85,No
RET00071,ORD000908,CUST01614,PROD0333,2026-08-16,Quality issue,Electronics,13481.45,76.84,360.02,13918.31,No
RET00072,ORD000945,CUST03806,PROD0419,2026-07-03,Size issue,Fashion,3082.6,54.84,70.8,3208.24,No
RET00073,ORD000951,CUST03092,PROD0299,2026-04-14,Late delivery,Fashion,1130.46,24.67,25.95,1181.08,Yes
RET00074,ORD000957,CUST00080,PROD0179,2025-11-25,Late delivery,Accessories,6567.21,40.85,122.83,6730.89,No
RET00075,ORD000988,CUST02120,PROD0203,2025-12-01,Duplicate order,Fashion,246.51,20.06,6.21,272.78,No
RET00076,ORD000994,CUST00570,PROD0385,2026-07-02,Wrong product,Electronics,12014.83,69.42,347.12,12431.37,No
RET00077,ORD001019,CUST03452,PROD0170,2026-03-25,Quality issue,Beauty,1848.94,39.35,41.21,1929.5,No
RET00078,ORD001024,CUST01018,PROD0301,2026-01-01,Late delivery,Grocery,211.35,64.13,8.1,283.58,No
RET00079,ORD001031,CUST04003,PROD0171,2025-11-24,Product damaged,Sports,524.75,64.16,13.32,602.23,Yes
RET00080,ORD001037,CUST04210,PROD0484,2025-10-15,Quality issue,Electronics,27014.43,40.89,686.73,27742.05,No
RET00081,ORD001041,CUST01222,PROD0481,2026-06-11,Quality issue,Electronics,38236.93,25.16,1077.06,39339.15,No
RET00082,ORD001070,CUST00303,PROD0325,2026-04-29,Not as expected,Fashion,573.64,50.28,14.07,637.99,Yes
RET00083,ORD001079,CUST01522,PROD0237,2025-11-20,Better price elsewhere,Electronics,11506.26,24.76,335.17,11866.19,No
RET00084,ORD001080,CUST04243,PROD0263,2026-06-15,Quality issue,Electronics,5612.98,28.73,152.95,5794.66,No
RET00085,ORD001086,CUST03377,PROD0263,2026-06-25,Wrong product,Electronics,4468.68,71.82,152.95,4693.45,Yes
RET00086,ORD001116,CUST04027,PROD0469,2026-08-30,Changed mind,Fashion,1540.51,63.54,37.55,1641.6,No
RET00087,ORD001149,CUST02610,PROD0033,2026-09-24,Not as expected,Fashion,322.44,86.26,7.72,416.42,No
RET00088,ORD001168,CUST03369,PROD0409,2026-05-08,Not as expected,Electronics,18151.86,67.87,504.82,18724.55,No
RET00089,ORD001183,CUST00608,PROD0285,2026-08-10,Not as expected,Fashion,684.75,37.2,18.6,740.55,No
RET00090,ORD001187,CUST00312,PROD0020,2026-07-09,Quality issue,Grocery,389.93,69.81,11.92,471.66,No
RET00091,ORD001190,CUST03136,PROD0012,2026-05-30,Duplicate order,Electronics,28273.1,36.44,813.82,29123.36,Yes
RET00092,ORD001192,CUST02866,PROD0426,2026-04-22,Product damaged,Electronics,5582.69,51.22,152.95,5786.86,No
RET00093,ORD001209,CUST00703,PROD0450,2025-12-19,Late delivery,Sports,2542.84,30.38,59.24,2632.46,No
RET00094,ORD001232,CUST00850,PROD0285,2025-10-19,Wrong product,Fashion,781.9,30.98,18.6,831.48,No
RET00095,ORD001246,CUST04449,PROD0138,2025-12-14,Duplicate order,Fashion,2514.59,67.05,73.35,2654.99,No
RET00096,ORD001282,CUST04814,PROD0327,2025-12-21,Size issue,Fashion,1478.47,40.2,35.81,1554.48,No
RET00097,ORD001291,CUST01491,PROD0010,2025-11-16,Size issue,Electronics,32747.29,86.23,882.19,33715.71,No
RET00098,ORD001307,CUST03158,PROD0087,2026-06-03,Changed mind,Home & Kitchen,2286.87,28.77,62.83,2378.47,No
RET00099,ORD001326,CUST00239,PROD0443,2025-11-03,Size issue,Home & Kitchen,4606.81,57.04,109.17,4773.02,No
RET00100,ORD001353,CUST00716,PROD0129,2026-01-15,Not as expected,Electronics,30347.31,30.12,782.25,31159.68,No
RET00101,ORD001358,CUST00940,PROD0409,2026-07-03,Late delivery,Electronics,19110.49,48.94,504.82,19664.25,No
RET00102,ORD001370,CUST02411,PROD0188,2025-12-02,Not as expected,Electronics,1278.26,63.38,37.8,1379.44,Yes
RET00103,ORD001383,CUST00984,PROD0259,2026-03-24,Late delivery,Electronics,15743.06,79.23,440.05,16262.34,No
RET00104,ORD001388,CUST02886,PROD0126,2026-04-01,Product damaged,Electronics,8586.35,35.1,235.47,8856.92,No
RET00105,ORD001390,CUST00882,PROD0168,2026-07-28,Better price elsewhere,Furniture,29501.26,24.5,770.88,30296.64,Yes
RET00106,ORD001393,CUST01153,PROD0268,2026-08-25,Better price elsewhere,Home & Kitchen,3457.45,59.49,91.66,3608.6,No
RET00107,ORD001396,CUST02190,PROD0300,2025-10-13,Size issue,Electronics,8099.57,64.26,232.51,8396.34,No
RET00108,ORD001402,CUST04909,PROD0021,2026-09-01,Wrong product,Fashion,460.06,37.59,13.4,511.05,No
RET00109,ORD001408,CUST01717,PROD0075,2026-01-11,Better price elsewhere,Fashion,1735.76,54.35,45.99,1836.1,No
RET00110,ORD001423,CUST01151,PROD0061,2026-05-20,Wrong product,Electronics,2237.89,53.55,62.47,2353.91,No
RET00111,ORD001437,CUST03683,PROD0061,2026-03-17,Not as expected,Electronics,4739.38,34.0,124.94,4898.32,No
RET00112,ORD001460,CUST02788,PROD0263,2026-03-01,Wrong product,Electronics,5945.17,59.54,152.95,6157.66,Yes
RET00113,ORD001461,CUST04438,PROD0297,2025-12-30,Duplicate order,Fashion,990.95,35.82,24.55,1051.32,Yes
RET00114,ORD001472,CUST00249,PROD0057,2025-11-23,Better price elsewhere,Accessories,980.96,73.45,18.38,1072.79,No
RET00115,ORD001496,CUST01091,PROD0393,2026-08-31,Size issue,Fashion,2522.29,78.23,65.16,2665.68,Yes
RET00116,ORD001521,CUST02531,PROD0418,2025-11-18,Quality issue,Fashion,3102.61,69.75,65.13,3237.49,No
RET00117,ORD001565,CUST03881,PROD0372,2026-06-08,Better price elsewhere,Fashion,1313.96,81.07,28.98,1424.01,Yes
RET00118,ORD001577,CUST02850,PROD0035,2026-07-05,Duplicate order,Electronics,39012.72,75.25,1123.57,40211.54,No
RET00119,ORD001597,CUST00556,PROD0186,2026-05-07,Quality issue,Fashion,2793.15,38.18,77.39,2908.72,No
RET00120,ORD001617,CUST03070,PROD0431,2025-12-09,Changed mind,Electronics,30377.66,71.89,821.94,31271.49,No
RET00121,ORD001625,CUST02578,PROD0238,2026-08-09,Changed mind,Electronics,32147.82,54.3,851.78,33053.9,Yes
RET00122,ORD001628,CUST04961,PROD0244,2026-03-11,Quality issue,Home & Kitchen,3241.2,70.67,78.69,3390.56,Yes
RET00123,ORD001633,CUST01981,PROD0467,2026-07-08,Changed mind,Fashion,1127.58,44.56,28.33,1200.47,No
RET00124,ORD001647,CUST00500,PROD0443,2026-02-23,Better price elsewhere,Home & Kitchen,4257.06,60.96,109.17,4427.19,No
RET00125,ORD001648,CUST04104,PROD0279,2025-11-23,Better price elsewhere,Electronics,9315.25,77.05,276.2,9668.5,No
RET00126,ORD001652,CUST03518,PROD0339,2026-06-12,Size issue,Electronics,1201.64,51.21,32.0,1284.85,No
RET00127,ORD001653,CUST02946,PROD0074,2025-12-08,Better price elsewhere,Electronics,12230.43,75.85,337.95,12644.23,Yes
RET00128,ORD001666,CUST01473,PROD0395,2026-09-16,Wrong product,Electronics,9738.82,28.06,282.06,10048.94,Yes
RET00129,ORD001670,CUST04262,PROD0377,2026-09-06,Not as expected,Fashion,1360.38,50.61,27.35,1438.34,Yes
RET00130,ORD001694,CUST04253,PROD0185,2026-08-28,Wrong product,Electronics,17194.1,29.17,511.29,17734.56,No
RET00131,ORD001700,CUST04082,PROD0335,2026-06-19,Size issue,Sports,2852.61,70.71,66.64,2989.96,No
RET00132,ORD001716,CUST03851,PROD0034,2025-10-15,Changed mind,Fashion,2273.77,40.62,68.33,2382.72,No
RET00133,ORD001719,CUST00360,PROD0470,2026-03-17,Duplicate order,Electronics,3843.81,49.44,108.73,4001.98,No
RET00134,ORD001720,CUST02646,PROD0274,2026-08-02,Late delivery,Electronics,24964.96,80.82,680.11,25725.89,No
RET00135,ORD001750,CUST04347,PROD0188,2026-04-03,Wrong product,Electronics,1212.92,41.58,37.8,1292.3,No
RET00136,ORD001754,CUST01490,PROD0348,2026-03-04,Changed mind,Sports,4050.12,56.34,92.56,4199.02,Yes
RET00137,ORD001779,CUST02119,PROD0444,2026-05-18,Wrong product,Electronics,14538.0,57.54,417.25,15012.79,No
RET00138,ORD001790,CUST04487,PROD0129,2025-10-14,Changed mind,Electronics,63319.58,55.89,1564.5,64939.97,Yes
RET00139,ORD001792,CUST02637,PROD0131,2026-03-31,Product damaged,Electronics,10873.87,37.45,278.54,11189.86,Yes
RET00140,ORD001815,CUST03277,PROD0285,2026-01-05,Product damaged,Fashion,786.16,71.51,18.6,876.27,No
RET00141,ORD001841,CUST00581,PROD0320,2025-11-10,Product damaged,Grocery,329.3,25.92,10.96,366.18,No
RET00142,ORD001842,CUST02354,PROD0051,2025-12-20,Product damaged,Fashion,1415.49,67.03,36.62,1519.14,No
RET00143,ORD001859,CUST04294,PROD0078,2026-06-01,Late delivery,Grocery,66.98,22.02,2.74,91.74,No
RET00144,ORD001871,CUST04936,PROD0111,2026-04-03,Better price elsewhere,Electronics,2872.99,81.12,77.62,3031.73,Yes
RET00145,ORD001884,CUST04272,PROD0260,2026-07-01,Changed mind,Grocery,495.23,45.85,13.78,554.86,No
RET00146,ORD001932,CUST01209,PROD0100,2025-11-05,Product damaged,Electronics,17932.18,82.13,498.26,18512.57,Yes
RET00147,ORD001954,CUST01265,PROD0237,2026-08-21,Wrong product,Electronics,31654.28,57.72,1005.5,32717.5,No
RET00148,ORD002003,CUST00057,PROD0419,2025-12-28,Duplicate order,Fashion,3034.01,61.32,70.8,3166.13,Yes
RET00149,ORD002019,CUST03211,PROD0215,2026-03-31,Wrong product,Personal Care,2437.87,84.16,54.19,2576.22,Yes
RET00150,ORD002036,CUST01524,PROD0350,2026-04-24,Product damaged,Fashion,344.7,60.67,8.12,413.49,No
RET00151,ORD002085,CUST03784,PROD0251,2026-04-12,Late delivery,Electronics,16673.46,49.71,464.56,17187.73,No
RET00152,ORD002090,CUST03277,PROD0151,2026-01-17,Wrong product,Fashion,1948.43,56.8,50.26,2055.49,No
RET00153,ORD002176,CUST01772,PROD0091,2025-10-22,Late delivery,Fashion,4099.9,87.16,124.96,4312.02,No
RET00154,ORD002177,CUST03190,PROD0043,2025-11-12,Duplicate order,Fashion,1643.56,58.47,35.68,1737.71,No
RET00155,ORD002192,CUST02780,PROD0414,2026-02-22,Size issue,Home & Kitchen,5207.88,83.36,122.06,5413.3,Yes
RET00156,ORD002218,CUST03175,PROD0488,2026-06-25,Duplicate order,Home & Kitchen,1167.43,42.16,27.6,1237.19,No
RET00157,ORD002236,CUST02762,PROD0396,2026-03-15,Changed mind,Accessories,988.21,57.06,24.27,1069.54,No
RET00158,ORD002260,CUST03931,PROD0067,2026-06-03,Late delivery,Fashion,1465.26,69.65,34.79,1569.7,No
RET00159,ORD002326,CUST02122,PROD0264,2026-07-09,Changed mind,Fashion,2179.78,67.0,56.72,2303.5,No
RET00160,ORD002328,CUST00499,PROD0455,2026-04-03,Not as expected,Furniture,49779.05,26.86,1211.95,51017.86,No
RET00161,ORD002338,CUST04818,PROD0329,2026-06-27,Better price elsewhere,Grocery,202.84,70.98,5.54,279.36,No
RET00162,ORD002356,CUST01690,PROD0369,2025-12-05,Product damaged,Electronics,56171.53,80.04,1486.36,57737.93,No
RET00163,ORD002361,CUST03113,PROD0041,2025-10-25,Late delivery,Fashion,2028.94,58.69,57.21,2144.84,Yes
RET00164,ORD002372,CUST01124,PROD0069,2026-07-30,Not as expected,Sports,3703.13,58.39,99.74,3861.26,No
RET00165,ORD002393,CUST04924,PROD0221,2026-04-29,Duplicate order,Electronics,1918.57,41.02,53.09,2012.68,No
RET00166,ORD002402,CUST02509,PROD0238,2025-11-05,Size issue,Electronics,29157.83,82.1,851.78,30091.71,No
RET00167,ORD002430,CUST03548,PROD0477,2026-07-07,Wrong product,Electronics,33857.33,59.8,832.89,34750.02,No
RET00168,ORD002434,CUST03269,PROD0061,2026-04-12,Late delivery,Electronics,1965.61,41.74,62.47,2069.82,No
RET00169,ORD002466,CUST04586,PROD0348,2026-02-02,Duplicate order,Sports,3118.39,31.52,92.56,3242.47,No
RET00170,ORD002475,CUST02093,PROD0270,2025-11-13,Size issue,Electronics,20318.14,69.08,616.69,21003.91,No
RET00171,ORD002480,CUST01871,PROD0041,2026-07-30,Duplicate order,Fashion,2630.95,30.14,57.21,2718.3,No
RET00172,ORD002489,CUST04385,PROD0180,2026-06-09,Size issue,Fashion,3357.44,25.52,72.1,3455.06,Yes
RET00173,ORD002496,CUST00824,PROD0311,2026-01-16,Wrong product,Grocery,460.1,32.85,11.91,504.86,No
RET00174,ORD002521,CUST03269,PROD0339,2026-04-17,Duplicate order,Electronics,1225.05,86.81,32.0,1343.86,No
RET00175,ORD002522,CUST00808,PROD0147,2026-02-18,Changed mind,Fashion,2668.71,76.53,59.1,2804.34,No
RET00176,ORD002533,CUST04245,PROD0219,2026-07-19,Changed mind,Fashion,946.67,39.73,25.56,1011.96,No
RET00177,ORD002534,CUST03533,PROD0136,2026-04-26,Better price elsewhere,Electronics,7897.01,49.77,210.99,8157.77,No
RET00178,ORD002537,CUST02799,PROD0230,2026-02-02,Wrong product,Electronics,24227.55,51.25,837.34,25116.14,Yes
RET00179,ORD002560,CUST05000,PROD0353,2026-02-22,Wrong product,Beauty,3236.94,76.4,60.99,3374.33,No
RET00180,ORD002572,CUST00036,PROD0186,2026-05-08,Late delivery,Fashion,9536.47,87.5,232.16,9856.13,No
RET00181,ORD002574,CUST00802,PROD0429,2026-09-14,Duplicate order,Electronics,23046.3,36.69,754.68,23837.67,Yes
RET00182,ORD002607,CUST01806,PROD0253,2026-07-14,Wrong product,Grocery,69.8,53.77,1.73,125.3,No
RET00183,ORD002622,CUST02607,PROD0294,2026-03-21,Changed mind,Electronics,2758.62,34.98,86.4,2880.0,No
RET00184,ORD002634,CUST01534,PROD0212,2026-07-30,Late delivery,Home & Kitchen,4338.07,45.22,106.51,4489.8,Yes
RET00185,ORD002643,CUST00539,PROD0175,2026-05-08,Late delivery,Electronics,26456.34,76.48,920.46,27453.28,No
RET00186,ORD002652,CUST02818,PROD0087,2026-01-20,Changed mind,Home & Kitchen,2696.12,35.11,62.83,2794.06,Yes
RET00187,ORD002667,CUST04998,PROD0119,2026-01-20,Wrong product,Accessories,910.4,64.54,19.04,993.98,No
RET00188,ORD002682,CUST00624,PROD0272,2026-05-26,Size issue,Grocery,358.79,72.67,10.0,441.46,No
RET00189,ORD002688,CUST02331,PROD0039,2026-06-21,Product damaged,Electronics,22608.81,30.63,695.19,23334.63,No
RET00190,ORD002703,CUST02274,PROD0481,2025-12-13,Wrong product,Electronics,13293.21,27.08,359.02,13679.31,No
RET00191,ORD002717,CUST03048,PROD0380,2026-06-20,Better price elsewhere,Personal Care,1416.68,52.15,33.92,1502.75,Yes
RET00192,ORD002744,CUST03451,PROD0020,2025-11-30,Better price elsewhere,Grocery,345.99,72.95,11.92,430.86,No
RET00193,ORD002809,CUST03656,PROD0122,2026-01-16,Better price elsewhere,Fashion,1868.26,48.34,49.37,1965.97,No
RET00194,ORD002813,CUST01815,PROD0187,2026-04-19,Quality issue,Electronics,28559.69,54.36,852.61,29466.66,No
RET00195,ORD002826,CUST02119,PROD0191,2026-07-15,Wrong product,Fashion,1199.31,36.84,31.15,1267.3,No
RET00196,ORD002836,CUST00239,PROD0339,2026-02-25,Duplicate order,Electronics,1227.28,24.02,32.0,1283.3,Yes
RET00197,ORD002850,CUST02805,PROD0259,2026-09-04,Late delivery,Electronics,12626.05,46.21,440.05,13112.31,Yes
RET00198,ORD002867,CUST02970,PROD0064,2026-04-16,Duplicate order,Electronics,16767.15,22.86,524.12,17314.13,Yes
RET00199,ORD002872,CUST03446,PROD0128,2026-02-28,Size issue,Furniture,21178.18,85.58,575.1,21838.86,Yes
RET00200,ORD002876,CUST01124,PROD0263,2026-02-11,Size issue,Electronics,4202.73,74.7,152.95,4430.38,No
RET00201,ORD002886,CUST00146,PROD0238,2025-11-01,Product damaged,Electronics,17030.58,77.82,425.89,17534.29,Yes
RET00202,ORD002898,CUST03158,PROD0153,2026-08-23,Product damaged,Fashion,2436.96,69.78,59.39,2566.13,No
RET00203,ORD002914,CUST04312,PROD0144,2026-09-21,Late delivery,Electronics,33567.71,57.92,861.35,34486.98,Yes
RET00204,ORD002942,CUST04494,PROD0066,2026-07-11,Wrong product,Electronics,16001.3,39.78,432.49,16473.57,No
RET00205,ORD002943,CUST01697,PROD0007,2025-11-28,Not as expected,Electronics,18620.31,38.77,481.37,19140.45,Yes
RET00206,ORD002946,CUST04896,PROD0319,2025-12-04,Duplicate order,Electronics,31106.11,77.98,844.19,32028.28,Yes
RET00207,ORD002964,CUST02082,PROD0087,2026-04-28,Wrong product,Home & Kitchen,2459.71,31.59,62.83,2554.13,No
RET00208,ORD002965,CUST02752,PROD0041,2026-01-19,Wrong product,Fashion,2565.06,29.78,57.21,2652.05,No
RET00209,ORD002975,CUST03062,PROD0470,2026-08-03,Duplicate order,Electronics,9206.87,64.79,326.2,9597.86,No
RET00210,ORD002981,CUST00608,PROD0481,2026-09-17,Late delivery,Electronics,29859.92,64.76,1077.06,31001.74,Yes
RET00211,ORD002994,CUST04999,PROD0070,2026-07-02,Quality issue,Electronics,6349.35,44.72,192.98,6587.05,No
RET00212,ORD002997,CUST01987,PROD0095,2026-04-12,Size issue,Electronics,43805.75,77.35,1184.65,45067.75,Yes
RET00213,ORD003005,CUST00973,PROD0264,2026-06-05,Not as expected,Fashion,2542.0,59.81,56.72,2658.53,No
RET00214,ORD003006,CUST03228,PROD0489,2026-09-24,Better price elsewhere,Fashion,1010.31,77.65,22.35,1110.31,Yes
RET00215,ORD003021,CUST02717,PROD0223,2026-04-03,Quality issue,Electronics,33205.75,69.55,892.84,34168.14,No
RET00216,ORD003028,CUST00355,PROD0419,2026-03-30,Changed mind,Fashion,2891.29,53.14,70.8,3015.23,No
RET00217,ORD003032,CUST00367,PROD0270,2026-02-24,Duplicate order,Electronics,22718.39,26.37,616.69,23361.45,No
RET00218,ORD003042,CUST02731,PROD0054,2026-02-26,Quality issue,Personal Care,638.45,40.96,12.86,692.27,No
RET00219,ORD003046,CUST04886,PROD0007,2026-08-04,Quality issue,Electronics,17695.58,27.83,481.37,18204.78,No
RET00220,ORD003079,CUST00913,PROD0346,2026-03-29,Wrong product,Accessories,1438.12,33.2,28.91,1500.23,No
RET00221,ORD003091,CUST04939,PROD0221,2025-10-10,Wrong product,Electronics,1868.48,42.64,53.09,1964.21,No
RET00222,ORD003114,CUST01200,PROD0151,2026-04-06,Better price elsewhere,Fashion,1784.3,42.79,50.26,1877.35,No
RET00223,ORD003133,CUST03602,PROD0045,2026-01-13,Size issue,Grocery,82.42,44.66,2.67,129.75,No
RET00224,ORD003162,CUST01154,PROD0121,2026-09-14,Quality issue,Fashion,2035.78,76.44,42.75,2154.97,No
RET00225,ORD003190,CUST02898,PROD0299,2026-08-28,Wrong product,Fashion,1231.6,43.46,25.95,1301.01,No
RET00226,ORD003203,CUST00210,PROD0430,2026-05-04,Product damaged,Electronics,15359.14,83.69,406.2,15849.03,Yes
RET00227,ORD003214,CUST02802,PROD0224,2026-09-28,Duplicate order,Home & Kitchen,1774.1,84.06,50.51,1908.67,No
RET00228,ORD003222,CUST02483,PROD0266,2026-09-23,Wrong product,Furniture,25993.01,70.72,647.5,26711.23,No
RET00229,ORD003278,CUST01999,PROD0230,2026-03-13,Wrong product,Electronics,27220.55,47.27,837.34,28105.16,No
RET00230,ORD003300,CUST03893,PROD0369,2026-01-03,Quality issue,Electronics,13919.73,84.25,495.45,14499.43,Yes
RET00231,ORD003314,CUST04460,PROD0372,2026-06-08,Duplicate order,Fashion,677.53,41.22,14.49,733.24,No
RET00232,ORD003317,CUST01910,PROD0016,2026-03-21,Product damaged,Electronics,19919.8,48.26,605.48,20573.54,No
RET00233,ORD003319,CUST03735,PROD0249,2026-05-14,Wrong product,Fashion,1925.5,26.89,39.27,1991.66,No
RET00234,ORD003351,CUST04603,PROD0435,2026-09-16,Product damaged,Fashion,463.3,72.77,11.48,547.55,No
RET00235,ORD003370,CUST03589,PROD0100,2026-05-23,Quality issue,Electronics,17336.67,24.49,498.26,17859.42,Yes
RET00236,ORD003469,CUST00949,PROD0122,2025-12-25,Size issue,Fashion,1976.0,42.33,49.37,2067.7,No
RET00237,ORD003498,CUST04458,PROD0430,2025-11-03,Changed mind,Electronics,15470.4,68.09,406.2,15944.69,No
RET00238,ORD003507,CUST03081,PROD0239,2026-03-22,Wrong product,Home & Kitchen,659.37,40.32,17.38,717.07,No
RET00239,ORD003512,CUST01016,PROD0070,2026-02-10,Size issue,Electronics,13352.32,31.14,385.97,13769.43,No
RET00240,ORD003531,CUST03868,PROD0335,2026-06-27,Changed mind,Sports,2840.78,45.62,66.64,2953.04,No
RET00241,ORD003548,CUST00252,PROD0035,2026-04-20,Better price elsewhere,Electronics,17394.08,81.2,561.78,18037.06,No
RET00242,ORD003554,CUST04193,PROD0452,2025-11-19,Quality issue,Electronics,5640.75,70.49,150.53,5861.77,No
RET00243,ORD003560,CUST00460,PROD0080,2025-12-31,Better price elsewhere,Grocery,157.18,79.91,5.59,242.68,No
RET00244,ORD003571,CUST04970,PROD0357,2026-06-06,Late delivery,Fashion,3316.76,33.94,75.91,3426.61,Yes
RET00245,ORD003575,CUST02871,PROD0259,2026-06-17,Not as expected,Electronics,28083.93,57.49,880.09,29021.51,No
RET00246,ORD003577,CUST01653,PROD0189,2025-11-14,Quality issue,Electronics,11229.28,49.87,305.01,11584.16,No
RET00247,ORD003609,CUST03763,PROD0485,2025-12-15,Late delivery,Grocery,104.82,76.51,3.11,184.44,No
RET00248,ORD003614,CUST00967,PROD0016,2026-08-05,Better price elsewhere,Electronics,21342.56,62.67,605.48,22010.71,Yes
RET00249,ORD003616,CUST03666,PROD0288,2026-06-17,Quality issue,Sports,4030.27,29.91,93.98,4154.16,Yes
RET00250,ORD003643,CUST01619,PROD0420,2026-01-19,Late delivery,Fashion,3301.08,78.03,72.27,3451.38,Yes
RET00251,ORD003648,CUST03015,PROD0214,2026-06-03,Product damaged,Accessories,4282.63,79.94,84.06,4446.63,Yes
RET00252,ORD003652,CUST03577,PROD0357,2026-02-17,Better price elsewhere,Fashion,3368.01,74.75,75.91,3518.67,No
RET00253,ORD003653,CUST00334,PROD0410,2025-10-25,Not as expected,Fashion,2890.99,39.76,74.96,3005.71,No
RET00254,ORD003670,CUST01983,PROD0071,2026-01-11,Not as expected,Fashion,1424.69,53.51,35.22,1513.42,No
RET00255,ORD003673,CUST03409,PROD0251,2026-06-23,Wrong product,Electronics,27896.59,65.6,929.11,28891.3,Yes
RET00256,ORD003677,CUST00155,PROD0190,2026-03-02,Changed mind,Electronics,23922.61,87.58,758.07,24768.26,No
RET00257,ORD003696,CUST04962,PROD0146,2026-08-02,Not as expected,Accessories,2250.79,44.27,42.34,2337.4,Yes
RET00258,ORD003702,CUST02657,PROD0100,2026-09-19,Wrong product,Electronics,33293.76,74.5,996.51,34364.77,No
RET00259,ORD003719,CUST01163,PROD0274,2025-10-26,Duplicate order,Electronics,23869.7,76.78,680.11,24626.59,No
RET00260,ORD003740,CUST00817,PROD0330,2026-03-21,Size issue,Grocery,490.88,84.9,14.0,589.78,No
RET00261,ORD003745,CUST01016,PROD0472,2026-06-06,Better price elsewhere,Fashion,1554.89,59.04,36.41,1650.34,Yes
RET00262,ORD003758,CUST03529,PROD0061,2026-05-25,Duplicate order,Electronics,2425.49,80.58,62.47,2568.54,No
RET00263,ORD003759,CUST04023,PROD0423,2026-02-21,Better price elsewhere,Books,823.83,48.41,23.6,895.84,No
RET00264,ORD003769,CUST00022,PROD0224,2026-01-18,Not as expected,Home & Kitchen,2022.16,26.78,50.51,2099.45,No
RET00265,ORD003771,CUST01976,PROD0259,2026-05-19,Wrong product,Electronics,13882.4,29.24,440.05,14351.69,No
RET00266,ORD003773,CUST03429,PROD0377,2026-09-30,Better price elsewhere,Fashion,1377.59,80.73,27.35,1485.67,Yes
RET00267,ORD003795,CUST03574,PROD0008,2026-09-15,Product damaged,Electronics,14074.63,56.98,518.21,14649.82,No
RET00268,ORD003796,CUST01050,PROD0265,2026-03-01,Wrong product,Fashion,2770.06,69.97,65.6,2905.63,No
RET00269,ORD003797,CUST03012,PROD0066,2026-02-19,Late delivery,Electronics,7643.82,85.81,216.24,7945.87,Yes
RET00270,ORD003820,CUST00105,PROD0007,2026-01-25,Size issue,Electronics,38470.4,71.58,962.75,39504.73,Yes
RET00271,ORD003832,CUST04280,PROD0304,2025-11-26,Size issue,Electronics,22462.67,60.86,604.55,23128.08,Yes
RET00272,ORD003844,CUST01082,PROD0377,2026-01-17,Late delivery,Fashion,1186.8,57.62,27.35,1271.77,Yes
RET00273,ORD003885,CUST00302,PROD0304,2025-10-10,Size issue,Electronics,18970.41,55.02,604.55,19629.98,No
RET00274,ORD003898,CUST02707,PROD0272,2026-04-11,Late delivery,Grocery,348.56,71.65,10.0,430.21,No
RET00275,ORD003915,CUST01133,PROD0238,2026-02-20,Changed mind,Electronics,33327.8,20.56,851.78,34200.14,No
RET00276,ORD003932,CUST02848,PROD0352,2026-03-07,Quality issue,Electronics,13978.42,58.39,440.74,14477.55,No
RET00277,ORD003935,CUST03539,PROD0040,2025-12-03,Not as expected,Electronics,15403.31,20.4,428.95,15852.66,Yes
RET00278,ORD003944,CUST01310,PROD0477,2026-03-06,Size issue,Electronics,28232.65,57.39,832.89,29122.93,No
RET00279,ORD003967,CUST02910,PROD0122,2025-10-13,Better price elsewhere,Fashion,1706.82,37.72,49.37,1793.91,Yes
RET00280,ORD003997,CUST01511,PROD0077,2026-03-22,Quality issue,Electronics,48803.12,77.54,1354.64,50235.3,Yes
RET00281,ORD004050,CUST02055,PROD0387,2026-04-04,Size issue,Electronics,13886.61,70.75,403.71,14361.07,Yes
RET00282,ORD004073,CUST04997,PROD0202,2026-02-17,Wrong product,Accessories,1491.25,48.47,32.71,1572.43,No
RET00283,ORD004092,CUST02372,PROD0221,2025-10-22,Not as expected,Electronics,869.97,85.62,26.55,982.14,Yes
RET00284,ORD004093,CUST00080,PROD0250,2026-05-16,Changed mind,Fashion,2010.02,72.72,44.93,2127.67,No
RET00285,ORD004109,CUST01564,PROD0358,2026-01-27,Changed mind,Fashion,2496.04,45.37,55.39,2596.8,No
RET00286,ORD004117,CUST03084,PROD0202,2026-09-17,Late delivery,Accessories,1110.02,27.42,32.71,1170.15,Yes
RET00287,ORD004128,CUST04032,PROD0488,2026-04-11,Duplicate order,Home & Kitchen,947.12,82.46,27.6,1057.18,No
RET00288,ORD004137,CUST01619,PROD0355,2025-10-14,Quality issue,Home & Kitchen,13128.98,87.79,355.45,13572.22,No
RET00289,ORD004138,CUST02666,PROD0287,2026-04-19,Late delivery,Electronics,3215.75,33.38,106.96,3356.09,No
RET00290,ORD004150,CUST02959,PROD0489,2026-02-04,Not as expected,Fashion,846.83,62.4,22.35,931.58,No
RET00291,ORD004159,CUST01980,PROD0239,2025-11-16,Quality issue,Home & Kitchen,328.62,86.27,8.69,423.58,No
RET00292,ORD004175,CUST00575,PROD0409,2026-08-19,Changed mind,Electronics,18467.23,61.0,504.82,19033.05,No
RET00293,ORD004192,CUST01690,PROD0124,2026-05-29,Changed mind,Accessories,4787.0,39.37,91.74,4918.11,Yes
RET00294,ORD004214,CUST00743,PROD0278,2026-01-21,Not as expected,Fashion,2216.96,36.34,55.96,2309.26,No
RET00295,ORD004243,CUST02374,PROD0458,2026-07-11,Late delivery,Home & Kitchen,2019.57,74.3,51.8,2145.67,No
RET00296,ORD004245,CUST00512,PROD0021,2025-10-29,Quality issue,Fashion,271.2,86.2,6.7,364.1,No
RET00297,ORD004275,CUST03822,PROD0487,2026-08-12,Size issue,Fashion,1431.75,47.96,40.41,1520.12,No
RET00298,ORD004284,CUST04438,PROD0402,2026-05-19,Quality issue,Electronics,18411.6,84.29,589.14,19085.03,Yes
RET00299,ORD004306,CUST04930,PROD0487,2026-01-15,Better price elsewhere,Fashion,1855.73,38.56,40.41,1934.7,No
RET00300,ORD004307,CUST00626,PROD0304,2026-04-05,Better price elsewhere,Electronics,20612.9,53.33,604.55,21270.78,No
RET00301,ORD004313,CUST00491,PROD0016,2025-12-08,Product damaged,Electronics,22927.61,35.91,605.48,23569.0,No
RET00302,ORD004321,CUST03246,PROD0083,2026-02-06,Quality issue,Electronics,25248.25,66.25,694.14,26008.64,Yes
RET00303,ORD004325,CUST03969,PROD0299,2026-03-17,Size issue,Fashion,1020.58,71.88,25.95,1118.41,No
RET00304,ORD004351,CUST02669,PROD0075,2026-04-28,Wrong product,Fashion,2066.55,71.17,45.99,2183.71,No
RET00305,ORD004377,CUST03572,PROD0168,2025-12-13,Late delivery,Furniture,13027.29,63.41,385.44,13476.14,No
RET00306,ORD004384,CUST01663,PROD0259,2026-04-13,Late delivery,Electronics,28574.5,24.24,880.09,29478.83,No
RET00307,ORD004444,CUST02119,PROD0323,2026-08-31,Changed mind,Fashion,340.02,48.46,9.92,398.4,No
RET00308,ORD004470,CUST03174,PROD0498,2026-03-25,Duplicate order,Electronics,8539.62,66.18,237.6,8843.4,No
RET00309,ORD004494,CUST02299,PROD0007,2025-11-28,Size issue,Electronics,27217.35,55.65,962.75,28235.75,Yes
RET00310,ORD004505,CUST00564,PROD0141,2026-09-20,Duplicate order,Electronics,17821.14,51.65,561.6,18434.39,No
RET00311,ORD004527,CUST01395,PROD0237,2026-06-18,Wrong product,Electronics,19728.98,51.89,670.33,20451.2,No
RET00312,ORD004529,CUST01508,PROD0180,2026-05-16,Duplicate order,Fashion,2823.95,53.92,72.1,2949.97,No
RET00313,ORD004534,CUST04534,PROD0105,2026-07-01,Changed mind,Fashion,2006.65,33.74,49.51,2089.9,Yes
RET00314,ORD004543,CUST01194,PROD0185,2026-03-24,Quality issue,Electronics,19491.44,53.1,511.29,20055.83,No
RET00315,ORD004558,CUST04998,PROD0185,2026-05-01,Better price elsewhere,Electronics,33894.3,64.59,1022.59,34981.48,No
RET00316,ORD004589,CUST03364,PROD0339,2026-09-17,Duplicate order,Electronics,1050.35,65.65,32.0,1148.0,No
RET00317,ORD004591,CUST01264,PROD0156,2026-07-31,Size issue,Electronics,27102.3,64.58,797.61,27964.49,No
RET00318,ORD004603,CUST01947,PROD0467,2026-02-12,Changed mind,Fashion,1324.59,46.72,28.33,1399.64,No
RET00319,ORD004612,CUST02816,PROD0333,2026-06-30,Size issue,Electronics,13540.04,66.02,360.02,13966.08,No
RET00320,ORD004626,CUST02115,PROD0262,2026-03-29,Better price elsewhere,Home & Kitchen,297.93,48.38,9.76,356.07,No
RET00321,ORD004642,CUST01088,PROD0147,2026-05-15,Better price elsewhere,Fashion,4172.48,59.38,118.19,4350.05,No
RET00322,ORD004683,CUST01424,PROD0057,2026-01-15,Duplicate order,Accessories,1559.45,25.85,36.75,1622.05,No
RET00323,ORD004686,CUST00778,PROD0500,2026-07-01,Not as expected,Electronics,31069.14,71.75,792.01,31932.9,Yes
RET00324,ORD004690,CUST01831,PROD0259,2026-07-10,Quality issue,Electronics,11772.14,33.39,440.05,12245.58,Yes
RET00325,ORD004696,CUST04021,PROD0397,2026-07-06,Quality issue,Electronics,27195.88,57.11,802.69,28055.68,Yes
RET00326,ORD004706,CUST03769,PROD0066,2026-03-22,Not as expected,Electronics,6731.7,21.92,216.24,6969.86,No
RET00327,ORD004738,CUST00984,PROD0142,2025-12-06,Size issue,Fashion,1327.0,43.05,30.59,1400.64,No
RET00328,ORD004741,CUST04144,PROD0477,2026-09-10,Size issue,Electronics,29705.6,28.22,832.89,30566.71,No
RET00329,ORD004756,CUST02833,PROD0025,2026-02-18,Wrong product,Electronics,13774.67,22.92,376.96,14174.55,No
RET00330,ORD004763,CUST00572,PROD0072,2026-04-18,Size issue,Fashion,1911.07,78.71,38.68,2028.46,No
RET00331,ORD004764,CUST00501,PROD0399,2026-02-17,Product damaged,Beauty,2928.46,26.14,47.1,3001.7,No
RET00332,ORD004784,CUST03981,PROD0500,2025-12-01,Late delivery,Electronics,30476.74,38.9,792.01,31307.65,Yes
RET00333,ORD004821,CUST01460,PROD0430,2025-11-24,Quality issue,Electronics,14710.56,56.84,406.2,15173.6,No
RET00334,ORD004835,CUST01787,PROD0402,2025-10-18,Better price elsewhere,Electronics,10223.59,48.22,294.57,10566.38,No
RET00335,ORD004845,CUST00162,PROD0420,2026-02-02,Wrong product,Fashion,3124.24,86.38,72.27,3282.89,No
RET00336,ORD004858,CUST04198,PROD0185,2026-03-25,Quality issue,Electronics,16003.53,57.41,511.29,16572.23,Yes
RET00337,ORD004873,CUST00958,PROD0279,2026-01-16,Size issue,Electronics,8996.26,43.89,276.2,9316.35,No
RET00338,ORD004899,CUST02538,PROD0094,2026-06-19,Better price elsewhere,Grocery,805.91,56.6,23.15,885.66,Yes
RET00339,ORD004904,CUST02941,PROD0303,2026-06-15,Wrong product,Accessories,992.82,63.72,20.79,1077.33,Yes
RET00340,ORD004907,CUST03409,PROD0182,2025-12-08,Changed mind,Fashion,2608.39,83.92,57.36,2749.67,No
RET00341,ORD004934,CUST01510,PROD0010,2026-02-28,Product damaged,Electronics,63833.73,49.54,1764.38,65647.65,No
RET00342,ORD004942,CUST03054,PROD0091,2025-11-16,Duplicate order,Fashion,1773.29,80.36,41.65,1895.3,No
RET00343,ORD004959,CUST01191,PROD0040,2026-06-08,Better price elsewhere,Electronics,13658.76,82.19,428.95,14169.9,No
RET00344,ORD004962,CUST04085,PROD0295,2025-11-14,Better price elsewhere,Beauty,1750.82,22.67,34.33,1807.82,No
RET00345,ORD004973,CUST03670,PROD0027,2026-08-12,Changed mind,Electronics,24037.05,86.05,661.08,24784.18,No
RET00346,ORD004982,CUST00773,PROD0300,2026-05-30,Duplicate order,Electronics,8478.88,41.77,232.51,8753.16,No
RET00347,ORD004988,CUST04277,PROD0477,2026-04-26,Product damaged,Electronics,32388.9,77.3,832.89,33299.09,Yes
RET00348,ORD005037,CUST01158,PROD0424,2025-12-25,Better price elsewhere,Electronics,1977.93,50.4,52.25,2080.58,Yes
RET00349,ORD005049,CUST03983,PROD0385,2026-03-30,Late delivery,Electronics,11934.0,39.06,347.12,12320.18,No
RET00350,ORD005081,CUST02378,PROD0259,2026-08-07,Size issue,Electronics,29380.26,31.78,880.09,30292.13,No
RET00351,ORD005106,CUST02182,PROD0105,2025-12-18,Product damaged,Fashion,4315.8,27.33,99.01,4442.14,No
RET00352,ORD005109,CUST01259,PROD0136,2025-12-05,Size issue,Electronics,7645.66,67.91,210.99,7924.56,No
RET00353,ORD005131,CUST01727,PROD0350,2026-06-01,Changed mind,Fashion,276.84,59.25,8.12,344.21,No
RET00354,ORD005138,CUST02073,PROD0445,2026-09-06,Size issue,Electronics,15423.45,52.73,408.06,15884.24,No
RET00355,ORD005185,CUST00802,PROD0477,2026-01-08,Product damaged,Electronics,28871.59,25.9,832.89,29730.38,No
RET00356,ORD005196,CUST04235,PROD0053,2026-08-09,Duplicate order,Fashion,845.25,78.66,18.11,942.02,Yes
RET00357,ORD005199,CUST01221,PROD0304,2026-02-22,Quality issue,Electronics,22657.52,79.41,604.55,23341.48,No
RET00358,ORD005217,CUST01463,PROD0372,2026-06-18,Product damaged,Fashion,715.18,75.57,14.49,805.24,No
RET00359,ORD005239,CUST01722,PROD0134,2026-03-30,Better price elsewhere,Electronics,22312.42,44.1,689.11,23045.63,No
RET00360,ORD005276,CUST00868,PROD0247,2026-05-23,Late delivery,Accessories,6083.34,70.85,128.29,6282.48,No
RET00361,ORD005304,CUST00518,PROD0016,2026-08-22,Changed mind,Electronics,40067.4,45.26,1210.97,41323.63,No
RET00362,ORD005305,CUST04932,PROD0395,2026-06-02,Not as expected,Electronics,9217.74,74.82,282.06,9574.62,No
RET00363,ORD005317,CUST04248,PROD0222,2026-01-28,Size issue,Fashion,959.69,42.12,22.92,1024.73,No
RET00364,ORD005335,CUST00200,PROD0390,2026-04-10,Duplicate order,Electronics,24305.03,71.83,688.0,25064.86,No
RET00365,ORD005343,CUST00358,PROD0415,2026-07-09,Product damaged,Furniture,27584.75,59.94,758.64,28403.33,No
RET00366,ORD005349,CUST00288,PROD0362,2026-02-21,Not as expected,Grocery,1393.7,24.72,41.1,1459.52,No
RET00367,ORD005353,CUST04166,PROD0500,2026-07-17,Size issue,Electronics,27711.08,54.84,792.01,28557.93,No
RET00368,ORD005360,CUST00404,PROD0222,2026-09-02,Quality issue,Fashion,1060.77,55.99,22.92,1139.68,No
RET00369,ORD005377,CUST00735,PROD0250,2026-01-29,Late delivery,Fashion,2066.25,27.75,44.93,2138.93,No
RET00370,ORD005394,CUST02944,PROD0339,2025-12-11,Product damaged,Electronics,1069.81,65.41,32.0,1167.22,No
RET00371,ORD005396,CUST03199,PROD0378,2026-04-30,Quality issue,Beauty,2739.5,64.18,59.98,2863.66,No
RET00372,ORD005408,CUST00582,PROD0390,2026-06-30,Quality issue,Electronics,49488.79,62.13,1375.99,50926.91,Yes
RET00373,ORD005418,CUST02321,PROD0300,2026-04-25,Size issue,Electronics,7746.72,40.39,232.51,8019.62,No
RET00374,ORD005437,CUST02231,PROD0358,2026-04-17,Size issue,Fashion,2467.8,56.9,55.39,2580.09,Yes
RET00375,ORD005454,CUST02043,PROD0297,2026-04-15,Better price elsewhere,Fashion,1067.68,67.97,24.55,1160.2,No
RET00376,ORD005487,CUST04170,PROD0129,2026-03-17,Quality issue,Electronics,30365.58,85.25,782.25,31233.08,Yes
RET00377,ORD005498,CUST03788,PROD0126,2026-02-04,Size issue,Electronics,7833.69,60.86,235.47,8130.02,No
RET00378,ORD005507,CUST00614,PROD0066,2025-11-09,Wrong product,Electronics,7895.65,52.46,216.24,8164.35,No
RET00379,ORD005514,CUST00644,PROD0496,2026-02-10,Wrong product,Home & Kitchen,2901.03,24.1,69.81,2994.94,Yes
RET00380,ORD005518,CUST02413,PROD0109,2026-01-30,Better price elsewhere,Books,697.98,34.7,17.71,750.39,No
RET00381,ORD005538,CUST03469,PROD0316,2025-12-22,Late delivery,Sports,522.9,35.49,12.97,571.36,No
RET00382,ORD005543,CUST03685,PROD0397,2025-10-19,Changed mind,Electronics,28005.58,73.68,802.69,28881.95,Yes
RET00383,ORD005545,CUST00605,PROD0372,2026-08-31,Wrong product,Fashion,647.77,30.18,14.49,692.44,No
RET00384,ORD005549,CUST02933,PROD0444,2025-10-21,Not as expected,Electronics,13272.08,39.27,417.25,13728.6,Yes
RET00385,ORD005603,CUST04501,PROD0394,2026-08-03,Product damaged,Fashion,2562.97,44.7,53.36,2661.03,Yes
RET00386,ORD005608,CUST02550,PROD0369,2026-06-13,Product damaged,Electronics,15475.44,69.69,495.45,16040.58,No
RET00387,ORD005615,CUST00887,PROD0223,2026-07-26,Late delivery,Electronics,47900.8,44.74,1339.26,49284.8,No
RET00388,ORD005672,CUST02650,PROD0242,2026-08-16,Not as expected,Fashion,3635.92,81.4,74.11,3791.43,No
RET00389,ORD005678,CUST00778,PROD0419,2026-07-31,Not as expected,Fashion,3463.46,30.76,70.8,3565.02,No
RET00390,ORD005680,CUST02394,PROD0091,2026-08-09,Changed mind,Fashion,1634.02,65.37,41.65,1741.04,Yes
RET00391,ORD005715,CUST02831,PROD0390,2026-06-27,Better price elsewhere,Electronics,23542.43,45.62,688.0,24276.05,No
RET00392,ORD005721,CUST03084,PROD0263,2026-08-05,Wrong product,Electronics,5704.02,58.37,152.95,5915.34,No
RET00393,ORD005732,CUST04144,PROD0090,2026-06-13,Duplicate order,Fashion,2906.54,38.77,73.9,3019.21,No
RET00394,ORD005741,CUST00634,PROD0175,2026-05-22,Changed mind,Electronics,29230.58,59.26,920.46,30210.3,No
RET00395,ORD005746,CUST04519,PROD0082,2025-10-24,Changed mind,Electronics,3568.83,84.93,90.12,3743.88,No
RET00396,ORD005783,CUST02540,PROD0313,2026-07-04,Quality issue,Electronics,1730.31,36.66,56.75,1823.72,Yes
RET00397,ORD005804,CUST04477,PROD0086,2025-11-14,Not as expected,Fashion,2258.0,36.0,52.94,2346.94,Yes
RET00398,ORD005810,CUST03150,PROD0448,2026-08-29,Better price elsewhere,Electronics,24478.35,34.92,761.22,25274.49,Yes
RET00399,ORD005822,CUST00973,PROD0122,2026-07-20,Better price elsewhere,Fashion,1941.46,23.49,49.37,2014.32,Yes
RET00400,ORD005836,CUST02650,PROD0008,2026-06-08,Changed mind,Electronics,18035.39,82.49,518.21,18636.09,No
RET00401,ORD005839,CUST01638,PROD0489,2026-08-22,Quality issue,Fashion,890.77,76.46,22.35,989.58,No
RET00402,ORD005842,CUST04278,PROD0101,2026-03-01,Wrong product,Books,334.71,70.8,9.28,414.79,No
RET00403,ORD005860,CUST02692,PROD0144,2026-09-11,Changed mind,Electronics,28812.2,23.5,861.35,29697.05,Yes
RET00404,ORD005864,CUST03931,PROD0203,2025-12-24,Duplicate order,Fashion,242.76,52.21,6.21,301.18,No
RET00405,ORD005888,CUST03960,PROD0402,2025-10-30,Product damaged,Electronics,18707.29,85.74,589.14,19382.17,No
RET00406,ORD005889,CUST01364,PROD0148,2026-07-25,Product damaged,Furniture,13243.45,84.18,354.12,13681.75,No
RET00407,ORD005894,CUST03262,PROD0256,2026-09-16,Late delivery,Fashion,3121.31,75.21,77.09,3273.61,No
RET00408,ORD005897,CUST01900,PROD0237,2025-10-30,Not as expected,Electronics,9953.79,25.58,335.17,10314.54,Yes
RET00409,ORD005917,CUST01465,PROD0153,2026-08-07,Wrong product,Fashion,4981.33,59.34,118.78,5159.45,Yes
RET00410,ORD005935,CUST04196,PROD0053,2026-09-15,Quality issue,Fashion,711.45,31.72,18.11,761.28,Yes
RET00411,ORD005952,CUST02517,PROD0300,2026-07-07,Quality issue,Electronics,8756.57,57.03,232.51,9046.11,No
RET00412,ORD005970,CUST03877,PROD0313,2026-02-23,Late delivery,Electronics,1621.89,64.11,56.75,1742.75,No
RET00413,ORD005978,CUST02772,PROD0259,2025-10-14,Late delivery,Electronics,14291.18,46.28,440.05,14777.51,No
RET00414,ORD005999,CUST00379,PROD0426,2026-07-24,Wrong product,Electronics,5562.59,62.3,152.95,5777.84,No
RET00415,ORD006009,CUST03907,PROD0256,2026-03-05,Wrong product,Fashion,3463.86,73.74,77.09,3614.69,Yes
RET00416,ORD006028,CUST04553,PROD0008,2026-09-06,Size issue,Electronics,17726.26,77.59,518.21,18322.06,Yes
RET00417,ORD006032,CUST03397,PROD0393,2026-06-28,Not as expected,Fashion,2937.71,32.98,65.16,3035.85,Yes
RET00418,ORD006039,CUST02922,PROD0270,2026-01-10,Duplicate order,Electronics,20475.06,75.62,616.69,21167.37,No
RET00419,ORD006087,CUST00132,PROD0073,2026-06-01,Wrong product,Grocery,161.16,51.42,5.67,218.25,Yes
RET00420,ORD006110,CUST01892,PROD0465,2026-08-21,Duplicate order,Beauty,1567.63,62.9,31.27,1661.8,Yes
RET00421,ORD006135,CUST03269,PROD0044,2025-11-29,Late delivery,Electronics,49740.67,54.52,1679.04,51474.23,No
RET00422,ORD006136,CUST04094,PROD0424,2026-07-04,Size issue,Electronics,4053.55,81.58,104.51,4239.64,No
RET00423,ORD006138,CUST04908,PROD0387,2026-07-13,Wrong product,Electronics,26959.35,48.77,807.43,27815.55,Yes
RET00424,ORD006184,CUST01907,PROD0091,2026-02-04,Product damaged,Fashion,3508.22,22.7,83.31,3614.23,No
RET00425,ORD006187,CUST01555,PROD0148,2025-12-28,Duplicate order,Furniture,14287.57,27.1,354.12,14668.79,Yes
RET00426,ORD006222,CUST00298,PROD0156,2026-03-24,Not as expected,Electronics,46305.87,40.14,1595.22,47941.23,Yes
RET00427,ORD006244,CUST04144,PROD0015,2026-08-03,Wrong product,Home & Kitchen,5102.71,64.64,113.93,5281.28,No
RET00428,ORD006250,CUST04219,PROD0235,2026-02-27,Late delivery,Electronics,19349.85,24.26,781.17,20155.28,No
RET00429,ORD006252,CUST02223,PROD0350,2026-03-19,Wrong product,Fashion,365.08,56.89,8.12,430.09,No
RET00430,ORD006254,CUST02893,PROD0156,2025-11-06,Size issue,Electronics,25141.59,77.69,797.61,26016.89,No
RET00431,ORD006271,CUST01068,PROD0372,2026-03-14,Size issue,Fashion,1382.98,77.1,28.98,1489.06,No
RET00432,ORD006272,CUST04739,PROD0034,2026-09-09,Wrong product,Fashion,2882.92,36.84,68.33,2988.09,No
RET00433,ORD006275,CUST00579,PROD0238,2026-09-16,Better price elsewhere,Electronics,16435.28,42.66,425.89,16903.83,No
RET00434,ORD006277,CUST00659,PROD0340,2026-04-08,Wrong product,Electronics,4528.94,71.52,114.37,4714.83,No
RET00435,ORD006284,CUST04359,PROD0301,2025-11-15,Changed mind,Grocery,291.95,36.38,8.1,336.43,Yes
RET00436,ORD006291,CUST00034,PROD0040,2026-05-01,Better price elsewhere,Electronics,14147.02,64.95,428.95,14640.92,Yes
RET00437,ORD006317,CUST03396,PROD0189,2025-11-16,Wrong product,Electronics,10383.95,37.78,305.01,10726.74,No
RET00438,ORD006318,CUST02455,PROD0051,2025-12-09,Size issue,Fashion,627.79,36.34,18.31,682.44,No
RET00439,ORD006338,CUST00369,PROD0201,2026-04-14,Wrong product,Beauty,521.59,67.28,14.83,603.7,No
RET00440,ORD006346,CUST03779,PROD0327,2025-12-27,Not as expected,Fashion,1466.63,52.66,35.81,1555.1,No
RET00441,ORD006392,CUST00801,PROD0351,2026-08-25,Not as expected,Electronics,19954.76,25.34,608.64,20588.74,Yes
RET00442,ORD006399,CUST04784,PROD0045,2026-03-11,Product damaged,Grocery,97.54,21.71,2.67,121.92,No
RET00443,ORD006415,CUST04362,PROD0069,2026-09-06,Duplicate order,Sports,8630.31,79.06,199.47,8908.84,No
RET00444,ORD006416,CUST00975,PROD0172,2025-10-15,Not as expected,Sports,647.26,40.36,20.08,707.7,No
RET00445,ORD006491,CUST01697,PROD0270,2025-11-02,Quality issue,Electronics,18631.63,38.04,616.69,19286.36,No
RET00446,ORD006520,CUST01321,PROD0011,2025-11-21,Late delivery,Personal Care,1153.19,86.38,35.69,1275.26,Yes
RET00447,ORD006530,CUST03656,PROD0223,2025-11-10,Size issue,Electronics,12529.56,76.58,446.42,13052.56,Yes
RET00448,ORD006539,CUST02921,PROD0494,2026-08-29,Not as expected,Electronics,8402.68,81.66,216.85,8701.19,Yes
RET00449,ORD006565,CUST04305,PROD0500,2026-01-25,Duplicate order,Electronics,28152.43,87.98,792.01,29032.42,No
RET00450,ORD006569,CUST04356,PROD0469,2025-10-29,Quality issue,Fashion,2582.32,85.84,75.1,2743.26,No
RET00451,ORD006621,CUST03570,PROD0155,2026-06-26,Product damaged,Home & Kitchen,358.85,74.64,9.94,443.43,No
RET00452,ORD006622,CUST01494,PROD0023,2025-11-09,Better price elsewhere,Furniture,2752.38,66.02,62.79,2881.19,No
RET00453,ORD006638,CUST00991,PROD0358,2026-02-12,Quality issue,Fashion,2510.15,67.79,55.39,2633.33,No
RET00454,ORD006639,CUST02685,PROD0274,2026-04-17,Changed mind,Electronics,23998.89,81.9,680.11,24760.9,No
RET00455,ORD006648,CUST00163,PROD0382,2025-11-03,Quality issue,Home & Kitchen,5425.72,52.06,135.32,5613.1,No
RET00456,ORD006658,CUST04137,PROD0274,2025-12-13,Changed mind,Electronics,25319.21,70.9,680.11,26070.22,No
RET00457,ORD006669,CUST01969,PROD0201,2025-12-13,Duplicate order,Beauty,1325.56,42.34,29.65,1397.55,No
RET00458,ORD006702,CUST00328,PROD0416,2025-11-02,Size issue,Accessories,901.52,66.92,21.33,989.77,No
RET00459,ORD006724,CUST04573,PROD0398,2026-03-23,Wrong product,Electronics,26808.86,39.78,727.11,27575.75,No
RET00460,ORD006726,CUST02641,PROD0051,2026-04-09,Size issue,Fashion,720.17,86.64,18.31,825.12,Yes
RET00461,ORD006738,CUST03893,PROD0435,2025-12-04,Late delivery,Fashion,489.58,41.22,11.48,542.28,No
RET00462,ORD006747,CUST04576,PROD0350,2026-06-19,Changed mind,Fashion,737.02,44.03,16.23,797.28,Yes
RET00463,ORD006754,CUST02314,PROD0033,2026-07-08,Better price elsewhere,Fashion,1083.77,78.26,23.15,1185.18,No
RET00464,ORD006787,CUST03404,PROD0200,2026-07-01,Changed mind,Fashion,5226.41,68.92,131.71,5427.04,No
RET00465,ORD006802,CUST01484,PROD0263,2026-08-29,Late delivery,Electronics,11022.93,31.59,305.9,11360.42,No
RET00466,ORD006809,CUST04440,PROD0359,2026-07-31,Size issue,Accessories,1900.23,20.35,38.01,1958.59,No
RET00467,ORD006815,CUST00094,PROD0496,2026-02-05,Duplicate order,Home & Kitchen,2797.32,53.12,69.81,2920.25,No
RET00468,ORD006835,CUST03546,PROD0257,2026-06-28,Product damaged,Beauty,2084.11,44.22,38.73,2167.06,Yes
RET00469,ORD006844,CUST00431,PROD0055,2026-02-13,Quality issue,Fashion,2540.9,85.12,65.34,2691.36,Yes
RET00470,ORD006884,CUST01113,PROD0175,2026-01-26,Quality issue,Electronics,35296.96,32.68,920.46,36250.1,No
RET00471,ORD006935,CUST02657,PROD0086,2026-09-30,Quality issue,Fashion,2021.31,38.89,52.94,2113.14,No
RET00472,ORD006943,CUST01010,PROD0251,2026-08-22,Product damaged,Electronics,15470.15,85.61,464.56,16020.32,Yes
RET00473,ORD006944,CUST04050,PROD0122,2026-08-06,Quality issue,Fashion,3287.97,87.89,98.74,3474.6,No
RET00474,ORD006955,CUST04158,PROD0321,2026-01-22,Wrong product,Electronics,8880.2,82.95,279.92,9243.07,No
RET00475,ORD006959,CUST04675,PROD0225,2026-02-07,Size issue,Fashion,1982.97,71.66,45.96,2100.59,Yes
RET00476,ORD006976,CUST01219,PROD0484,2026-02-27,Wrong product,Electronics,25709.29,40.2,686.73,26436.22,No
RET00477,ORD007007,CUST04511,PROD0494,2026-01-24,Quality issue,Electronics,3482.61,42.9,108.42,3633.93,No
RET00478,ORD007016,CUST03204,PROD0189,2025-11-12,Late delivery,Electronics,11161.1,30.17,305.01,11496.28,No
RET00479,ORD007023,CUST00051,PROD0313,2026-05-03,Product damaged,Electronics,744.65,60.7,18.92,824.27,Yes
RET00480,ORD007024,CUST04630,PROD0187,2026-05-01,Size issue,Electronics,32247.26,40.14,852.61,33140.01,No
RET00481,ORD007028,CUST00163,PROD0462,2026-02-19,Product damaged,Beauty,1521.37,32.26,30.63,1584.26,No
RET00482,ORD007040,CUST01657,PROD0351,2025-10-08,Late delivery,Electronics,21303.29,35.25,608.64,21947.18,No
RET00483,ORD007041,CUST04616,PROD0400,2026-05-12,Late delivery,Fashion,3028.13,69.58,66.82,3164.53,No
RET00484,ORD007113,CUST04352,PROD0010,2026-04-04,Not as expected,Electronics,28358.88,57.38,882.19,29298.45,Yes
RET00485,ORD007119,CUST01658,PROD0402,2026-06-01,Not as expected,Electronics,10752.14,32.14,294.57,11078.85,No
RET00486,ORD007163,CUST01132,PROD0400,2026-08-18,Not as expected,Fashion,3195.6,56.69,66.82,3319.11,Yes
RET00487,ORD007167,CUST04579,PROD0196,2025-12-29,Not as expected,Home & Kitchen,4585.92,29.9,118.41,4734.23,Yes
RET00488,ORD007170,CUST04932,PROD0104,2026-06-27,Not as expected,Home & Kitchen,6209.25,47.73,146.18,6403.16,No
RET00489,ORD007177,CUST00468,PROD0259,2026-03-15,Late delivery,Electronics,14590.47,38.22,440.05,15068.74,No
RET00490,ORD007178,CUST03896,PROD0187,2026-01-27,Duplicate order,Electronics,32992.6,31.76,852.61,33876.97,No
RET00491,ORD007182,CUST00616,PROD0461,2026-09-23,Product damaged,Sports,1683.99,42.92,36.07,1762.98,No
RET00492,ORD007231,CUST04787,PROD0100,2025-11-25,Size issue,Electronics,33662.2,84.6,996.51,34743.31,Yes
RET00493,ORD007242,CUST00388,PROD0300,2025-10-23,Changed mind,Electronics,8445.4,59.81,232.51,8737.72,No
RET00494,ORD007281,CUST01688,PROD0314,2026-08-14,Duplicate order,Electronics,14151.01,38.56,437.77,14627.34,No
RET00495,ORD007304,CUST02960,PROD0313,2025-10-16,Quality issue,Electronics,711.19,25.62,18.92,755.73,Yes
RET00496,ORD007307,CUST04313,PROD0374,2025-12-15,Product damaged,Sports,1655.99,20.07,43.66,1719.72,Yes
RET00497,ORD007309,CUST04692,PROD0134,2026-05-23,Late delivery,Electronics,26519.18,34.05,689.11,27242.34,Yes
RET00498,ORD007316,CUST04716,PROD0263,2026-06-19,Quality issue,Electronics,9095.45,72.4,305.9,9473.75,No
RET00499,ORD007322,CUST01616,PROD0251,2025-11-08,Better price elsewhere,Electronics,15889.96,67.87,464.56,16422.39,Yes
RET00500,ORD007343,CUST01938,PROD0258,2026-05-25,Not as expected,Electronics,27898.34,49.1,776.11,28723.55,No
RET00501,ORD007378,CUST01083,PROD0412,2026-02-08,Changed mind,Furniture,2297.05,49.68,56.02,2402.75,No
RET00502,ORD007382,CUST02677,PROD0092,2026-03-04,Wrong product,Electronics,13303.82,49.66,497.18,13850.66,Yes
RET00503,ORD007391,CUST01395,PROD0164,2026-03-13,Size issue,Fashion,6888.96,31.9,157.43,7078.29,No
RET00504,ORD007394,CUST03913,PROD0452,2026-05-16,Wrong product,Electronics,2743.95,30.92,75.26,2850.13,No
RET00505,ORD007413,CUST00062,PROD0150,2026-08-03,Wrong product,Accessories,2410.29,57.18,58.04,2525.51,No
RET00506,ORD007442,CUST04014,PROD0329,2026-01-08,Size issue,Grocery,92.8,26.41,2.77,121.98,No
RET00507,ORD007447,CUST01846,PROD0452,2026-01-23,Late delivery,Electronics,4255.96,49.92,150.53,4456.41,No
RET00508,ORD007449,CUST04345,PROD0001,2026-09-21,Duplicate order,Home & Kitchen,3564.68,20.81,86.44,3671.93,No
RET00509,ORD007456,CUST04229,PROD0447,2026-03-30,Wrong product,Grocery,143.56,66.78,4.12,214.46,No
RET00510,ORD007486,CUST00250,PROD0400,2026-07-11,Duplicate order,Fashion,2761.31,82.36,66.82,2910.49,Yes
RET00511,ORD007504,CUST03561,PROD0390,2026-06-19,Changed mind,Electronics,27305.3,64.37,688.0,28057.67,No
RET00512,ORD007536,CUST00931,PROD0299,2026-03-31,Size issue,Fashion,1172.04,81.56,25.95,1279.55,No
RET00513,ORD007541,CUST00106,PROD0397,2026-05-06,Not as expected,Electronics,28846.79,30.64,802.69,29680.12,No
RET00514,ORD007554,CUST01424,PROD0270,2025-11-28,Wrong product,Electronics,20800.92,63.33,616.69,21480.94,Yes
RET00515,ORD007561,CUST03618,PROD0134,2025-11-12,Wrong product,Electronics,28176.7,67.27,689.11,28933.08,No
RET00516,ORD007568,CUST02250,PROD0264,2026-09-02,Duplicate order,Fashion,2261.36,80.23,56.72,2398.31,No
RET00517,ORD007574,CUST01208,PROD0498,2026-03-12,Better price elsewhere,Electronics,9061.56,35.62,237.6,9334.78,No
RET00518,ORD007579,CUST04959,PROD0083,2026-09-08,Changed mind,Electronics,23646.06,38.23,694.14,24378.43,No
RET00519,ORD007585,CUST00662,PROD0443,2026-03-31,Quality issue,Home & Kitchen,4815.28,22.36,109.17,4946.81,No
RET00520,ORD007587,CUST01299,PROD0367,2026-05-30,Quality issue,Furniture,20326.07,42.57,517.99,20886.63,No
RET00521,ORD007608,CUST03561,PROD0185,2025-11-07,Better price elsewhere,Electronics,49838.04,45.7,1533.88,51417.62,No
RET00522,ORD007640,CUST02122,PROD0402,2026-02-19,Not as expected,Electronics,9257.39,69.36,294.57,9621.32,Yes
RET00523,ORD007643,CUST02372,PROD0384,2026-08-05,Size issue,Home & Kitchen,799.04,82.14,23.42,904.6,No
RET00524,ORD007662,CUST03131,PROD0405,2026-07-29,Duplicate order,Fashion,599.93,57.58,13.31,670.82,No
RET00525,ORD007681,CUST02182,PROD0249,2025-12-16,Wrong product,Fashion,4752.51,74.26,117.81,4944.58,Yes
RET00526,ORD007683,CUST00383,PROD0091,2025-10-29,Quality issue,Fashion,1684.57,59.79,41.65,1786.01,Yes
RET00527,ORD007692,CUST02291,PROD0406,2026-04-27,Duplicate order,Home & Kitchen,1715.89,49.38,39.76,1805.03,No
RET00528,ORD007706,CUST03821,PROD0179,2026-01-11,Quality issue,Accessories,3266.91,51.51,61.41,3379.83,No
RET00529,ORD007715,CUST00956,PROD0086,2026-01-08,Size issue,Fashion,1734.12,87.77,52.94,1874.83,No
RET00530,ORD007719,CUST04089,PROD0274,2025-11-13,Not as expected,Electronics,44029.06,72.65,1360.21,45461.92,No
RET00531,ORD007744,CUST02180,PROD0418,2025-10-16,Quality issue,Fashion,3124.19,83.43,65.13,3272.75,Yes
RET00532,ORD007766,CUST00548,PROD0288,2026-03-26,Late delivery,Sports,1209.86,68.52,31.33,1309.71,Yes
RET00533,ORD007779,CUST00388,PROD0218,2026-02-07,Late delivery,Personal Care,2051.84,27.72,46.05,2125.61,No
RET00534,ORD007780,CUST00452,PROD0185,2026-07-23,Quality issue,Electronics,35646.66,39.82,1022.59,36709.07,Yes
RET00535,ORD007798,CUST04970,PROD0236,2026-04-30,Product damaged,Fashion,1487.04,85.95,39.61,1612.6,No
RET00536,ORD007807,CUST00036,PROD0213,2026-01-07,Not as expected,Fashion,613.19,76.91,16.92,707.02,No
RET00537,ORD007834,CUST03488,PROD0296,2026-05-26,Size issue,Home & Kitchen,1679.11,61.67,40.41,1781.19,No
RET00538,ORD007857,CUST04777,PROD0263,2026-04-09,Size issue,Electronics,5004.19,86.21,152.95,5243.35,No
RET00539,ORD007861,CUST02056,PROD0340,2026-02-20,Late delivery,Electronics,1738.86,52.29,57.18,1848.33,No
RET00540,ORD007875,CUST03487,PROD0008,2026-05-06,Quality issue,Electronics,35930.94,33.58,1036.43,37000.95,No
RET00541,ORD007891,CUST03744,PROD0230,2025-12-28,Quality issue,Electronics,27962.1,46.3,837.34,28845.74,No
RET00542,ORD007953,CUST04113,PROD0305,2026-06-05,Better price elsewhere,Home & Kitchen,1557.1,82.98,43.75,1683.83,No
RET00543,ORD007982,CUST04994,PROD0496,2026-04-16,Better price elsewhere,Home & Kitchen,5168.22,35.99,139.62,5343.83,Yes
RET00544,ORD007987,CUST03191,PROD0322,2026-02-12,Duplicate order,Home & Kitchen,1314.13,55.22,35.29,1404.64,No
RET00545,ORD008027,CUST04316,PROD0266,2026-06-16,Late delivery,Furniture,12628.43,61.93,323.75,13014.11,Yes
RET00546,ORD008032,CUST02809,PROD0470,2025-11-14,Not as expected,Electronics,4155.3,39.11,108.73,4303.14,Yes
RET00547,ORD008055,CUST01820,PROD0055,2026-03-31,Quality issue,Fashion,3056.06,60.98,65.34,3182.38,No
RET00548,ORD008075,CUST00383,PROD0226,2026-07-23,Size issue,Beauty,379.27,66.1,7.24,452.61,No
RET00549,ORD008126,CUST03379,PROD0409,2026-06-09,Quality issue,Electronics,16390.57,58.56,504.82,16953.95,No
RET00550,ORD008132,CUST01873,PROD0066,2025-11-22,Product damaged,Electronics,6857.77,24.52,216.24,7098.53,Yes
RET00551,ORD008137,CUST00219,PROD0441,2026-02-13,Duplicate order,Personal Care,1172.34,67.94,33.3,1273.58,No
RET00552,ORD008146,CUST03689,PROD0225,2026-06-16,Better price elsewhere,Fashion,1040.91,84.33,22.98,1148.22,Yes
RET00553,ORD008163,CUST02324,PROD0443,2026-09-20,Duplicate order,Home & Kitchen,3843.04,77.42,109.17,4029.63,No
RET00554,ORD008166,CUST00057,PROD0299,2025-10-22,Better price elsewhere,Fashion,1131.43,29.56,25.95,1186.94,Yes
RET00555,ORD008200,CUST04946,PROD0462,2026-06-25,Size issue,Beauty,1433.44,42.49,30.63,1506.56,No
RET00556,ORD008215,CUST04574,PROD0426,2026-08-23,Product damaged,Electronics,5702.74,76.81,152.95,5932.5,Yes
RET00557,ORD008222,CUST03926,PROD0385,2026-04-15,Quality issue,Electronics,13734.02,75.12,347.12,14156.26,Yes
RET00558,ORD008250,CUST01678,PROD0158,2026-08-21,Wrong product,Fashion,677.66,79.25,15.17,772.08,Yes
RET00559,ORD008252,CUST01770,PROD0142,2026-03-09,Changed mind,Fashion,1320.1,70.74,30.59,1421.43,No
RET00560,ORD008262,CUST03090,PROD0321,2025-12-21,Late delivery,Electronics,20267.45,43.65,559.84,20870.94,No
RET00561,ORD008266,CUST03234,PROD0105,2026-07-03,Better price elsewhere,Fashion,4040.21,79.7,99.01,4218.92,Yes
RET00562,ORD008270,CUST03146,PROD0008,2026-02-13,Wrong product,Electronics,16755.89,47.77,518.21,17321.87,Yes
RET00563,ORD008275,CUST00706,PROD0395,2026-05-28,Product damaged,Electronics,10820.79,34.01,282.06,11136.86,No
RET00564,ORD008278,CUST04564,PROD0489,2026-04-04,Wrong product,Fashion,2007.21,41.3,44.71,2093.22,Yes
RET00565,ORD008284,CUST01241,PROD0025,2026-06-20,Wrong product,Electronics,13641.78,61.86,376.96,14080.6,No
RET00566,ORD008286,CUST04237,PROD0339,2026-09-30,Changed mind,Electronics,1059.05,35.38,32.0,1126.43,No
RET00567,ORD008300,CUST00817,PROD0187,2026-01-15,Quality issue,Electronics,32414.51,38.58,852.61,33305.7,No
RET00568,ORD008339,CUST01068,PROD0226,2026-08-12,Not as expected,Beauty,436.19,20.58,7.24,464.01,No
RET00569,ORD008340,CUST00563,PROD0445,2026-01-31,Quality issue,Electronics,15500.63,35.26,408.06,15943.95,No
RET00570,ORD008342,CUST01665,PROD0097,2026-03-19,Product damaged,Sports,3689.72,70.01,94.58,3854.31,No
RET00571,ORD008346,CUST01966,PROD0422,2026-01-26,Product damaged,Fashion,1456.27,25.8,31.95,1514.02,No
RET00572,ORD008375,CUST00773,PROD0270,2026-09-15,Product damaged,Electronics,21286.76,81.78,616.69,21985.23,Yes
RET00573,ORD008381,CUST04672,PROD0498,2026-02-07,Wrong product,Electronics,8226.67,78.64,237.6,8542.91,No
RET00574,ORD008391,CUST00384,PROD0160,2026-09-27,Wrong product,Furniture,11733.15,78.44,300.13,12111.72,No
RET00575,ORD008406,CUST01716,PROD0179,2026-08-19,Size issue,Accessories,2843.33,22.98,61.41,2927.72,No
RET00576,ORD008453,CUST01509,PROD0310,2026-06-23,Wrong product,Electronics,5834.03,51.67,166.46,6052.16,No
RET00577,ORD008471,CUST04998,PROD0487,2026-04-06,Late delivery,Fashion,1793.55,42.42,40.41,1876.38,No
RET00578,ORD008478,CUST02166,PROD0259,2026-08-03,Not as expected,Electronics,33062.46,62.57,880.09,34005.12,No
RET00579,ORD008486,CUST04010,PROD0053,2026-09-01,Wrong product,Fashion,850.08,56.98,18.11,925.17,No
RET00580,ORD008488,CUST02685,PROD0477,2025-10-07,Late delivery,Electronics,96911.43,31.7,2498.66,99441.79,No
RET00581,ORD008530,CUST00917,PROD0369,2025-11-28,Quality issue,Electronics,18916.74,45.64,495.45,19457.83,No
RET00582,ORD008545,CUST04552,PROD0264,2026-08-12,Duplicate order,Fashion,4939.71,42.93,113.45,5096.09,No
RET00583,ORD008570,CUST02272,PROD0232,2026-01-02,Quality issue,Accessories,3901.85,84.48,95.23,4081.56,No
RET00584,ORD008581,CUST04253,PROD0340,2026-03-22,Product damaged,Electronics,2022.45,33.2,57.18,2112.83,No
RET00585,ORD008587,CUST00121,PROD0056,2026-09-07,Size issue,Fashion,416.57,31.81,8.92,457.3,No
RET00586,ORD008600,CUST03676,PROD0190,2026-06-06,Not as expected,Electronics,46200.35,38.66,1516.13,47755.14,No
RET00587,ORD008602,CUST01106,PROD0500,2026-06-20,Quality issue,Electronics,30145.42,22.83,792.01,30960.26,No
RET00588,ORD008611,CUST03009,PROD0039,2026-08-24,Late delivery,Electronics,25964.29,28.27,695.19,26687.75,No
RET00589,ORD008614,CUST02099,PROD0178,2026-08-16,Changed mind,Furniture,14160.0,20.66,354.68,14535.34,Yes
RET00590,ORD008625,CUST00899,PROD0131,2026-08-05,Better price elsewhere,Electronics,9208.77,61.7,278.54,9549.01,Yes
RET00591,ORD008654,CUST04677,PROD0340,2025-10-27,Size issue,Electronics,2230.62,87.49,57.18,2375.29,Yes
RET00592,ORD008690,CUST04076,PROD0055,2026-02-04,Quality issue,Fashion,2771.94,66.03,65.34,2903.31,No
RET00593,ORD008709,CUST04748,PROD0164,2026-01-14,Late delivery,Fashion,1842.81,44.91,52.48,1940.2,Yes
RET00594,ORD008724,CUST01464,PROD0402,2025-12-13,Size issue,Electronics,10310.19,40.79,294.57,10645.55,Yes
RET00595,ORD008725,CUST02405,PROD0056,2026-08-29,Size issue,Fashion,438.39,25.21,8.92,472.52,No
RET00596,ORD008735,CUST04344,PROD0027,2026-02-05,Better price elsewhere,Electronics,72691.71,50.14,1983.23,74725.08,No
RET00597,ORD008737,CUST04429,PROD0325,2026-08-26,Duplicate order,Fashion,550.47,28.95,14.07,593.49,Yes
RET00598,ORD008739,CUST01364,PROD0223,2025-11-21,Better price elsewhere,Electronics,29973.93,64.02,892.84,30930.79,Yes
RET00599,ORD008744,CUST04624,PROD0483,2026-05-19,Quality issue,Home & Kitchen,1805.27,46.58,41.86,1893.71,Yes
RET00600,ORD008762,CUST04900,PROD0498,2025-10-28,Not as expected,Electronics,8767.48,61.0,237.6,9066.08,No
RET00601,ORD008767,CUST02600,PROD0314,2025-12-26,Wrong product,Electronics,17026.84,60.66,437.77,17525.27,Yes
RET00602,ORD008780,CUST01703,PROD0394,2025-11-07,Changed mind,Fashion,2166.63,72.18,53.36,2292.17,Yes
RET00603,ORD008786,CUST01831,PROD0027,2026-08-06,Size issue,Electronics,23808.42,22.63,661.08,24492.13,No
RET00604,ORD008795,CUST00723,PROD0189,2026-09-10,Wrong product,Electronics,9462.1,51.46,305.01,9818.57,No
RET00605,ORD008812,CUST01543,PROD0246,2025-11-03,Size issue,Fashion,1702.23,37.18,38.7,1778.11,No
RET00606,ORD008814,CUST04082,PROD0016,2026-08-20,Product damaged,Electronics,20824.32,56.04,605.48,21485.84,No
RET00607,ORD008849,CUST01279,PROD0300,2026-07-09,Wrong product,Electronics,14676.42,73.02,465.02,15214.46,No
RET00608,ORD008963,CUST02981,PROD0007,2026-05-27,Duplicate order,Electronics,16878.64,54.9,481.37,17414.91,Yes
RET00609,ORD008965,CUST03837,PROD0327,2026-06-26,Quality issue,Fashion,1586.89,41.73,35.81,1664.43,No
RET00610,ORD008968,CUST01233,PROD0156,2026-08-07,Size issue,Electronics,24656.39,69.02,797.61,25523.02,Yes
RET00611,ORD008979,CUST01668,PROD0221,2025-10-17,Quality issue,Electronics,886.61,42.78,26.55,955.94,No
RET00612,ORD009033,CUST00028,PROD0156,2026-03-15,Late delivery,Electronics,25542.36,45.05,797.61,26385.02,Yes
RET00613,ORD009049,CUST02901,PROD0040,2026-08-29,Duplicate order,Electronics,13141.03,25.44,428.95,13595.42,Yes
RET00614,ORD009078,CUST03010,PROD0397,2025-10-19,Quality issue,Electronics,28004.51,30.02,802.69,28837.22,Yes
RET00615,ORD009132,CUST03603,PROD0426,2026-09-17,Product damaged,Electronics,5233.63,45.13,152.95,5431.71,Yes
RET00616,ORD009147,CUST01034,PROD0083,2026-01-03,Quality issue,Electronics,25884.97,80.43,694.14,26659.54,No
RET00617,ORD009160,CUST02450,PROD0275,2025-11-29,Late delivery,Sports,3208.53,33.78,107.27,3349.58,No
RET00618,ORD009184,CUST02634,PROD0126,2026-03-02,Not as expected,Electronics,8291.6,53.02,235.47,8580.09,No
RET00619,ORD009195,CUST03078,PROD0129,2026-08-08,Quality issue,Electronics,27882.97,47.18,782.25,28712.4,Yes
RET00620,ORD009197,CUST04316,PROD0364,2026-09-19,Product damaged,Sports,2119.97,35.54,55.28,2210.79,No
RET00621,ORD009202,CUST04476,PROD0351,2026-01-29,Better price elsewhere,Electronics,45042.34,59.65,1217.27,46319.26,No
RET00622,ORD009219,CUST01715,PROD0017,2025-10-26,Changed mind,Fashion,2743.25,37.38,73.66,2854.29,Yes
RET00623,ORD009226,CUST01088,PROD0351,2026-03-02,Changed mind,Electronics,23399.28,46.53,608.64,24054.45,No
RET00624,ORD009240,CUST04483,PROD0305,2026-03-19,Duplicate order,Home & Kitchen,1855.11,31.62,43.75,1930.48,No
RET00625,ORD009263,CUST02782,PROD0016,2026-04-19,Size issue,Electronics,19084.83,83.38,605.48,19773.69,No
RET00626,ORD009264,CUST01995,PROD0200,2026-08-29,Not as expected,Fashion,2191.44,73.26,65.85,2330.55,Yes
RET00627,ORD009279,CUST00117,PROD0134,2026-03-17,Better price elsewhere,Electronics,23511.66,87.86,689.11,24288.63,No
RET00628,ORD009292,CUST03864,PROD0035,2025-12-16,Wrong product,Electronics,15068.7,80.73,561.78,15711.21,No
RET00629,ORD009322,CUST02601,PROD0238,2026-07-02,Not as expected,Electronics,16235.65,45.87,425.89,16707.41,No
RET00630,ORD009338,CUST01657,PROD0495,2026-07-19,Duplicate order,Fashion,3548.75,72.7,75.46,3696.91,No
RET00631,ORD009371,CUST00311,PROD0377,2026-02-15,Duplicate order,Fashion,1221.46,61.63,27.35,1310.44,No
RET00632,ORD009372,CUST00578,PROD0216,2025-11-30,Not as expected,Grocery,442.09,26.45,12.58,481.12,No
RET00633,ORD009374,CUST03601,PROD0445,2025-11-16,Product damaged,Electronics,15177.73,37.51,408.06,15623.3,No
RET00634,ORD009379,CUST02886,PROD0152,2026-02-18,Changed mind,Fashion,2743.08,79.15,68.09,2890.32,No
RET00635,ORD009390,CUST03815,PROD0131,2026-04-27,Duplicate order,Electronics,9199.25,73.73,278.54,9551.52,No
RET00636,ORD009411,CUST03136,PROD0087,2026-01-13,Product damaged,Home & Kitchen,2682.53,35.23,62.83,2780.59,No
RET00637,ORD009446,CUST00471,PROD0395,2025-10-30,Product damaged,Electronics,9537.86,67.07,282.06,9886.99,No
RET00638,ORD009448,CUST00070,PROD0122,2026-06-17,Duplicate order,Fashion,1970.75,50.28,49.37,2070.4,No
RET00639,ORD009476,CUST04795,PROD0304,2026-03-14,Size issue,Electronics,59051.88,63.2,1813.66,60928.74,No
RET00640,ORD009546,CUST02581,PROD0074,2026-01-15,Late delivery,Electronics,6687.99,50.76,168.98,6907.73,No
RET00641,ORD009549,CUST00638,PROD0322,2026-02-13,Late delivery,Home & Kitchen,1226.07,56.12,35.29,1317.48,No
RET00642,ORD009569,CUST00377,PROD0263,2026-02-10,Late delivery,Electronics,5678.1,34.72,152.95,5865.77,No
RET00643,ORD009570,CUST03330,PROD0446,2026-06-11,Changed mind,Home & Kitchen,10255.94,78.06,252.13,10586.13,No
RET00644,ORD009604,CUST01920,PROD0048,2026-03-18,Better price elsewhere,Home & Kitchen,5843.91,74.55,147.35,6065.81,Yes
RET00645,ORD009615,CUST04220,PROD0478,2026-02-14,Changed mind,Beauty,1175.37,47.33,18.73,1241.43,No
RET00646,ORD009626,CUST01343,PROD0238,2026-02-23,Not as expected,Electronics,15411.04,37.98,425.89,15874.91,No
RET00647,ORD009673,CUST01368,PROD0314,2026-09-09,Size issue,Electronics,15709.21,50.28,437.77,16197.26,Yes
RET00648,ORD009699,CUST02048,PROD0131,2026-03-09,Wrong product,Electronics,9539.72,29.49,278.54,9847.75,No
RET00649,ORD009706,CUST03602,PROD0350,2026-01-30,Better price elsewhere,Fashion,698.81,61.38,16.23,776.42,No
RET00650,ORD009715,CUST03560,PROD0429,2026-08-20,Changed mind,Electronics,80471.4,71.31,2264.05,82806.76,Yes
RET00651,ORD009720,CUST00951,PROD0228,2025-11-25,Duplicate order,Accessories,4100.88,83.51,81.76,4266.15,No
RET00652,ORD009727,CUST04107,PROD0153,2026-05-14,Duplicate order,Fashion,2607.47,20.8,59.39,2687.66,No
RET00653,ORD009729,CUST04536,PROD0369,2026-05-14,Better price elsewhere,Electronics,15941.44,59.13,495.45,16496.02,No
RET00654,ORD009731,CUST03048,PROD0397,2026-01-10,Size issue,Electronics,30155.25,73.07,802.69,31031.01,No
RET00655,ORD009734,CUST04613,PROD0199,2026-06-15,Size issue,Grocery,200.97,53.46,6.89,261.32,No
RET00656,ORD009740,CUST01125,PROD0002,2025-12-22,Changed mind,Grocery,279.6,55.27,7.66,342.53,Yes
RET00657,ORD009745,CUST03864,PROD0015,2025-10-09,Duplicate order,Home & Kitchen,3902.07,55.14,113.93,4071.14,Yes
RET00658,ORD009772,CUST01436,PROD0104,2026-02-12,Late delivery,Home & Kitchen,6212.31,75.34,146.18,6433.83,No
RET00659,ORD009787,CUST04506,PROD0372,2026-04-07,Duplicate order,Fashion,698.92,74.69,14.49,788.1,No
RET00660,ORD009807,CUST00891,PROD0312,2026-02-21,Wrong product,Personal Care,1267.73,67.91,28.1,1363.74,No
RET00661,ORD009823,CUST00410,PROD0397,2025-11-25,Product damaged,Electronics,26260.76,52.79,802.69,27116.24,No
RET00662,ORD009825,CUST04756,PROD0300,2026-02-28,Product damaged,Electronics,14050.72,72.57,465.02,14588.31,No
RET00663,ORD009837,CUST01640,PROD0142,2025-12-17,Wrong product,Fashion,1472.86,74.1,30.59,1577.55,No
RET00664,ORD009840,CUST03809,PROD0044,2026-02-11,Wrong product,Electronics,63564.76,53.17,1679.04,65296.97,No
RET00665,ORD009841,CUST03502,PROD0242,2026-07-04,Product damaged,Fashion,3464.0,51.98,74.11,3590.09,No
RET00666,ORD009849,CUST03078,PROD0474,2026-06-14,Late delivery,Grocery,486.21,24.46,12.43,523.1,No
RET00667,ORD009851,CUST01996,PROD0340,2026-09-02,Not as expected,Electronics,2249.26,32.54,57.18,2338.98,Yes
RET00668,ORD009859,CUST02286,PROD0429,2025-12-30,Changed mind,Electronics,24673.64,84.81,754.68,25513.13,No
RET00669,ORD009903,CUST04268,PROD0342,2026-01-27,Not as expected,Beauty,1058.55,73.4,17.32,1149.27,No
RET00670,ORD009914,CUST03921,PROD0230,2026-08-21,Changed mind,Electronics,31128.44,40.51,837.34,32006.29,No
RET00671,ORD009929,CUST03806,PROD0333,2026-08-26,Better price elsewhere,Electronics,27679.24,46.86,720.03,28446.13,No
RET00672,ORD009945,CUST03083,PROD0352,2026-07-29,Duplicate order,Electronics,14833.62,86.92,440.74,15361.28,Yes
RET00673,ORD009948,CUST00526,PROD0010,2026-03-20,Late delivery,Electronics,61853.58,63.78,1764.38,63681.74,No
RET00674,ORD009960,CUST01531,PROD0434,2025-10-25,Late delivery,Fashion,913.24,30.9,29.41,973.55,No
RET00675,ORD010029,CUST00330,PROD0007,2026-02-16,Better price elsewhere,Electronics,17869.2,60.02,481.37,18410.59,No
RET00676,ORD010037,CUST01650,PROD0037,2025-11-30,Changed mind,Grocery,1814.86,86.75,49.17,1950.78,No
RET00677,ORD010053,CUST01715,PROD0129,2026-08-15,Size issue,Electronics,28988.74,86.41,782.25,29857.4,No
RET00678,ORD010085,CUST04202,PROD0136,2026-01-04,Duplicate order,Electronics,7416.36,65.32,210.99,7692.67,No
RET00679,ORD010089,CUST00123,PROD0424,2026-07-31,Product damaged,Electronics,2046.36,72.94,52.25,2171.55,No
RET00680,ORD010123,CUST03229,PROD0024,2026-02-25,Size issue,Accessories,3749.73,34.54,66.63,3850.9,No
RET00681,ORD010132,CUST03811,PROD0040,2026-04-22,Product damaged,Electronics,15555.15,52.54,428.95,16036.64,Yes
RET00682,ORD010133,CUST01659,PROD0037,2025-10-26,Not as expected,Grocery,904.28,27.41,24.58,956.27,No
RET00683,ORD010134,CUST02167,PROD0200,2026-05-18,Not as expected,Fashion,2577.51,42.58,65.85,2685.94,Yes
RET00684,ORD010139,CUST03379,PROD0056,2026-06-27,Late delivery,Fashion,442.55,83.06,8.92,534.53,Yes
RET00685,ORD010144,CUST04413,PROD0385,2026-07-08,Duplicate order,Electronics,12884.39,75.27,347.12,13306.78,No
RET00686,ORD010146,CUST00643,PROD0426,2026-05-31,Size issue,Electronics,5265.59,82.9,152.95,5501.44,No
RET00687,ORD010152,CUST03119,PROD0397,2026-07-30,Quality issue,Electronics,27525.84,78.95,802.69,28407.48,Yes
RET00688,ORD010182,CUST04906,PROD0385,2026-06-17,Product damaged,Electronics,14263.91,74.33,347.12,14685.36,Yes
RET00689,ORD010186,CUST02468,PROD0067,2026-07-14,Size issue,Fashion,1221.31,30.44,34.79,1286.54,No
RET00690,ORD010208,CUST03398,PROD0024,2025-10-12,Size issue,Accessories,9873.04,76.38,199.9,10149.32,Yes
RET00691,ORD010223,CUST00246,PROD0163,2026-01-21,Duplicate order,Electronics,12808.74,51.09,319.46,13179.29,No
RET00692,ORD010224,CUST01681,PROD0376,2026-06-12,Wrong product,Electronics,21981.04,67.9,709.76,22758.7,Yes
RET00693,ORD010242,CUST02886,PROD0270,2026-06-26,Product damaged,Electronics,20720.97,79.39,616.69,21417.05,No
RET00694,ORD010252,CUST04651,PROD0059,2026-07-18,Size issue,Accessories,5009.16,22.74,101.44,5133.34,No
RET00695,ORD010263,CUST00597,PROD0151,2026-09-07,Late delivery,Fashion,1950.86,83.02,50.26,2084.14,Yes
RET00696,ORD010272,CUST04629,PROD0016,2026-03-18,Product damaged,Electronics,19223.8,44.78,605.48,19874.06,No
RET00697,ORD010274,CUST03923,PROD0061,2025-12-15,Better price elsewhere,Electronics,2464.15,83.17,62.47,2609.79,Yes
RET00698,ORD010289,CUST01056,PROD0435,2026-01-26,Wrong product,Fashion,837.43,24.44,22.96,884.83,No
RET00699,ORD010290,CUST03006,PROD0321,2026-07-30,Size issue,Electronics,19649.91,69.43,559.84,20279.18,No
RET00700,ORD010364,CUST02842,PROD0493,2026-05-11,Late delivery,Personal Care,3073.48,47.45,83.96,3204.89,Yes
RET00701,ORD010371,CUST02448,PROD0118,2026-06-05,Quality issue,Beauty,919.95,87.14,17.74,1024.83,No
RET00702,ORD010390,CUST01872,PROD0411,2026-09-24,Wrong product,Sports,601.32,20.18,13.21,634.71,No
RET00703,ORD010391,CUST00062,PROD0455,2026-09-03,Changed mind,Furniture,25698.56,66.91,605.97,26371.44,No
RET00704,ORD010405,CUST01084,PROD0215,2025-10-13,Duplicate order,Personal Care,2235.84,22.09,54.19,2312.12,No
RET00705,ORD010420,CUST00273,PROD0323,2026-04-10,Quality issue,Fashion,443.59,70.06,9.92,523.57,Yes
RET00706,ORD010435,CUST02454,PROD0186,2026-01-04,Quality issue,Fashion,3370.53,84.13,77.39,3532.05,Yes
RET00707,ORD010456,CUST00200,PROD0152,2026-03-30,Not as expected,Fashion,2646.8,69.2,68.09,2784.09,Yes
RET00708,ORD010457,CUST02669,PROD0333,2026-05-15,Late delivery,Electronics,12655.77,48.3,360.02,13064.09,No
RET00709,ORD010474,CUST00608,PROD0244,2026-08-07,Changed mind,Home & Kitchen,3303.17,73.32,78.69,3455.18,Yes
RET00710,ORD010499,CUST01793,PROD0292,2026-01-28,Product damaged,Beauty,1716.08,54.9,33.9,1804.88,No
RET00711,ORD010503,CUST04112,PROD0454,2026-06-02,Duplicate order,Grocery,480.17,81.15,14.3,575.62,Yes
RET00712,ORD010521,CUST00558,PROD0480,2026-06-23,Quality issue,Fashion,1968.97,49.23,45.03,2063.23,No
RET00713,ORD010524,CUST00672,PROD0483,2026-08-12,Better price elsewhere,Home & Kitchen,1747.63,43.82,41.86,1833.31,No
RET00714,ORD010543,CUST03446,PROD0083,2026-03-18,Product damaged,Electronics,49398.44,23.01,1388.28,50809.73,Yes
RET00715,ORD010603,CUST00471,PROD0230,2026-03-23,Quality issue,Electronics,30632.63,49.72,837.34,31519.69,Yes
RET00716,ORD010608,CUST04558,PROD0404,2026-05-03,Wrong product,Sports,5149.16,28.5,135.59,5313.25,No
RET00717,ORD010611,CUST02505,PROD0083,2026-05-24,Quality issue,Electronics,24530.57,80.1,694.14,25304.81,No
RET00718,ORD010631,CUST02681,PROD0077,2026-08-02,Wrong product,Electronics,22725.47,51.3,677.32,23454.09,No
RET00719,ORD010678,CUST02632,PROD0010,2025-11-09,Quality issue,Electronics,33615.19,78.48,882.19,34575.86,Yes
RET00720,ORD010684,CUST00465,PROD0397,2026-06-14,Quality issue,Electronics,23127.53,82.62,802.69,24012.84,Yes
RET00721,ORD010703,CUST02866,PROD0217,2026-01-03,Size issue,Personal Care,1032.38,54.25,24.79,1111.42,No
RET00722,ORD010736,CUST01978,PROD0409,2025-11-26,Late delivery,Electronics,18641.03,75.92,504.82,19221.77,Yes
RET00723,ORD010753,CUST02592,PROD0294,2026-04-19,Wrong product,Electronics,3253.85,59.8,86.4,3400.05,Yes
RET00724,ORD010762,CUST00978,PROD0007,2026-04-03,Quality issue,Electronics,15987.64,73.35,481.37,16542.36,Yes
RET00725,ORD010777,CUST02155,PROD0452,2025-12-28,Wrong product,Electronics,4869.3,30.07,150.53,5049.9,No
RET00726,ORD010798,CUST02793,PROD0129,2026-03-18,Product damaged,Electronics,31318.24,42.85,782.25,32143.34,No
RET00727,ORD010811,CUST00882,PROD0448,2026-03-20,Better price elsewhere,Electronics,13471.22,42.34,380.61,13894.17,No
RET00728,ORD010850,CUST04585,PROD0190,2026-04-20,Better price elsewhere,Electronics,23610.58,43.3,758.07,24411.95,Yes
RET00729,ORD010853,CUST02725,PROD0410,2025-10-25,Better price elsewhere,Fashion,3080.56,43.19,74.96,3198.71,No
RET00730,ORD010860,CUST03239,PROD0069,2026-07-26,Size issue,Sports,4246.96,40.9,99.74,4387.6,No
RET00731,ORD010885,CUST00079,PROD0319,2025-10-27,Late delivery,Electronics,47411.73,41.67,1266.29,48719.69,Yes
RET00732,ORD010910,CUST01700,PROD0175,2025-12-25,Changed mind,Electronics,34975.11,67.65,920.46,35963.22,No
RET00733,ORD010934,CUST01412,PROD0374,2026-07-02,Size issue,Sports,1025.69,79.62,21.83,1127.14,No
RET00734,ORD010940,CUST00430,PROD0203,2026-08-09,Quality issue,Fashion,241.72,31.29,6.21,279.22,No
RET00735,ORD010945,CUST01808,PROD0319,2026-07-14,Quality issue,Electronics,32395.67,61.06,844.19,33300.92,No
RET00736,ORD010949,CUST04209,PROD0238,2025-10-26,Better price elsewhere,Electronics,16655.27,78.88,425.89,17160.04,No
RET00737,ORD010960,CUST04845,PROD0329,2026-03-29,Changed mind,Grocery,96.58,45.54,2.77,144.89,No
RET00738,ORD010984,CUST02056,PROD0040,2026-03-17,Changed mind,Electronics,15591.43,31.12,428.95,16051.5,No
RET00739,ORD010990,CUST03617,PROD0276,2026-04-23,Quality issue,Personal Care,1033.57,40.5,30.91,1104.98,No
RET00740,ORD010994,CUST03834,PROD0026,2026-07-08,Product damaged,Beauty,1692.0,80.53,35.46,1807.99,No
RET00741,ORD010998,CUST01019,PROD0333,2025-11-22,Wrong product,Electronics,14430.91,48.54,360.02,14839.47,No
RET00742,ORD011010,CUST04485,PROD0448,2026-04-02,Not as expected,Electronics,29706.66,70.01,761.22,30537.89,No
RET00743,ORD011022,CUST02058,PROD0269,2026-07-11,Duplicate order,Sports,4007.17,48.64,111.51,4167.32,Yes
RET00744,ORD011046,CUST01138,PROD0323,2026-09-25,Quality issue,Fashion,403.95,75.25,9.92,489.12,Yes
RET00745,ORD011067,CUST04756,PROD0409,2026-09-22,Changed mind,Electronics,16546.4,53.7,504.82,17104.92,No
RET00746,ORD011070,CUST00511,PROD0469,2026-08-24,Better price elsewhere,Fashion,1677.08,79.43,37.55,1794.06,No
RET00747,ORD011095,CUST02127,PROD0319,2026-08-19,Not as expected,Electronics,14800.7,57.36,422.1,15280.16,No
RET00748,ORD011096,CUST02179,PROD0494,2026-01-05,Quality issue,Electronics,2819.31,63.78,108.42,2991.51,No
RET00749,ORD011111,CUST01835,PROD0314,2026-03-14,Changed mind,Electronics,32993.59,79.49,875.54,33948.62,Yes
RET00750,ORD011127,CUST00163,PROD0175,2026-05-26,Late delivery,Electronics,35119.06,38.25,920.46,36077.77,Yes
RET00751,ORD011139,CUST03296,PROD0174,2026-03-09,Size issue,Furniture,14357.58,50.46,470.88,14878.92,No
RET00752,ORD011174,CUST03997,PROD0111,2025-12-07,Size issue,Electronics,1533.77,28.07,38.81,1600.65,No
RET00753,ORD011178,CUST01068,PROD0004,2025-11-18,Product damaged,Sports,6036.65,87.63,170.72,6295.0,No
RET00754,ORD011180,CUST03723,PROD0144,2026-01-15,Quality issue,Electronics,32594.48,70.36,861.35,33526.19,Yes
RET00755,ORD011223,CUST02826,PROD0136,2026-01-29,Better price elsewhere,Electronics,7759.33,78.25,210.99,8048.57,Yes
RET00756,ORD011224,CUST03906,PROD0255,2026-09-26,Quality issue,Electronics,12944.86,38.01,398.17,13381.04,No
RET00757,ORD011226,CUST02131,PROD0136,2026-06-17,Not as expected,Electronics,7734.46,43.24,210.99,7988.69,Yes
RET00758,ORD011247,CUST01367,PROD0325,2026-07-09,Size issue,Fashion,1276.76,72.18,28.14,1377.08,No
RET00759,ORD011254,CUST04476,PROD0346,2025-11-16,Size issue,Accessories,2409.76,48.75,57.81,2516.32,Yes
RET00760,ORD011285,CUST04185,PROD0153,2026-09-13,Not as expected,Fashion,2774.47,72.27,59.39,2906.13,No
RET00761,ORD011292,CUST00481,PROD0010,2026-03-04,Changed mind,Electronics,64861.59,26.93,1764.38,66652.9,No
RET00762,ORD011331,CUST03963,PROD0480,2025-11-19,Product damaged,Fashion,1937.27,77.64,45.03,2059.94,No
RET00763,ORD011379,CUST00668,PROD0333,2025-11-26,Late delivery,Electronics,13094.3,75.58,360.02,13529.9,Yes
RET00764,ORD011389,CUST01123,PROD0199,2025-11-13,Better price elsewhere,Grocery,421.02,78.91,13.78,513.71,No
RET00765,ORD011405,CUST04191,PROD0075,2026-02-20,Duplicate order,Fashion,2093.23,72.27,45.99,2211.49,No
RET00766,ORD011415,CUST01729,PROD0141,2026-06-17,Wrong product,Electronics,18761.99,33.86,561.6,19357.45,No
RET00767,ORD011422,CUST01532,PROD0016,2026-06-08,Wrong product,Electronics,21670.29,37.49,605.48,22313.26,Yes
RET00768,ORD011430,CUST00240,PROD0221,2026-06-14,Late delivery,Electronics,862.73,86.74,26.55,976.02,No
RET00769,ORD011438,CUST02058,PROD0185,2026-02-19,Wrong product,Electronics,18125.12,82.25,511.29,18718.66,No
RET00770,ORD011441,CUST00886,PROD0314,2026-09-06,Not as expected,Electronics,26927.69,86.07,875.54,27889.3,No
RET00771,ORD011448,CUST02804,PROD0219,2026-07-19,Not as expected,Fashion,888.42,52.3,25.56,966.28,No
RET00772,ORD011450,CUST00385,PROD0265,2025-12-06,Wrong product,Fashion,2655.39,62.28,65.6,2783.27,Yes
RET00773,ORD011467,CUST04829,PROD0399,2025-11-06,Changed mind,Beauty,2314.89,40.94,47.1,2402.93,Yes
RET00774,ORD011482,CUST02025,PROD0034,2026-01-12,Product damaged,Fashion,5351.53,56.79,136.67,5544.99,No
RET00775,ORD011491,CUST04280,PROD0189,2025-12-04,Late delivery,Electronics,10775.96,87.52,305.01,11168.49,No
RET00776,ORD011532,CUST02190,PROD0397,2026-01-13,Better price elsewhere,Electronics,26372.13,20.37,802.69,27195.19,Yes
RET00777,ORD011533,CUST03306,PROD0395,2026-06-01,Quality issue,Electronics,10351.39,77.02,282.06,10710.47,No
RET00778,ORD011542,CUST01060,PROD0037,2026-05-10,Better price elsewhere,Grocery,742.01,22.42,24.58,789.01,No
RET00779,ORD011554,CUST04913,PROD0252,2026-05-01,Better price elsewhere,Beauty,1721.81,25.34,37.77,1784.92,No
RET00780,ORD011593,CUST02949,PROD0237,2026-06-08,Not as expected,Electronics,12168.49,55.56,335.17,12559.22,Yes
RET00781,ORD011631,CUST03354,PROD0251,2026-03-29,Quality issue,Electronics,31495.93,80.24,929.11,32505.28,Yes
RET00782,ORD011648,CUST01148,PROD0250,2026-01-08,Wrong product,Fashion,2121.39,67.11,44.93,2233.43,No
RET00783,ORD011660,CUST02025,PROD0352,2026-08-14,Duplicate order,Electronics,7049.16,33.91,220.37,7303.44,Yes
RET00784,ORD011683,CUST00491,PROD0430,2026-05-28,Wrong product,Electronics,41642.13,66.98,1218.59,42927.7,Yes
RET00785,ORD011704,CUST04053,PROD0259,2026-03-19,Not as expected,Electronics,13168.39,62.84,440.05,13671.28,No
RET00786,ORD011719,CUST00949,PROD0340,2026-02-02,Quality issue,Electronics,1925.96,53.42,57.18,2036.56,Yes
RET00787,ORD011747,CUST00049,PROD0077,2026-08-25,Changed mind,Electronics,22762.62,62.05,677.32,23501.99,Yes
RET00788,ORD011763,CUST00289,PROD0468,2026-01-21,Product damaged,Sports,559.65,81.5,13.22,654.37,No
RET00789,ORD011812,CUST00675,PROD0070,2026-05-14,Size issue,Electronics,7053.98,32.79,192.98,7279.75,Yes
RET00790,ORD011817,CUST00124,PROD0097,2026-01-11,Quality issue,Sports,12434.83,45.96,283.74,12764.53,No
RET00791,ORD011825,CUST00470,PROD0258,2025-10-31,Size issue,Electronics,24834.4,39.16,776.11,25649.67,No
RET00792,ORD011831,CUST04281,PROD0251,2026-06-24,Late delivery,Electronics,34222.16,66.31,929.11,35217.58,Yes
RET00793,ORD011872,CUST01801,PROD0055,2026-05-14,Product damaged,Fashion,3049.15,57.78,65.34,3172.27,No
RET00794,ORD011889,CUST02531,PROD0056,2025-12-11,Not as expected,Fashion,819.66,51.5,17.85,889.01,No
RET00795,ORD011904,CUST02066,PROD0463,2025-12-08,Better price elsewhere,Home & Kitchen,799.85,42.23,18.54,860.62,No
RET00796,ORD011913,CUST04929,PROD0105,2026-07-26,Late delivery,Fashion,2193.72,30.86,49.51,2274.09,No
RET00797,ORD011926,CUST00900,PROD0304,2026-03-16,Duplicate order,Electronics,32854.13,41.12,1209.11,34104.36,Yes
RET00798,ORD011943,CUST04572,PROD0397,2026-01-03,Size issue,Electronics,30178.14,38.86,802.69,31019.69,No
RET00799,ORD011952,CUST02949,PROD0369,2026-04-10,Size issue,Electronics,16288.21,25.58,495.45,16809.24,No
RET00800,ORD011954,CUST01002,PROD0477,2026-06-24,Duplicate order,Electronics,32567.39,74.63,832.89,33474.91,No
RET00801,ORD011977,CUST04633,PROD0430,2026-09-06,Late delivery,Electronics,14649.25,66.49,406.2,15121.94,No
RET00802,ORD011999,CUST04716,PROD0221,2025-10-08,Quality issue,Electronics,957.75,54.78,26.55,1039.08,No
RET00803,ORD012004,CUST02481,PROD0100,2026-02-28,Late delivery,Electronics,18790.25,41.83,498.26,19330.34,Yes
RET00804,ORD012018,CUST02641,PROD0395,2026-02-22,Quality issue,Electronics,25652.05,32.85,846.19,26531.09,Yes
RET00805,ORD012036,CUST01817,PROD0187,2026-07-10,Not as expected,Electronics,26180.21,74.8,852.61,27107.62,No
RET00806,ORD012044,CUST00685,PROD0481,2025-12-15,Wrong product,Electronics,13131.73,30.18,359.02,13520.93,Yes
RET00807,ORD012053,CUST02078,PROD0213,2025-12-28,Not as expected,Fashion,686.69,70.86,16.92,774.47,No
RET00808,ORD012083,CUST04623,PROD0334,2026-07-15,Product damaged,Beauty,254.43,28.36,5.75,288.54,No
RET00809,ORD012092,CUST03842,PROD0379,2026-09-17,Late delivery,Sports,1382.6,57.04,40.77,1480.41,Yes
RET00810,ORD012102,CUST01057,PROD0066,2026-02-13,Wrong product,Electronics,6930.66,58.6,216.24,7205.5,No
RET00811,ORD012118,CUST01267,PROD0186,2025-12-10,Better price elsewhere,Fashion,3290.03,28.36,77.39,3395.78,Yes
RET00812,ORD012126,CUST00594,PROD0077,2026-04-06,Product damaged,Electronics,50379.15,79.35,1354.64,51813.14,No
RET00813,ORD012131,CUST04515,PROD0016,2026-02-21,Not as expected,Electronics,21524.51,26.6,605.48,22156.59,No
RET00814,ORD012137,CUST01432,PROD0482,2026-06-05,Changed mind,Electronics,25310.03,62.62,653.08,26025.73,Yes
RET00815,ORD012149,CUST00893,PROD0176,2026-04-18,Product damaged,Grocery,390.03,52.02,14.32,456.37,No
RET00816,ORD012154,CUST00373,PROD0420,2026-06-19,Quality issue,Fashion,3350.67,24.69,72.27,3447.63,No
RET00817,ORD012166,CUST00760,PROD0419,2026-02-22,Better price elsewhere,Fashion,3306.39,83.18,70.8,3460.37,Yes
RET00818,ORD012199,CUST00123,PROD0495,2026-06-11,Late delivery,Fashion,2825.92,20.09,75.46,2921.47,No
RET00819,ORD012220,CUST01149,PROD0189,2026-08-22,Wrong product,Electronics,10443.81,43.38,305.01,10792.2,No
RET00820,ORD012221,CUST00787,PROD0063,2026-03-02,Wrong product,Home & Kitchen,12849.91,74.42,332.21,13256.54,No
RET00821,ORD012222,CUST01786,PROD0263,2026-08-14,Quality issue,Electronics,5323.65,73.56,152.95,5550.16,Yes
RET00822,ORD012229,CUST01282,PROD0122,2026-06-13,Not as expected,Fashion,2172.93,47.12,49.37,2269.42,No
RET00823,ORD012233,CUST04405,PROD0446,2026-09-04,Product damaged,Home & Kitchen,9012.95,76.06,252.13,9341.14,No
RET00824,ORD012237,CUST00066,PROD0056,2025-11-03,Quality issue,Fashion,360.8,53.62,8.92,423.34,No
RET00825,ORD012276,CUST03893,PROD0259,2026-07-10,Wrong product,Electronics,13813.73,46.33,440.05,14300.11,Yes
RET00826,ORD012303,CUST00003,PROD0449,2025-12-12,Product damaged,Grocery,277.09,24.58,7.54,309.21,No
RET00827,ORD012318,CUST00451,PROD0034,2026-05-10,Size issue,Fashion,4745.24,25.34,136.67,4907.25,Yes
RET00828,ORD012338,CUST01295,PROD0180,2026-08-08,Better price elsewhere,Fashion,3236.65,31.51,72.1,3340.26,No
RET00829,ORD012349,CUST02968,PROD0405,2025-10-23,Size issue,Fashion,511.15,33.24,13.31,557.7,No
RET00830,ORD012359,CUST03052,PROD0285,2025-11-07,Late delivery,Fashion,685.64,36.31,18.6,740.55,No
RET00831,ORD012367,CUST00217,PROD0063,2026-06-04,Better price elsewhere,Home & Kitchen,10799.3,44.15,332.21,11175.66,No
RET00832,ORD012375,CUST04930,PROD0468,2026-06-13,Wrong product,Sports,579.82,77.7,13.22,670.74,No
RET00833,ORD012388,CUST00608,PROD0056,2025-10-15,Quality issue,Fashion,401.83,27.58,8.92,438.33,No
RET00834,ORD012417,CUST01234,PROD0333,2025-10-19,Quality issue,Electronics,40243.39,29.82,1080.05,41353.26,No
RET00835,ORD012445,CUST03466,PROD0358,2025-12-19,Product damaged,Fashion,2233.77,77.47,55.39,2366.63,No
RET00836,ORD012452,CUST04491,PROD0366,2025-10-23,Changed mind,Accessories,1606.68,50.45,39.31,1696.44,No
RET00837,ORD012478,CUST00022,PROD0484,2025-12-05,Product damaged,Electronics,26398.22,86.5,686.73,27171.45,No
RET00838,ORD012483,CUST00719,PROD0263,2026-01-07,Late delivery,Electronics,6032.5,34.64,152.95,6220.09,Yes
RET00839,ORD012490,CUST02453,PROD0487,2026-07-17,Size issue,Fashion,1826.34,64.14,40.41,1930.89,Yes
RET00840,ORD012506,CUST03439,PROD0118,2026-09-11,Late delivery,Beauty,880.87,86.95,17.74,985.56,No
RET00841,ORD012510,CUST01122,PROD0082,2026-08-19,Better price elsewhere,Electronics,2979.56,57.23,90.12,3126.91,Yes
RET00842,ORD012553,CUST02571,PROD0351,2026-09-14,Wrong product,Electronics,20905.38,41.89,608.64,21555.91,No
RET00843,ORD012554,CUST03837,PROD0251,2026-01-23,Not as expected,Electronics,31051.76,70.56,929.11,32051.43,Yes
RET00844,ORD012559,CUST03068,PROD0352,2026-07-23,Late delivery,Electronics,15378.21,23.74,440.74,15842.69,No
RET00845,ORD012561,CUST04093,PROD0238,2025-12-06,Not as expected,Electronics,44943.33,28.25,1277.67,46249.25,No
RET00846,ORD012568,CUST00140,PROD0064,2026-03-09,Duplicate order,Electronics,20439.23,30.24,524.12,20993.59,No
RET00847,ORD012574,CUST04374,PROD0237,2025-11-10,Quality issue,Electronics,22897.33,77.26,670.33,23644.92,Yes
RET00848,ORD012576,CUST02068,PROD0403,2025-11-23,Late delivery,Furniture,24888.07,55.44,668.99,25612.5,Yes
RET00849,ORD012583,CUST02743,PROD0263,2026-06-03,Late delivery,Electronics,5063.21,85.1,152.95,5301.26,Yes
RET00850,ORD012644,CUST03237,PROD0494,2026-09-04,Product damaged,Electronics,3967.81,85.78,108.42,4162.01,No
RET00851,ORD012678,CUST00720,PROD0265,2026-06-23,Quality issue,Fashion,2698.85,28.13,65.6,2792.58,No
RET00852,ORD012691,CUST01363,PROD0451,2026-09-03,Product damaged,Electronics,14926.17,66.09,438.13,15430.39,No
RET00853,ORD012698,CUST01287,PROD0270,2026-07-07,Quality issue,Electronics,21821.4,58.62,616.69,22496.71,No
RET00854,ORD012710,CUST00012,PROD0252,2026-07-30,Not as expected,Beauty,1809.21,43.58,37.77,1890.56,No
RET00855,ORD012712,CUST03190,PROD0249,2026-03-20,Wrong product,Fashion,1718.54,64.45,39.27,1822.26,Yes
RET00856,ORD012743,CUST04993,PROD0498,2026-02-02,Better price elsewhere,Electronics,8153.69,48.54,237.6,8439.83,No
RET00857,ORD012791,CUST00405,PROD0081,2026-04-01,Product damaged,Sports,2521.57,75.46,66.47,2663.5,No
RET00858,ORD012792,CUST00621,PROD0077,2026-09-28,Size issue,Electronics,26415.51,40.54,677.32,27133.37,No
RET00859,ORD012835,CUST04074,PROD0279,2026-05-21,Product damaged,Electronics,9674.91,21.97,276.2,9973.08,No
RET00860,ORD012846,CUST00974,PROD0435,2026-04-22,Better price elsewhere,Fashion,424.2,49.27,11.48,484.95,Yes
RET00861,ORD012865,CUST02486,PROD0263,2026-07-10,Late delivery,Electronics,5366.9,76.05,152.95,5595.9,No
RET00862,ORD012869,CUST00928,PROD0129,2026-01-20,Better price elsewhere,Electronics,57816.85,20.27,1564.5,59401.62,No
RET00863,ORD012900,CUST03406,PROD0468,2026-02-13,Duplicate order,Sports,617.56,35.54,13.22,666.32,Yes
RET00864,ORD012903,CUST02878,PROD0338,2026-07-10,Late delivery,Electronics,17811.92,80.97,525.54,18418.43,No
RET00865,ORD012911,CUST04148,PROD0091,2025-11-22,Not as expected,Fashion,1788.58,64.37,41.65,1894.6,No
RET00866,ORD012931,CUST03488,PROD0016,2026-07-28,Wrong product,Electronics,21333.06,39.11,605.48,21977.65,No
RET00867,ORD012958,CUST01844,PROD0313,2026-05-12,Duplicate order,Electronics,1915.19,84.82,56.75,2056.76,Yes
RET00868,ORD012969,CUST03385,PROD0500,2026-07-13,Better price elsewhere,Electronics,22931.89,46.38,792.01,23770.28,No
RET00869,ORD012979,CUST00410,PROD0484,2026-02-09,Changed mind,Electronics,23421.63,76.17,686.73,24184.53,No
RET00870,ORD013038,CUST00240,PROD0091,2025-12-16,Duplicate order,Fashion,1868.63,79.68,41.65,1989.96,No
RET00871,ORD013041,CUST01572,PROD0118,2026-08-29,Duplicate order,Beauty,890.59,85.5,17.74,993.83,No
RET00872,ORD013048,CUST03617,PROD0366,2026-10-03,Size issue,Accessories,908.52,87.78,19.66,1015.96,No
RET00873,ORD013066,CUST00716,PROD0288,2026-01-11,Size issue,Sports,1365.75,75.4,31.33,1472.48,No
RET00874,ORD013067,CUST00578,PROD0249,2025-11-17,Size issue,Fashion,5352.93,56.34,117.81,5527.08,No
RET00875,ORD013088,CUST02171,PROD0093,2026-07-10,Quality issue,Home & Kitchen,4593.02,28.99,113.41,4735.42,Yes
RET00876,ORD013098,CUST04492,PROD0434,2026-07-27,Late delivery,Fashion,1233.03,33.22,29.41,1295.66,No
RET00877,ORD013116,CUST04264,PROD0016,2026-03-04,Changed mind,Electronics,20328.02,22.38,605.48,20955.88,No
RET00878,ORD013127,CUST00071,PROD0045,2025-12-20,Late delivery,Grocery,86.47,35.02,2.67,124.16,No
RET00879,ORD013141,CUST01688,PROD0066,2026-09-24,Size issue,Electronics,6230.93,28.55,216.24,6475.72,Yes
RET00880,ORD013154,CUST04340,PROD0148,2025-10-20,Size issue,Furniture,14295.73,30.85,354.12,14680.7,Yes
RET00881,ORD013162,CUST03879,PROD0382,2026-04-19,Late delivery,Home & Kitchen,6069.46,49.78,135.32,6254.56,No
RET00882,ORD013170,CUST02068,PROD0458,2025-12-10,Not as expected,Home & Kitchen,1706.78,83.3,51.8,1841.88,No
RET00883,ORD013209,CUST01348,PROD0129,2026-06-19,Changed mind,Electronics,27111.06,38.95,782.25,27932.26,Yes
RET00884,ORD013210,CUST02640,PROD0405,2026-08-19,Late delivery,Fashion,603.14,55.19,13.31,671.64,No
RET00885,ORD013211,CUST01754,PROD0418,2026-06-23,Late delivery,Fashion,2536.53,46.81,65.13,2648.47,No
RET00886,ORD013215,CUST00457,PROD0313,2026-08-15,Duplicate order,Electronics,733.65,67.25,18.92,819.82,Yes
RET00887,ORD013226,CUST01106,PROD0230,2026-07-09,Quality issue,Electronics,28272.47,57.97,837.34,29167.78,No
RET00888,ORD013256,CUST02486,PROD0208,2026-06-23,Changed mind,Home & Kitchen,1705.46,50.22,43.82,1799.5,No
RET00889,ORD013258,CUST01837,PROD0127,2026-09-03,Size issue,Grocery,717.8,47.54,21.71,787.05,Yes
RET00890,ORD013282,CUST02650,PROD0175,2026-07-20,Duplicate order,Electronics,33916.97,32.24,920.46,34869.67,No
RET00891,ORD013336,CUST02229,PROD0330,2026-01-15,Not as expected,Grocery,1405.05,80.27,42.01,1527.33,No
RET00892,ORD013343,CUST02426,PROD0129,2026-03-30,Not as expected,Electronics,28571.75,75.18,782.25,29429.18,No
RET00893,ORD013345,CUST02956,PROD0249,2026-06-12,Size issue,Fashion,1798.35,84.97,39.27,1922.59,Yes
RET00894,ORD013354,CUST04421,PROD0444,2026-02-17,Size issue,Electronics,13745.97,50.3,417.25,14213.52,No
RET00895,ORD013357,CUST04275,PROD0144,2026-09-04,Changed mind,Electronics,31375.48,59.0,861.35,32295.83,No
RET00896,ORD013379,CUST01702,PROD0279,2025-11-02,Quality issue,Electronics,10651.26,47.97,276.2,10975.43,No
RET00897,ORD013393,CUST04821,PROD0139,2026-06-01,Size issue,Home & Kitchen,3510.82,68.27,87.2,3666.29,No
RET00898,ORD013395,CUST01367,PROD0034,2025-12-14,Product damaged,Fashion,2800.14,30.5,68.33,2898.97,Yes
RET00899,ORD013398,CUST03776,PROD0304,2026-08-28,Product damaged,Electronics,19155.72,31.02,604.55,19791.29,No
RET00900,ORD013405,CUST02139,PROD0489,2025-11-24,Wrong product,Fashion,1045.54,32.27,22.35,1100.16,Yes
RET00901,ORD013415,CUST00934,PROD0236,2026-01-19,Late delivery,Fashion,2908.45,36.14,79.22,3023.81,No
RET00902,ORD013417,CUST02958,PROD0301,2026-09-02,Late delivery,Grocery,563.98,36.81,16.19,616.98,No
RET00903,ORD013449,CUST03602,PROD0416,2026-06-09,Product damaged,Accessories,1055.36,84.47,21.33,1161.16,Yes
RET00904,ORD013451,CUST02311,PROD0319,2026-06-15,Wrong product,Electronics,28617.46,76.71,844.19,29538.36,No
RET00905,ORD013470,CUST04795,PROD0142,2026-08-15,Wrong product,Fashion,1385.84,69.21,30.59,1485.64,Yes
RET00906,ORD013476,CUST01290,PROD0168,2026-03-29,Late delivery,Furniture,14251.4,82.94,385.44,14719.78,No
RET00907,ORD013479,CUST03054,PROD0469,2026-08-10,Quality issue,Fashion,3269.84,51.78,75.1,3396.72,No
RET00908,ORD013498,CUST03451,PROD0075,2026-01-31,Product damaged,Fashion,1807.53,34.54,45.99,1888.06,No
RET00909,ORD013515,CUST02223,PROD0294,2025-11-20,Quality issue,Electronics,2392.72,66.33,86.4,2545.45,No
RET00910,ORD013518,CUST03455,PROD0162,2026-08-29,Not as expected,Accessories,4166.12,30.29,95.2,4291.61,Yes
RET00911,ORD013525,CUST04936,PROD0223,2026-09-22,Size issue,Electronics,15698.64,39.59,446.42,16184.65,No
RET00912,ORD013540,CUST02860,PROD0012,2026-06-09,Late delivery,Electronics,43587.54,42.79,1627.64,45257.97,No
RET00913,ORD013586,CUST01830,PROD0372,2025-11-28,Quality issue,Fashion,650.26,73.99,14.49,738.74,Yes
RET00914,ORD013587,CUST03931,PROD0236,2026-09-05,Product damaged,Fashion,1722.37,31.15,39.61,1793.13,No
RET00915,ORD013628,CUST04599,PROD0079,2026-02-19,Duplicate order,Home & Kitchen,3456.49,52.54,86.38,3595.41,No
RET00916,ORD013634,CUST02354,PROD0187,2026-07-09,Quality issue,Electronics,31783.36,44.29,852.61,32680.26,No
RET00917,ORD013664,CUST03277,PROD0484,2026-04-18,Changed mind,Electronics,23884.91,64.66,686.73,24636.3,No
RET00918,ORD013745,CUST04240,PROD0263,2026-01-02,Changed mind,Electronics,5748.41,27.09,152.95,5928.45,Yes
RET00919,ORD013757,CUST02683,PROD0251,2025-12-09,Product damaged,Electronics,12816.59,79.82,464.56,13360.97,Yes
RET00920,ORD013764,CUST00719,PROD0352,2026-09-29,Duplicate order,Electronics,8253.17,82.36,220.37,8555.9,Yes
RET00921,ORD013773,CUST04402,PROD0136,2026-01-30,Better price elsewhere,Electronics,7446.91,26.91,210.99,7684.81,No
RET00922,ORD013776,CUST03016,PROD0095,2025-12-19,Duplicate order,Electronics,22080.6,63.24,592.33,22736.17,No
RET00923,ORD013784,CUST03518,PROD0108,2026-04-03,Not as expected,Sports,3402.5,84.2,92.13,3578.83,No
RET00924,ORD013786,CUST02131,PROD0367,2026-05-27,Wrong product,Furniture,44581.51,22.48,1035.98,45639.97,Yes
RET00925,ORD013812,CUST00685,PROD0385,2026-08-21,Not as expected,Electronics,21310.91,57.71,694.24,22062.86,No
RET00926,ORD013862,CUST00374,PROD0175,2026-07-31,Changed mind,Electronics,33420.22,30.28,920.46,34370.96,No
RET00927,ORD013892,CUST04716,PROD0081,2026-08-01,Changed mind,Sports,2913.04,86.69,66.47,3066.2,No
RET00928,ORD013902,CUST04505,PROD0358,2025-10-14,Not as expected,Fashion,2018.74,45.1,55.39,2119.23,No
RET00929,ORD013903,CUST04346,PROD0070,2025-11-21,Not as expected,Electronics,7228.25,73.93,192.98,7495.16,Yes
RET00930,ORD013928,CUST03842,PROD0162,2026-06-19,Size issue,Accessories,3937.94,21.12,95.2,4054.26,No
RET00931,ORD013947,CUST03945,PROD0405,2026-07-14,Product damaged,Fashion,512.33,66.83,13.31,592.47,Yes
RET00932,ORD013948,CUST01804,PROD0142,2025-10-12,Wrong product,Fashion,1414.84,56.16,30.59,1501.59,No
RET00933,ORD013952,CUST01827,PROD0206,2026-09-04,Duplicate order,Grocery,213.97,24.87,7.49,246.33,Yes
RET00934,ORD013957,CUST01341,PROD0095,2026-06-04,Quality issue,Electronics,19594.51,32.82,592.33,20219.66,No
RET00935,ORD013959,CUST03334,PROD0310,2026-02-28,Size issue,Electronics,6068.66,27.06,166.46,6262.18,Yes
RET00936,ORD013974,CUST02602,PROD0141,2025-12-07,Wrong product,Electronics,17886.73,64.65,561.6,18512.98,No
RET00937,ORD013979,CUST04991,PROD0489,2026-06-05,Quality issue,Fashion,1082.5,34.72,22.35,1139.57,No
RET00938,ORD013981,CUST04336,PROD0209,2026-09-24,Better price elsewhere,Accessories,4342.12,86.95,87.93,4517.0,No
RET00939,ORD013983,CUST03374,PROD0286,2026-07-15,Better price elsewhere,Fashion,1893.25,43.01,41.57,1977.83,No
RET00940,ORD013993,CUST03679,PROD0004,2026-02-16,Not as expected,Sports,5841.86,84.63,170.72,6097.21,Yes
RET00941,ORD014053,CUST02920,PROD0072,2025-12-01,Not as expected,Fashion,1825.3,26.52,38.68,1890.5,Yes
RET00942,ORD014061,CUST03017,PROD0196,2026-06-17,Better price elsewhere,Home & Kitchen,4574.06,65.61,118.41,4758.08,No
RET00943,ORD014064,CUST04243,PROD0164,2026-04-06,Changed mind,Fashion,2545.11,79.4,52.48,2676.99,No
RET00944,ORD014069,CUST00044,PROD0241,2026-03-24,Better price elsewhere,Accessories,2849.15,85.74,68.49,3003.38,No
RET00945,ORD014070,CUST01450,PROD0250,2026-07-02,Wrong product,Fashion,6440.17,26.71,134.78,6601.66,No
RET00946,ORD014078,CUST00907,PROD0468,2025-10-27,Product damaged,Sports,580.91,20.69,13.22,614.82,Yes
RET00947,ORD014090,CUST01894,PROD0131,2026-03-12,Better price elsewhere,Electronics,27957.85,84.8,835.62,28878.27,Yes
RET00948,ORD014093,CUST04276,PROD0040,2026-07-14,Wrong product,Electronics,14973.85,38.66,428.95,15441.46,Yes
RET00949,ORD014095,CUST03276,PROD0164,2026-05-15,Changed mind,Fashion,6175.06,52.47,157.43,6384.96,No
RET00950,ORD014102,CUST01210,PROD0431,2025-12-23,Size issue,Electronics,15146.49,34.75,410.97,15592.21,No
RET00951,ORD014122,CUST00915,PROD0083,2026-07-20,Better price elsewhere,Electronics,26166.55,20.43,694.14,26881.12,No
RET00952,ORD014131,CUST01314,PROD0409,2026-01-25,Better price elsewhere,Electronics,31122.82,49.82,1009.65,32182.29,No
RET00953,ORD014136,CUST01464,PROD0136,2026-04-08,Duplicate order,Electronics,7930.01,78.9,210.99,8219.9,No
RET00954,ORD014137,CUST03601,PROD0082,2026-07-23,Not as expected,Electronics,2976.53,26.19,90.12,3092.84,Yes
RET00955,ORD014169,CUST01832,PROD0346,2026-01-15,Product damaged,Accessories,1467.54,65.4,28.91,1561.85,Yes
RET00956,ORD014175,CUST03880,PROD0147,2026-06-07,Duplicate order,Fashion,2264.05,35.14,59.1,2358.29,No
RET00957,ORD014178,CUST01095,PROD0304,2026-01-26,Duplicate order,Electronics,22360.54,58.4,604.55,23023.49,No
RET00958,ORD014212,CUST04931,PROD0090,2026-02-16,Late delivery,Fashion,3258.73,57.61,73.9,3390.24,No
RET00959,ORD014228,CUST01299,PROD0127,2026-08-23,Late delivery,Grocery,777.99,62.92,21.71,862.62,No
RET00960,ORD014238,CUST00887,PROD0205,2026-08-05,Size issue,Grocery,296.01,33.97,9.34,339.32,No
RET00961,ORD014258,CUST00212,PROD0278,2026-03-19,Late delivery,Fashion,4660.06,84.13,111.91,4856.1,Yes
RET00962,ORD014275,CUST00007,PROD0095,2026-04-07,Better price elsewhere,Electronics,17973.78,36.31,592.33,18602.42,Yes
RET00963,ORD014309,CUST00982,PROD0051,2026-02-01,Product damaged,Fashion,722.21,41.96,18.31,782.48,Yes
RET00964,ORD014316,CUST02918,PROD0416,2025-12-23,Quality issue,Accessories,1019.31,48.81,21.33,1089.45,Yes
RET00965,ORD014328,CUST01795,PROD0016,2025-12-15,Quality issue,Electronics,43844.61,33.18,1210.97,45088.76,No
RET00966,ORD014346,CUST04156,PROD0250,2026-09-13,Quality issue,Fashion,1872.72,48.71,44.93,1966.36,Yes
RET00967,ORD014359,CUST02260,PROD0064,2026-03-12,Changed mind,Electronics,19148.73,68.77,524.12,19741.62,Yes
RET00968,ORD014380,CUST00578,PROD0358,2026-04-13,Duplicate order,Fashion,2546.57,54.66,55.39,2656.62,No
RET00969,ORD014382,CUST04516,PROD0305,2026-05-27,Quality issue,Home & Kitchen,1882.67,54.39,43.75,1980.81,Yes
RET00970,ORD014399,CUST00022,PROD0494,2026-09-28,Late delivery,Electronics,11383.35,26.62,325.27,11735.24,No
RET00971,ORD014401,CUST00055,PROD0077,2026-03-11,Duplicate order,Electronics,26349.58,65.37,677.32,27092.27,No
RET00972,ORD014402,CUST02657,PROD0274,2025-12-15,Better price elsewhere,Electronics,26876.76,50.64,680.11,27607.51,No
RET00973,ORD014404,CUST02634,PROD0500,2026-06-26,Quality issue,Electronics,60508.54,48.11,1584.02,62140.67,No
RET00974,ORD014413,CUST02362,PROD0460,2026-02-08,Size issue,Grocery,22.49,85.56,0.69,108.74,Yes
RET00975,ORD014424,CUST03277,PROD0039,2026-02-28,Better price elsewhere,Electronics,22251.44,80.43,695.19,23027.06,No
RET00976,ORD014437,CUST00268,PROD0481,2026-07-30,Quality issue,Electronics,24801.87,68.5,718.04,25588.41,No
RET00977,ORD014446,CUST00091,PROD0263,2026-08-27,Late delivery,Electronics,4908.28,46.4,152.95,5107.63,No
RET00978,ORD014470,CUST00020,PROD0387,2026-01-25,Better price elsewhere,Electronics,15554.12,78.95,403.71,16036.78,No
RET00979,ORD014506,CUST03627,PROD0230,2025-11-12,Quality issue,Electronics,58916.34,66.02,1674.69,60657.05,Yes
RET00980,ORD014528,CUST00353,PROD0387,2026-07-11,Size issue,Electronics,28481.76,30.12,807.43,29319.31,Yes
RET00981,ORD014531,CUST02119,PROD0215,2026-05-19,Late delivery,Personal Care,2275.08,87.69,54.19,2416.96,Yes
RET00982,ORD014533,CUST03539,PROD0429,2026-07-10,Duplicate order,Electronics,27864.26,59.88,754.68,28678.82,Yes
RET00983,ORD014600,CUST02468,PROD0414,2025-10-24,Late delivery,Home & Kitchen,4758.11,71.57,122.06,4951.74,No
RET00984,ORD014606,CUST03484,PROD0398,2026-02-01,Size issue,Electronics,54018.57,62.92,1454.22,55535.71,No
RET00985,ORD014640,CUST00956,PROD0252,2026-02-12,Changed mind,Beauty,1922.23,78.25,37.77,2038.25,Yes
RET00986,ORD014657,CUST02540,PROD0400,2026-05-02,Wrong product,Fashion,3048.83,20.63,66.82,3136.28,No
RET00987,ORD014659,CUST04350,PROD0240,2026-03-05,Product damaged,Home & Kitchen,821.61,23.38,23.96,868.95,No
RET00988,ORD014660,CUST00320,PROD0424,2026-09-09,Duplicate order,Electronics,1632.11,54.26,52.25,1738.62,No
RET00989,ORD014665,CUST03722,PROD0300,2026-06-24,Size issue,Electronics,14711.03,84.3,465.02,15260.35,No
RET00990,ORD014673,CUST04773,PROD0014,2025-11-11,Changed mind,Beauty,1060.07,78.31,21.41,1159.79,Yes
RET00991,ORD014676,CUST00496,PROD0385,2026-06-01,Quality issue,Electronics,13928.01,65.02,347.12,14340.15,No
RET00992,ORD014679,CUST03535,PROD0477,2026-06-08,Changed mind,Electronics,24902.27,85.29,832.89,25820.45,Yes
RET00993,ORD014759,CUST00949,PROD0165,2025-12-18,Not as expected,Sports,470.31,20.03,14.55,504.89,Yes
RET00994,ORD014775,CUST01104,PROD0186,2026-03-07,Quality issue,Fashion,3179.88,75.3,77.39,3332.57,Yes
RET00995,ORD014785,CUST04422,PROD0021,2026-05-27,Product damaged,Fashion,286.5,78.05,6.7,371.25,Yes
RET00996,ORD014794,CUST01314,PROD0075,2026-06-25,Better price elsewhere,Fashion,1889.61,45.97,45.99,1981.57,Yes
RET00997,ORD014796,CUST02314,PROD0253,2026-04-12,Wrong product,Grocery,62.1,50.65,1.73,114.48,No
RET00998,ORD014807,CUST04272,PROD0258,2026-05-04,Duplicate order,Electronics,25389.35,63.05,776.11,26228.51,No
RET00999,ORD014812,CUST02405,PROD0293,2025-12-11,Size issue,Beauty,3320.74,79.99,77.61,3478.34,No
RET01000,ORD014824,CUST00484,PROD0024,2026-09-01,Not as expected,Accessories,3312.39,33.46,66.63,3412.48,No
RET01001,ORD014827,CUST04603,PROD0351,2026-08-13,Duplicate order,Electronics,21805.48,37.81,608.64,22451.93,No
RET01002,ORD014841,CUST02694,PROD0448,2026-05-05,Better price elsewhere,Electronics,43521.92,82.92,1141.83,44746.67,Yes
RET01003,ORD014843,CUST00150,PROD0255,2026-03-21,Product damaged,Electronics,15540.46,76.9,398.17,16015.53,No
RET01004,ORD014897,CUST01361,PROD0043,2026-07-03,Late delivery,Fashion,2788.55,40.16,71.36,2900.07,No
RET01005,ORD014898,CUST01594,PROD0463,2026-08-13,Better price elsewhere,Home & Kitchen,748.5,31.02,18.54,798.06,No
RET01006,ORD014900,CUST04913,PROD0270,2026-02-14,Not as expected,Electronics,20515.18,71.11,616.69,21202.98,No
RET01007,ORD014902,CUST02027,PROD0402,2026-06-19,Size issue,Electronics,9780.83,44.54,294.57,10119.94,No
RET01008,ORD014920,CUST01345,PROD0148,2026-03-04,Wrong product,Furniture,15696.22,27.54,354.12,16077.88,No
RET01009,ORD014923,CUST02657,PROD0039,2025-10-27,Wrong product,Electronics,48681.18,30.37,1390.38,50101.93,Yes
RET01010,ORD014928,CUST01959,PROD0481,2026-06-29,Product damaged,Electronics,12351.95,24.95,359.02,12735.92,No
RET01011,ORD014934,CUST00579,PROD0398,2026-02-02,Duplicate order,Electronics,23642.81,61.3,727.11,24431.22,No
RET01012,ORD014936,CUST00560,PROD0317,2026-08-14,Product damaged,Electronics,9534.05,73.9,248.69,9856.64,No
RET01013,ORD014939,CUST00026,PROD0097,2025-11-19,Late delivery,Sports,4569.66,55.28,94.58,4719.52,Yes
RET01014,ORD014944,CUST00239,PROD0329,2026-07-18,Duplicate order,Grocery,83.48,25.8,2.77,112.05,No
RET01015,ORD014952,CUST02227,PROD0144,2026-05-27,Late delivery,Electronics,32148.25,66.5,861.35,33076.1,No
RET01016,ORD014960,CUST00597,PROD0338,2026-07-25,Product damaged,Electronics,17033.61,39.54,525.54,17598.69,Yes
RET01017,ORD014962,CUST00053,PROD0398,2025-10-14,Better price elsewhere,Electronics,25203.05,56.22,727.11,25986.38,Yes
RET01018,ORD014984,CUST01828,PROD0145,2025-12-31,Product damaged,Grocery,682.26,48.18,19.28,749.72,No
RET01019,ORD014995,CUST00278,PROD0314,2026-07-12,Not as expected,Electronics,30745.44,51.74,875.54,31672.72,Yes
RET01020,ORD014998,CUST00187,PROD0091,2026-06-11,Duplicate order,Fashion,1445.27,59.04,41.65,1545.96,No
RET01021,ORD015013,CUST03407,PROD0333,2026-06-17,Quality issue,Electronics,12564.84,50.22,360.02,12975.08,No
RET01022,ORD015038,CUST01776,PROD0397,2026-07-14,Not as expected,Electronics,27193.37,36.58,802.69,28032.64,No
RET01023,ORD015039,CUST01104,PROD0016,2026-07-12,Size issue,Electronics,21746.42,23.98,605.48,22375.88,No
RET01024,ORD015053,CUST02933,PROD0043,2026-04-17,Not as expected,Fashion,1288.49,67.78,35.68,1391.95,No
RET01025,ORD015082,CUST02881,PROD0314,2026-06-04,Product damaged,Electronics,34419.1,76.36,875.54,35371.0,Yes
RET01026,ORD015112,CUST00157,PROD0152,2025-11-12,Changed mind,Fashion,2797.86,71.22,68.09,2937.17,No
RET01027,ORD015155,CUST04947,PROD0046,2026-01-07,Product damaged,Accessories,2606.66,21.36,63.51,2691.53,No
RET01028,ORD015158,CUST03638,PROD0393,2026-07-17,Size issue,Fashion,3037.25,46.34,65.16,3148.75,No
RET01029,ORD015168,CUST01072,PROD0480,2025-10-18,Late delivery,Fashion,4818.98,84.48,135.09,5038.55,No
RET01030,ORD015191,CUST00668,PROD0171,2026-04-01,Late delivery,Sports,552.8,87.05,13.32,653.17,Yes
RET01031,ORD015197,CUST04344,PROD0156,2026-06-21,Size issue,Electronics,28744.97,71.31,797.61,29613.89,No
RET01032,ORD015207,CUST03202,PROD0429,2026-09-15,Duplicate order,Electronics,27673.2,22.67,754.68,28450.55,Yes
RET01033,ORD015210,CUST01474,PROD0039,2026-04-07,Not as expected,Electronics,23130.69,35.38,695.19,23861.26,No
RET01034,ORD015218,CUST01631,PROD0469,2026-01-15,Late delivery,Fashion,1582.04,34.06,37.55,1653.65,No
RET01035,ORD015225,CUST03356,PROD0095,2026-03-06,Quality issue,Electronics,42211.4,35.58,1184.65,43431.63,Yes
RET01036,ORD015246,CUST02925,PROD0221,2026-03-08,Changed mind,Electronics,901.12,76.26,26.55,1003.93,No
RET01037,ORD015253,CUST03665,PROD0395,2026-09-03,Quality issue,Electronics,10141.97,86.4,282.06,10510.43,No
RET01038,ORD015254,CUST03723,PROD0419,2026-06-25,Size issue,Fashion,3262.08,59.22,70.8,3392.1,No
RET01039,ORD015266,CUST03938,PROD0238,2026-06-20,Late delivery,Electronics,15902.46,43.85,425.89,16372.2,No
RET01040,ORD015291,CUST03971,PROD0010,2026-01-17,Duplicate order,Electronics,31297.94,72.39,882.19,32252.52,No
RET01041,ORD015299,CUST00053,PROD0299,2025-10-18,Duplicate order,Fashion,909.64,53.96,25.95,989.55,No
RET01042,ORD015320,CUST01089,PROD0314,2026-06-09,Size issue,Electronics,31282.31,66.7,875.54,32224.55,No
RET01043,ORD015324,CUST04383,PROD0147,2026-01-25,Better price elsewhere,Fashion,2758.15,29.07,59.1,2846.32,Yes
RET01044,ORD015336,CUST00807,PROD0426,2025-11-09,Better price elsewhere,Electronics,5250.18,34.56,152.95,5437.69,No
RET01045,ORD015350,CUST04231,PROD0077,2026-05-23,Changed mind,Electronics,70029.72,55.35,2031.96,72117.03,Yes
RET01046,ORD015371,CUST03510,PROD0279,2026-08-09,Better price elsewhere,Electronics,10289.86,39.46,276.2,10605.52,No
RET01047,ORD015376,CUST02487,PROD0207,2026-04-04,Changed mind,Accessories,4200.2,23.91,96.41,4320.52,Yes
RET01048,ORD015383,CUST02242,PROD0028,2025-12-01,Wrong product,Electronics,1564.92,80.37,44.31,1689.6,Yes
RET01049,ORD015397,CUST00310,PROD0146,2026-07-09,Not as expected,Accessories,1097.09,54.26,21.17,1172.52,Yes
RET01050,ORD015403,CUST01530,PROD0264,2026-08-28,Better price elsewhere,Fashion,1834.17,49.57,56.72,1940.46,No
RET01051,ORD015405,CUST03220,PROD0188,2026-04-01,Quality issue,Electronics,4029.84,33.66,113.41,4176.91,No
RET01052,ORD015458,CUST03976,PROD0449,2026-01-21,Late delivery,Grocery,483.86,22.4,15.08,521.34,Yes
RET01053,ORD015496,CUST02056,PROD0163,2026-05-27,Duplicate order,Electronics,22527.63,59.38,638.91,23225.92,No
RET01054,ORD015504,CUST02067,PROD0400,2026-06-26,Quality issue,Fashion,3309.1,45.98,66.82,3421.9,No
RET01055,ORD015546,CUST00405,PROD0333,2026-04-13,Better price elsewhere,Electronics,13947.4,25.06,360.02,14332.48,No
RET01056,ORD015557,CUST04309,PROD0431,2026-02-10,Product damaged,Electronics,12053.94,22.29,410.97,12487.2,Yes
RET01057,ORD015558,CUST00507,PROD0147,2026-08-10,Duplicate order,Fashion,2769.82,81.82,59.1,2910.74,Yes
RET01058,ORD015559,CUST03397,PROD0255,2026-02-04,Quality issue,Electronics,13090.9,77.33,398.17,13566.4,No
RET01059,ORD015561,CUST01001,PROD0074,2025-12-24,Late delivery,Electronics,5712.01,37.19,168.98,5918.18,Yes
RET01060,ORD015576,CUST03457,PROD0221,2026-03-31,Changed mind,Electronics,820.41,74.42,26.55,921.38,Yes
RET01061,ORD015580,CUST04713,PROD0137,2026-07-12,Not as expected,Beauty,2344.86,40.79,44.83,2430.48,No
RET01062,ORD015611,CUST01957,PROD0225,2026-09-07,Better price elsewhere,Fashion,1061.47,24.04,22.98,1108.49,No
RET01063,ORD015614,CUST04751,PROD0290,2026-01-17,Product damaged,Beauty,2502.71,72.97,45.98,2621.66,No
RET01064,ORD015636,CUST03674,PROD0426,2025-12-20,Product damaged,Electronics,4764.63,79.02,152.95,4996.6,Yes
RET01065,ORD015641,CUST04934,PROD0016,2026-08-10,Changed mind,Electronics,18119.9,59.45,605.48,18784.83,Yes
RET01066,ORD015643,CUST03539,PROD0126,2026-06-08,Not as expected,Electronics,9082.98,42.98,235.47,9361.43,Yes
RET01067,ORD015653,CUST02776,PROD0426,2026-09-12,Size issue,Electronics,5617.59,70.44,152.95,5840.98,Yes
RET01068,ORD015671,CUST02573,PROD0148,2026-01-01,Better price elsewhere,Furniture,15130.66,75.5,354.12,15560.28,No
RET01069,ORD015707,CUST03602,PROD0039,2025-10-22,Product damaged,Electronics,37937.1,68.02,1390.38,39395.5,Yes
RET01070,ORD015710,CUST03757,PROD0316,2026-06-18,Late delivery,Sports,514.29,41.05,12.97,568.31,Yes
RET01071,ORD015718,CUST01436,PROD0484,2026-01-09,Changed mind,Electronics,21039.14,21.14,686.73,21747.01,No
RET01072,ORD015734,CUST02477,PROD0287,2026-02-01,Duplicate order,Electronics,3660.31,74.46,106.96,3841.73,Yes
RET01073,ORD015737,CUST03779,PROD0027,2026-03-03,Quality issue,Electronics,24838.97,28.13,661.08,25528.18,Yes
RET01074,ORD015764,CUST00417,PROD0390,2026-01-31,Changed mind,Electronics,20335.83,59.3,688.0,21083.13,No
RET01075,ORD015767,CUST03687,PROD0419,2025-12-28,Late delivery,Fashion,2729.73,21.28,70.8,2821.81,No
RET01076,ORD015796,CUST04885,PROD0147,2026-07-19,Changed mind,Fashion,2600.86,32.06,59.1,2692.02,No
RET01077,ORD015801,CUST04312,PROD0297,2025-11-30,Better price elsewhere,Fashion,971.71,46.78,24.55,1043.04,Yes
RET01078,ORD015818,CUST01653,PROD0418,2026-07-25,Size issue,Fashion,2875.13,35.69,65.13,2975.95,Yes
RET01079,ORD015829,CUST01289,PROD0484,2025-10-27,Quality issue,Electronics,17801.59,81.5,686.73,18569.82,No
RET01080,ORD015839,CUST01129,PROD0021,2026-05-22,Not as expected,Fashion,318.3,70.86,6.7,395.86,No
RET01081,ORD015849,CUST01640,PROD0351,2026-01-07,Wrong product,Electronics,21903.84,50.4,608.64,22562.88,No
RET01082,ORD015853,CUST03607,PROD0491,2026-06-28,Changed mind,Home & Kitchen,591.16,33.02,15.36,639.54,No
RET01083,ORD015865,CUST03038,PROD0239,2026-05-30,Changed mind,Home & Kitchen,643.88,77.91,17.38,739.17,No
RET01084,ORD015870,CUST01806,PROD0274,2025-11-27,Duplicate order,Electronics,25655.36,71.53,680.11,26407.0,No
RET01085,ORD015885,CUST02166,PROD0091,2025-12-24,Better price elsewhere,Fashion,1556.46,31.78,41.65,1629.89,No
RET01086,ORD015931,CUST04618,PROD0480,2026-09-20,Not as expected,Fashion,1974.43,64.08,45.03,2083.54,No
RET01087,ORD015933,CUST01833,PROD0135,2026-09-18,Not as expected,Beauty,1559.32,83.05,34.27,1676.64,Yes
RET01088,ORD015936,CUST03399,PROD0294,2025-12-24,Late delivery,Electronics,2651.3,55.67,86.4,2793.37,Yes
RET01089,ORD015942,CUST02085,PROD0189,2025-11-25,Size issue,Electronics,10959.27,60.86,305.01,11325.14,No
RET01090,ORD015963,CUST04542,PROD0165,2026-05-31,Size issue,Sports,568.14,47.22,14.55,629.91,Yes
RET01091,ORD015966,CUST03150,PROD0351,2025-10-13,Changed mind,Electronics,20904.83,71.98,608.64,21585.45,No
RET01092,ORD015982,CUST02777,PROD0410,2025-11-27,Duplicate order,Fashion,3132.12,32.55,74.96,3239.63,No
RET01093,ORD015994,CUST00651,PROD0249,2026-07-28,Size issue,Fashion,1536.48,42.88,39.27,1618.63,No
RET01094,ORD016044,CUST00487,PROD0430,2026-05-28,Size issue,Electronics,14740.08,57.03,406.2,15203.31,Yes
RET01095,ORD016051,CUST03446,PROD0251,2026-06-30,Better price elsewhere,Electronics,14064.31,74.66,464.56,14603.53,No
RET01096,ORD016065,CUST00356,PROD0419,2026-01-24,Size issue,Fashion,2600.14,83.18,70.8,2754.12,No
RET01097,ORD016071,CUST01096,PROD0418,2026-04-19,Not as expected,Fashion,8329.8,64.53,195.38,8589.71,Yes
RET01098,ORD016080,CUST03666,PROD0184,2026-03-23,Quality issue,Home & Kitchen,2351.74,82.07,57.91,2491.72,No
RET01099,ORD016115,CUST04117,PROD0313,2026-08-12,Duplicate order,Electronics,567.25,67.29,18.92,653.46,Yes
RET01100,ORD016117,CUST03185,PROD0259,2026-07-19,Size issue,Electronics,14235.02,23.19,440.05,14698.26,No
RET01101,ORD016165,CUST02966,PROD0398,2025-11-21,Not as expected,Electronics,26497.36,81.68,727.11,27306.15,Yes
RET01102,ORD016180,CUST01694,PROD0398,2025-12-31,Quality issue,Electronics,76005.94,64.81,2181.33,78252.08,No
RET01103,ORD016189,CUST01694,PROD0500,2026-03-03,Size issue,Electronics,25104.35,30.16,792.01,25926.52,No
RET01104,ORD016190,CUST01973,PROD0438,2025-10-12,Size issue,Grocery,61.52,46.52,1.81,109.85,No
RET01105,ORD016211,CUST00451,PROD0187,2026-09-07,Not as expected,Electronics,28844.79,39.62,852.61,29737.02,No
RET01106,ORD016212,CUST03156,PROD0126,2026-03-10,Changed mind,Electronics,8420.45,44.72,235.47,8700.64,No
RET01107,ORD016266,CUST00560,PROD0111,2026-03-22,Not as expected,Electronics,1443.77,59.03,38.81,1541.61,No
RET01108,ORD016270,CUST01623,PROD0466,2025-11-18,Product damaged,Home & Kitchen,3658.51,80.28,109.73,3848.52,No
RET01109,ORD016276,CUST02906,PROD0190,2025-11-04,Better price elsewhere,Electronics,22152.64,42.87,758.07,22953.58,Yes
RET01110,ORD016295,CUST00474,PROD0007,2026-04-04,Duplicate order,Electronics,33662.29,46.99,962.75,34672.03,No
RET01111,ORD016298,CUST01799,PROD0066,2026-03-17,Better price elsewhere,Electronics,16369.44,35.78,432.49,16837.71,No
RET01112,ORD016309,CUST03757,PROD0235,2026-02-25,Better price elsewhere,Electronics,27078.14,35.12,781.17,27894.43,No
RET01113,ORD016334,CUST00646,PROD0079,2026-06-26,Not as expected,Home & Kitchen,2872.18,60.8,86.38,3019.36,Yes
RET01114,ORD016342,CUST00115,PROD0357,2026-07-19,Quality issue,Fashion,3161.24,61.48,75.91,3298.63,Yes
RET01115,ORD016343,CUST03204,PROD0223,2026-09-10,Size issue,Electronics,14725.25,26.14,446.42,15197.81,No
RET01116,ORD016344,CUST01812,PROD0472,2026-04-23,Quality issue,Fashion,1632.09,64.9,36.41,1733.4,No
RET01117,ORD016350,CUST01290,PROD0340,2026-05-01,Duplicate order,Electronics,3811.3,35.18,114.37,3960.85,Yes
RET01118,ORD016370,CUST03886,PROD0357,2026-02-06,Quality issue,Fashion,2678.7,61.5,75.91,2816.11,No
RET01119,ORD016371,CUST01679,PROD0386,2026-04-02,Product damaged,Personal Care,2268.23,34.63,49.01,2351.87,No
RET01120,ORD016375,CUST03271,PROD0377,2025-12-25,Product damaged,Fashion,2410.5,36.57,54.7,2501.77,Yes
RET01121,ORD016412,CUST04661,PROD0397,2026-02-22,Not as expected,Electronics,53587.28,53.23,1605.37,55245.88,No
RET01122,ORD016434,CUST00951,PROD0309,2026-04-26,Product damaged,Sports,2696.63,20.82,60.77,2778.22,Yes
RET01123,ORD016441,CUST04010,PROD0255,2026-08-18,Size issue,Electronics,14629.02,57.92,398.17,15085.11,No
RET01124,ORD016447,CUST00252,PROD0278,2026-06-21,Wrong product,Fashion,2480.44,24.09,55.96,2560.49,No
RET01125,ORD016449,CUST03960,PROD0146,2026-03-15,Quality issue,Accessories,1002.5,53.84,21.17,1077.51,Yes
RET01126,ORD016452,CUST02260,PROD0369,2025-12-29,Product damaged,Electronics,16716.68,53.19,495.45,17265.32,Yes
RET01127,ORD016464,CUST02061,PROD0469,2026-07-12,Duplicate order,Fashion,1591.74,54.31,37.55,1683.6,No
RET01128,ORD016469,CUST00192,PROD0405,2025-11-27,Late delivery,Fashion,500.62,70.52,13.31,584.45,No
RET01129,ORD016483,CUST00935,PROD0250,2025-11-20,Better price elsewhere,Fashion,3622.67,69.42,89.85,3781.94,Yes
RET01130,ORD016500,CUST00422,PROD0420,2026-09-02,Size issue,Fashion,3354.84,49.55,72.27,3476.66,No
RET01131,ORD016501,CUST04000,PROD0111,2026-06-03,Not as expected,Electronics,2778.43,63.12,77.62,2919.17,Yes
RET01132,ORD016521,CUST01028,PROD0355,2026-08-18,Duplicate order,Home & Kitchen,5251.16,62.84,118.48,5432.48,No
RET01133,ORD016528,CUST02320,PROD0061,2026-06-20,Duplicate order,Electronics,4209.74,82.12,124.94,4416.8,Yes
RET01134,ORD016556,CUST00591,PROD0131,2025-10-23,Wrong product,Electronics,7366.61,51.54,278.54,7696.69,Yes
RET01135,ORD016560,CUST04651,PROD0061,2025-12-26,Product damaged,Electronics,2502.7,84.58,62.47,2649.75,Yes
RET01136,ORD016573,CUST00760,PROD0243,2026-07-03,Quality issue,Grocery,319.74,65.1,9.21,394.05,No
RET01137,ORD016581,CUST00117,PROD0354,2026-06-13,Duplicate order,Grocery,424.74,47.66,11.73,484.13,Yes
RET01138,ORD016590,CUST00406,PROD0319,2025-10-14,Size issue,Electronics,15675.24,32.14,422.1,16129.48,Yes
RET01139,ORD016603,CUST00787,PROD0293,2026-08-05,Size issue,Beauty,5296.98,50.56,116.41,5463.95,No
RET01140,ORD016607,CUST04197,PROD0320,2026-05-24,Quality issue,Grocery,374.06,76.74,10.96,461.76,No
RET01141,ORD016670,CUST04487,PROD0269,2026-02-24,Quality issue,Sports,4295.83,70.97,111.51,4478.31,No
RET01142,ORD016694,CUST04359,PROD0238,2026-06-14,Size issue,Electronics,28432.65,85.57,851.78,29370.0,No
RET01143,ORD016699,CUST02845,PROD0245,2026-06-19,Duplicate order,Beauty,6695.35,81.71,112.27,6889.33,No
RET01144,ORD016708,CUST00992,PROD0016,2026-01-10,Size issue,Electronics,22206.01,50.76,605.48,22862.25,No
RET01145,ORD016715,CUST03902,PROD0395,2026-08-11,Size issue,Electronics,29000.19,34.25,846.19,29880.63,No
RET01146,ORD016723,CUST01666,PROD0144,2025-10-15,Duplicate order,Electronics,33512.69,25.44,861.35,34399.48,No
RET01147,ORD016732,CUST03489,PROD0285,2026-01-10,Product damaged,Fashion,777.4,48.57,18.6,844.57,Yes
RET01148,ORD016749,CUST04808,PROD0063,2026-06-29,Quality issue,Home & Kitchen,13124.31,64.33,332.21,13520.85,Yes
RET01149,ORD016751,CUST00969,PROD0369,2026-01-16,Wrong product,Electronics,18171.8,56.58,495.45,18723.83,No
RET01150,ORD016752,CUST02553,PROD0033,2026-06-10,Late delivery,Fashion,317.17,85.76,7.72,410.65,Yes
RET01151,ORD016785,CUST01826,PROD0056,2026-02-02,Late delivery,Fashion,393.86,83.22,8.92,486.0,No
RET01152,ORD016793,CUST00092,PROD0188,2026-06-14,Wrong product,Electronics,1249.78,40.14,37.8,1327.72,Yes
RET01153,ORD016830,CUST02245,PROD0041,2026-07-12,Duplicate order,Fashion,2450.23,59.31,57.21,2566.75,No
RET01154,ORD016844,CUST00111,PROD0376,2026-06-08,Duplicate order,Electronics,46758.84,54.17,1419.51,48232.52,No
RET01155,ORD016851,CUST02408,PROD0237,2026-07-02,Wrong product,Electronics,11160.17,38.84,335.17,11534.18,No
RET01156,ORD016867,CUST01880,PROD0188,2026-04-18,Late delivery,Electronics,2659.23,47.47,75.61,2782.31,No
RET01157,ORD016888,CUST04509,PROD0186,2026-04-01,Wrong product,Fashion,3076.49,81.81,77.39,3235.69,No
RET01158,ORD016892,CUST03332,PROD0293,2026-03-06,Late delivery,Beauty,1891.73,45.78,38.8,1976.31,No
RET01159,ORD016915,CUST04655,PROD0286,2026-05-11,Better price elsewhere,Fashion,1792.88,37.82,41.57,1872.27,No
RET01160,ORD016923,CUST01063,PROD0285,2026-08-19,Better price elsewhere,Fashion,876.16,23.5,18.6,918.26,No
RET01161,ORD016935,CUST03191,PROD0290,2026-02-20,Size issue,Beauty,2718.93,25.74,45.98,2790.65,No
RET01162,ORD016936,CUST00391,PROD0134,2026-01-06,Size issue,Electronics,27563.11,49.91,689.11,28302.13,Yes
RET01163,ORD016941,CUST04537,PROD0256,2026-05-05,Product damaged,Fashion,2605.55,73.46,77.09,2756.1,No
RET01164,ORD016948,CUST04515,PROD0070,2025-12-02,Duplicate order,Electronics,7440.1,46.58,192.98,7679.66,Yes
RET01165,ORD016953,CUST04634,PROD0398,2026-05-23,Late delivery,Electronics,19616.04,37.98,727.11,20381.13,No
RET01166,ORD016955,CUST04017,PROD0452,2025-11-30,Wrong product,Electronics,2596.72,54.38,75.26,2726.36,Yes
RET01167,ORD016992,CUST02772,PROD0376,2026-07-04,Product damaged,Electronics,52443.73,60.61,1419.51,53923.85,No
RET01168,ORD017005,CUST00102,PROD0314,2026-09-27,Late delivery,Electronics,16169.37,74.1,437.77,16681.24,Yes
RET01169,ORD017006,CUST04404,PROD0180,2026-06-22,Duplicate order,Fashion,3351.89,72.98,72.1,3496.97,No
RET01170,ORD017034,CUST01385,PROD0179,2026-07-26,Duplicate order,Accessories,3195.36,59.8,61.41,3316.57,Yes
RET01171,ORD017067,CUST02315,PROD0053,2026-07-20,Product damaged,Fashion,852.59,30.15,18.11,900.85,Yes
RET01172,ORD017081,CUST02875,PROD0136,2026-03-09,Size issue,Electronics,7309.97,30.78,210.99,7551.74,No
RET01173,ORD017107,CUST00779,PROD0194,2026-02-24,Late delivery,Beauty,2219.76,65.97,40.29,2326.02,No
RET01174,ORD017112,CUST02296,PROD0313,2026-06-06,Better price elsewhere,Electronics,628.17,42.78,18.92,689.87,Yes
RET01175,ORD017128,CUST04231,PROD0095,2025-11-06,Product damaged,Electronics,22907.51,63.45,592.33,23563.29,No
RET01176,ORD017166,CUST02374,PROD0179,2025-11-03,Not as expected,Accessories,2968.07,79.97,61.41,3109.45,No
RET01177,ORD017173,CUST01976,PROD0461,2026-05-31,Better price elsewhere,Sports,1307.26,70.26,36.07,1413.59,No
RET01178,ORD017174,CUST03921,PROD0027,2026-02-16,Late delivery,Electronics,24243.72,86.86,661.08,24991.66,Yes
RET01179,ORD017180,CUST04804,PROD0185,2025-11-01,Late delivery,Electronics,36398.41,42.23,1022.59,37463.23,No
RET01180,ORD017181,CUST02664,PROD0287,2025-12-21,Product damaged,Electronics,3666.87,83.28,106.96,3857.11,No
RET01181,ORD017206,CUST00057,PROD0007,2026-05-17,Quality issue,Electronics,18557.52,34.62,481.37,19073.51,Yes
RET01182,ORD017208,CUST03043,PROD0426,2026-03-14,Size issue,Electronics,5193.1,55.09,152.95,5401.14,No
RET01183,ORD017215,CUST03615,PROD0313,2026-07-04,Size issue,Electronics,1315.4,31.05,37.83,1384.28,No
RET01184,ORD017233,CUST00057,PROD0308,2026-09-19,Wrong product,Accessories,710.63,25.67,13.88,750.18,No
RET01185,ORD017234,CUST04277,PROD0410,2025-10-25,Size issue,Fashion,2485.8,63.85,74.96,2624.61,No
RET01186,ORD017257,CUST00608,PROD0189,2026-07-18,Quality issue,Electronics,11100.57,86.66,305.01,11492.24,No
RET01187,ORD017279,CUST04424,PROD0251,2026-09-16,Product damaged,Electronics,15830.77,37.11,464.56,16332.44,Yes
RET01188,ORD017283,CUST01676,PROD0498,2026-07-24,Wrong product,Electronics,7617.19,76.49,237.6,7931.28,No
RET01189,ORD017285,CUST04023,PROD0239,2026-03-09,Product damaged,Home & Kitchen,272.4,36.07,8.69,317.16,No
RET01190,ORD017294,CUST03780,PROD0196,2026-02-11,Late delivery,Home & Kitchen,2461.21,82.47,59.2,2602.88,No
RET01191,ORD017316,CUST02493,PROD0188,2026-08-22,Size issue,Electronics,1290.59,55.59,37.8,1383.98,No
RET01192,ORD017321,CUST02886,PROD0175,2026-02-08,Not as expected,Electronics,31003.99,51.06,920.46,31975.51,No
RET01193,ORD017340,CUST00499,PROD0251,2025-11-24,Quality issue,Electronics,31248.63,37.97,929.11,32215.71,Yes
RET01194,ORD017359,CUST02307,PROD0162,2026-07-08,Size issue,Accessories,3721.94,82.92,95.2,3900.06,No
RET01195,ORD017360,CUST02037,PROD0072,2025-10-21,Quality issue,Fashion,1758.84,25.94,38.68,1823.46,Yes
RET01196,ORD017364,CUST00827,PROD0027,2026-02-03,Late delivery,Electronics,22460.99,75.81,661.08,23197.88,No
RET01197,ORD017367,CUST04583,PROD0352,2026-06-13,Size issue,Electronics,7294.45,64.94,220.37,7579.76,No
RET01198,ORD017381,CUST04237,PROD0072,2026-02-20,Quality issue,Fashion,1583.18,68.52,38.68,1690.38,Yes
RET01199,ORD017395,CUST02439,PROD0448,2025-12-02,Changed mind,Electronics,31606.58,87.04,1141.83,32835.45,No
RET01200,ORD017407,CUST03845,PROD0332,2025-12-14,Late delivery,Beauty,266.78,60.36,4.1,331.24,No
RET01201,ORD017409,CUST03476,PROD0122,2026-08-07,Quality issue,Fashion,1552.09,74.73,49.37,1676.19,No
RET01202,ORD017417,CUST04838,PROD0345,2026-01-10,Better price elsewhere,Home & Kitchen,2165.25,48.1,50.27,2263.62,No
RET01203,ORD017437,CUST02117,PROD0235,2026-01-28,Better price elsewhere,Electronics,25934.18,71.41,781.17,26786.76,No
RET01204,ORD017439,CUST00459,PROD0372,2025-11-14,Late delivery,Fashion,1204.91,60.02,28.98,1293.91,No
RET01205,ORD017458,CUST00444,PROD0188,2026-01-02,Duplicate order,Electronics,1392.6,47.24,37.8,1477.64,No
RET01206,ORD017494,CUST03293,PROD0296,2026-09-06,Wrong product,Home & Kitchen,1695.29,62.49,40.41,1798.19,No
RET01207,ORD017521,CUST04673,PROD0160,2025-10-30,Better price elsewhere,Furniture,18874.79,79.87,600.25,19554.91,No
RET01208,ORD017543,CUST04170,PROD0136,2026-04-30,Wrong product,Electronics,8626.67,76.82,210.99,8914.48,No
RET01209,ORD017559,CUST01567,PROD0158,2026-02-09,Not as expected,Fashion,610.62,61.9,15.17,687.69,No
RET01210,ORD017562,CUST04105,PROD0394,2026-07-07,Late delivery,Fashion,2291.55,75.63,53.36,2420.54,Yes
RET01211,ORD017568,CUST00787,PROD0222,2026-02-28,Wrong product,Fashion,513.68,69.19,11.46,594.33,Yes
RET01212,ORD017631,CUST03765,PROD0255,2026-01-13,Better price elsewhere,Electronics,12259.02,34.75,398.17,12691.94,No
RET01213,ORD017652,CUST03891,PROD0381,2025-11-17,Better price elsewhere,Books,428.86,81.42,9.86,520.14,Yes
RET01214,ORD017659,CUST00163,PROD0395,2026-07-12,Wrong product,Electronics,8477.07,22.54,282.06,8781.67,No
RET01215,ORD017665,CUST03674,PROD0034,2026-08-16,Duplicate order,Fashion,4864.18,33.22,136.67,5034.07,No
RET01216,ORD017668,CUST02402,PROD0153,2026-08-10,Size issue,Fashion,2810.21,55.79,59.39,2925.39,No
RET01217,ORD017670,CUST04136,PROD0238,2026-06-30,Wrong product,Electronics,16627.53,87.69,425.89,17141.11,No
RET01218,ORD017693,CUST03523,PROD0314,2025-12-06,Better price elsewhere,Electronics,15619.05,54.82,437.77,16111.64,Yes
RET01219,ORD017694,CUST03512,PROD0043,2025-12-27,Quality issue,Fashion,3148.65,49.57,71.36,3269.58,Yes
RET01220,ORD017698,CUST04268,PROD0126,2026-07-17,Not as expected,Electronics,7971.67,52.69,235.47,8259.83,No
RET01221,ORD017710,CUST04167,PROD0044,2026-07-11,Quality issue,Electronics,32098.09,42.63,839.52,32980.24,No
RET01222,ORD017713,CUST00047,PROD0297,2026-03-30,Quality issue,Fashion,999.53,78.02,24.55,1102.1,Yes
RET01223,ORD017714,CUST03531,PROD0144,2026-04-16,Quality issue,Electronics,67206.77,87.21,1722.7,69016.68,No
RET01224,ORD017730,CUST04216,PROD0338,2026-03-10,Not as expected,Electronics,17023.26,67.92,525.54,17616.72,No
RET01225,ORD017737,CUST04896,PROD0232,2026-02-12,Better price elsewhere,Accessories,3225.87,32.38,95.23,3353.48,No
RET01226,ORD017753,CUST00688,PROD0237,2026-09-22,Late delivery,Electronics,11905.4,40.4,335.17,12280.97,No
RET01227,ORD017762,CUST01109,PROD0420,2026-06-11,Wrong product,Fashion,2947.2,80.74,72.27,3100.21,No
RET01228,ORD017770,CUST04062,PROD0164,2026-04-27,Product damaged,Fashion,2098.25,77.96,52.48,2228.69,No
RET01229,ORD017804,CUST00904,PROD0190,2026-06-07,Duplicate order,Electronics,26513.33,36.4,758.07,27307.8,No
RET01230,ORD017810,CUST03887,PROD0239,2026-03-12,Better price elsewhere,Home & Kitchen,347.7,32.7,8.69,389.09,No
RET01231,ORD017822,CUST04851,PROD0477,2026-08-07,Duplicate order,Electronics,31804.94,74.2,832.89,32712.03,No
RET01232,ORD017824,CUST00367,PROD0372,2026-07-13,Late delivery,Fashion,664.35,65.66,14.49,744.5,No
RET01233,ORD017840,CUST04765,PROD0230,2026-07-05,Wrong product,Electronics,69775.48,55.78,2512.03,72343.29,No
RET01234,ORD017853,CUST00978,PROD0296,2025-10-13,Better price elsewhere,Home & Kitchen,1341.41,31.43,40.41,1413.25,No
RET01235,ORD017860,CUST04099,PROD0044,2026-01-24,Wrong product,Electronics,30169.41,28.71,839.52,31037.64,No
RET01236,ORD017879,CUST00537,PROD0451,2025-11-25,Duplicate order,Electronics,15706.9,74.04,438.13,16219.07,Yes
RET01237,ORD017918,CUST02955,PROD0409,2026-06-07,Duplicate order,Electronics,18419.45,22.3,504.82,18946.57,Yes
RET01238,ORD017925,CUST00480,PROD0141,2026-02-27,Size issue,Electronics,35807.83,75.71,1123.2,37006.74,No
RET01239,ORD017950,CUST01749,PROD0044,2026-01-16,Wrong product,Electronics,32372.16,53.06,839.52,33264.74,Yes
RET01240,ORD017952,CUST02465,PROD0393,2025-10-13,Late delivery,Fashion,2902.35,76.1,65.16,3043.61,No
RET01241,ORD017965,CUST01384,PROD0072,2026-06-10,Quality issue,Fashion,5408.07,38.11,116.05,5562.23,Yes
RET01242,ORD017982,CUST02152,PROD0015,2026-01-02,Product damaged,Home & Kitchen,3816.01,65.44,113.93,3995.38,No
RET01243,ORD018000,CUST03864,PROD0061,2026-07-15,Late delivery,Electronics,2111.34,32.18,62.47,2205.99,No
RET01244,ORD018055,CUST02772,PROD0144,2026-03-11,Duplicate order,Electronics,33425.52,80.53,861.35,34367.4,No
RET01245,ORD018066,CUST04921,PROD0100,2026-01-07,Changed mind,Electronics,35817.78,70.06,996.51,36884.35,Yes
RET01246,ORD018072,CUST03572,PROD0155,2026-07-05,Product damaged,Home & Kitchen,171.96,58.04,4.97,234.97,No
RET01247,ORD018089,CUST03181,PROD0387,2026-06-11,Changed mind,Electronics,11569.53,49.7,403.71,12022.94,No
RET01248,ORD018097,CUST01140,PROD0424,2026-06-25,Late delivery,Electronics,1797.51,67.77,52.25,1917.53,No
RET01249,ORD018125,CUST00420,PROD0426,2026-01-22,Duplicate order,Electronics,5386.29,43.84,152.95,5583.08,Yes
RET01250,ORD018126,CUST01461,PROD0333,2025-10-19,Size issue,Electronics,12078.06,33.3,360.02,12471.38,Yes
RET01251,ORD018151,CUST00714,PROD0496,2026-08-20,Duplicate order,Home & Kitchen,2549.82,61.89,69.81,2681.52,No
RET01252,ORD018170,CUST01679,PROD0494,2026-07-07,Better price elsewhere,Electronics,3752.94,64.33,108.42,3925.69,No
RET01253,ORD018174,CUST04061,PROD0203,2026-03-26,Better price elsewhere,Fashion,186.42,84.97,6.21,277.6,No
RET01254,ORD018178,CUST01631,PROD0323,2026-08-23,Duplicate order,Fashion,822.6,49.15,19.83,891.58,No
RET01255,ORD018186,CUST04250,PROD0359,2026-05-28,Duplicate order,Accessories,1745.36,76.18,38.01,1859.55,No
RET01256,ORD018198,CUST02644,PROD0445,2025-10-24,Quality issue,Electronics,15249.99,65.94,408.06,15723.99,No
RET01257,ORD018211,CUST04078,PROD0448,2025-12-03,Better price elsewhere,Electronics,14497.44,50.37,380.61,14928.42,Yes
RET01258,ORD018235,CUST04252,PROD0007,2026-01-08,Product damaged,Electronics,16110.14,33.04,481.37,16624.55,No
RET01259,ORD018236,CUST01195,PROD0259,2026-02-16,Quality issue,Electronics,16439.66,55.7,440.05,16935.41,No
RET01260,ORD018237,CUST00637,PROD0392,2026-07-02,Better price elsewhere,Home & Kitchen,6307.42,43.82,179.88,6531.12,No
RET01261,ORD018273,CUST01423,PROD0258,2026-01-24,Duplicate order,Electronics,27761.46,52.6,776.11,28590.17,No
RET01262,ORD018279,CUST00056,PROD0411,2025-10-16,Product damaged,Sports,595.19,79.98,13.21,688.38,Yes
RET01263,ORD018286,CUST00800,PROD0355,2026-01-25,Not as expected,Home & Kitchen,5017.23,82.03,118.48,5217.74,Yes
RET01264,ORD018290,CUST03607,PROD0055,2026-02-04,Quality issue,Fashion,2551.94,33.78,65.34,2651.06,No
RET01265,ORD018296,CUST03242,PROD0445,2026-02-12,Not as expected,Electronics,13918.85,84.67,408.06,14411.58,No
RET01266,ORD018299,CUST02183,PROD0395,2025-10-28,Changed mind,Electronics,10680.09,57.41,282.06,11019.56,Yes
RET01267,ORD018306,CUST04586,PROD0158,2026-09-26,Wrong product,Fashion,567.92,86.86,15.17,669.95,No
RET01268,ORD018330,CUST04675,PROD0327,2026-08-30,Duplicate order,Fashion,1441.76,41.21,35.81,1518.78,No
RET01269,ORD018340,CUST04411,PROD0228,2026-07-24,Product damaged,Accessories,3665.53,48.89,81.76,3796.18,No
RET01270,ORD018343,CUST03003,PROD0445,2026-08-07,Product damaged,Electronics,14522.5,85.45,408.06,15016.01,No
RET01271,ORD018346,CUST02633,PROD0276,2026-05-23,Wrong product,Personal Care,1111.99,54.61,30.91,1197.51,No
RET01272,ORD018349,CUST01315,PROD0027,2026-06-22,Duplicate order,Electronics,23898.31,25.42,661.08,24584.81,No
RET01273,ORD018374,CUST04962,PROD0185,2026-02-07,Late delivery,Electronics,30930.81,20.09,1022.59,31973.49,No
RET01274,ORD018395,CUST02793,PROD0138,2026-01-18,Duplicate order,Fashion,1151.11,30.07,24.45,1205.63,Yes
RET01275,ORD018397,CUST03298,PROD0131,2026-05-16,Better price elsewhere,Electronics,9554.21,81.78,278.54,9914.53,No
RET01276,ORD018400,CUST04132,PROD0369,2026-07-30,Changed mind,Electronics,16956.72,55.93,495.45,17508.1,No
RET01277,ORD018403,CUST02857,PROD0234,2026-03-21,Better price elsewhere,Accessories,3274.91,54.55,66.74,3396.2,No
RET01278,ORD018405,CUST00234,PROD0144,2026-06-13,Wrong product,Electronics,33865.03,81.51,861.35,34807.89,Yes
RET01279,ORD018419,CUST04216,PROD0491,2026-05-19,Changed mind,Home & Kitchen,670.24,54.18,15.36,739.78,No
RET01280,ORD018429,CUST04404,PROD0011,2026-01-27,Better price elsewhere,Personal Care,1506.94,87.34,35.69,1629.97,No
RET01281,ORD018455,CUST03370,PROD0101,2026-03-19,Better price elsewhere,Books,350.3,69.98,9.28,429.56,No
RET01282,ORD018465,CUST00804,PROD0061,2026-09-19,Better price elsewhere,Electronics,2387.94,40.46,62.47,2490.87,Yes
RET01283,ORD018476,CUST03078,PROD0251,2026-04-21,Size issue,Electronics,15575.03,39.86,464.56,16079.45,Yes
RET01284,ORD018488,CUST03331,PROD0469,2026-03-24,Changed mind,Fashion,1740.27,61.78,37.55,1839.6,No
RET01285,ORD018510,CUST01454,PROD0325,2026-04-01,Late delivery,Fashion,534.23,29.11,14.07,577.41,Yes
RET01286,ORD018547,CUST00197,PROD0039,2026-09-12,Size issue,Electronics,24810.83,20.14,695.19,25526.16,Yes
RET01287,ORD018564,CUST04618,PROD0322,2026-04-23,Late delivery,Home & Kitchen,1228.46,87.74,35.29,1351.49,Yes
RET01288,ORD018577,CUST03397,PROD0044,2026-05-10,Better price elsewhere,Electronics,24826.87,70.09,839.52,25736.48,No
RET01289,ORD018601,CUST04828,PROD0187,2026-02-20,Not as expected,Electronics,26066.27,42.37,852.61,26961.25,No
RET01290,ORD018609,CUST03570,PROD0248,2026-06-20,Wrong product,Personal Care,1160.14,20.52,32.48,1213.14,No
RET01291,ORD018612,CUST00917,PROD0419,2026-06-15,Late delivery,Fashion,5375.03,66.39,141.6,5583.02,No
RET01292,ORD018639,CUST04359,PROD0405,2026-05-31,Wrong product,Fashion,502.31,74.66,13.31,590.28,Yes
RET01293,ORD018643,CUST03136,PROD0260,2026-03-14,Quality issue,Grocery,401.55,40.9,13.78,456.23,No
RET01294,ORD018645,CUST03087,PROD0246,2025-11-19,Wrong product,Fashion,1420.05,48.37,38.7,1507.12,No
RET01295,ORD018705,CUST03290,PROD0186,2025-11-19,Better price elsewhere,Fashion,2678.31,86.02,77.39,2841.72,No
RET01296,ORD018707,CUST01159,PROD0056,2026-08-16,Quality issue,Fashion,431.9,72.37,8.92,513.19,No
RET01297,ORD018709,CUST00984,PROD0126,2026-06-01,Not as expected,Electronics,8656.85,29.38,235.47,8921.7,No
RET01298,ORD018723,CUST03270,PROD0358,2026-01-03,Changed mind,Fashion,4417.61,37.26,110.78,4565.65,Yes
RET01299,ORD018735,CUST02294,PROD0012,2026-03-29,Product damaged,Electronics,49492.2,66.16,1627.64,51186.0,Yes
RET01300,ORD018773,CUST00321,PROD0219,2026-03-19,Duplicate order,Fashion,814.53,46.12,25.56,886.21,No
RET01301,ORD018776,CUST03772,PROD0064,2026-08-14,Duplicate order,Electronics,19111.79,81.81,524.12,19717.72,No
RET01302,ORD018799,CUST02845,PROD0376,2025-10-14,Wrong product,Electronics,23580.99,38.03,709.76,24328.78,No
RET01303,ORD018809,CUST04795,PROD0468,2026-08-30,Changed mind,Sports,610.95,63.84,13.22,688.01,No
RET01304,ORD018838,CUST03784,PROD0248,2026-01-25,Wrong product,Personal Care,1260.11,22.34,32.48,1314.93,No
RET01305,ORD018859,CUST03701,PROD0190,2026-06-14,Size issue,Electronics,24877.31,46.06,758.07,25681.44,No
RET01306,ORD018863,CUST01504,PROD0175,2026-04-25,Size issue,Electronics,31763.03,56.09,920.46,32739.58,Yes
RET01307,ORD018898,CUST02308,PROD0297,2026-09-09,Quality issue,Fashion,884.64,61.14,24.55,970.33,Yes
RET01308,ORD018901,CUST04210,PROD0187,2026-06-27,Duplicate order,Electronics,60412.96,30.23,1705.22,62148.41,No
RET01309,ORD018910,CUST02167,PROD0238,2026-07-03,Quality issue,Electronics,14608.3,74.09,425.89,15108.28,Yes
RET01310,ORD018927,CUST04903,PROD0147,2026-06-19,Better price elsewhere,Fashion,2783.39,86.08,59.1,2928.57,No
RET01311,ORD018980,CUST02918,PROD0119,2026-01-02,Not as expected,Accessories,876.51,37.1,19.04,932.65,Yes
RET01312,ORD018988,CUST02596,PROD0249,2026-06-16,Not as expected,Fashion,1752.53,20.79,39.27,1812.59,No
RET01313,ORD019066,CUST00964,PROD0164,2026-02-11,Wrong product,Fashion,6508.46,24.74,157.43,6690.63,No
RET01314,ORD019077,CUST02356,PROD0077,2026-01-03,Changed mind,Electronics,24447.38,40.22,677.32,25164.92,No
RET01315,ORD019085,CUST00842,PROD0325,2026-08-19,Not as expected,Fashion,493.37,76.22,14.07,583.66,No
RET01316,ORD019088,CUST02955,PROD0320,2026-05-05,Changed mind,Grocery,336.05,77.73,10.96,424.74,No
RET01317,ORD019105,CUST04007,PROD0482,2026-08-02,Quality issue,Electronics,23910.34,70.7,653.08,24634.12,No
RET01318,ORD019108,CUST04023,PROD0175,2026-01-11,Late delivery,Electronics,63655.62,43.62,1840.92,65540.16,Yes
RET01319,ORD019119,CUST01111,PROD0337,2026-08-18,Late delivery,Home & Kitchen,5473.9,41.33,146.32,5661.55,No
RET01320,ORD019162,CUST03846,PROD0105,2026-08-06,Quality issue,Fashion,4539.38,83.66,99.01,4722.05,Yes
RET01321,ORD019190,CUST03813,PROD0061,2026-01-11,Wrong product,Electronics,1767.02,28.51,62.47,1858.0,No
RET01322,ORD019197,CUST00316,PROD0477,2025-10-11,Size issue,Electronics,26856.22,81.47,832.89,27770.58,No
RET01323,ORD019201,CUST04895,PROD0371,2025-12-25,Not as expected,Home & Kitchen,7254.16,63.43,157.52,7475.11,No
RET01324,ORD019205,CUST00873,PROD0224,2026-02-22,Size issue,Home & Kitchen,3273.08,41.3,101.01,3415.39,No
RET01325,ORD019207,CUST00675,PROD0022,2026-06-30,Changed mind,Beauty,321.87,64.82,5.66,392.35,No
RET01326,ORD019235,CUST03798,PROD0278,2026-01-07,Quality issue,Fashion,2226.69,59.93,55.96,2342.58,No
RET01327,ORD019238,CUST01862,PROD0460,2026-05-16,Better price elsewhere,Grocery,39.82,74.89,1.38,116.09,No
RET01328,ORD019257,CUST03996,PROD0351,2026-05-07,Changed mind,Electronics,16473.39,80.01,608.64,17162.04,No
RET01329,ORD019273,CUST01132,PROD0035,2026-01-17,Size issue,Electronics,19219.21,20.02,561.78,19801.01,No
RET01330,ORD019275,CUST04862,PROD0352,2026-03-01,Late delivery,Electronics,7226.2,33.94,220.37,7480.51,No
RET01331,ORD019298,CUST01183,PROD0398,2025-10-29,Size issue,Electronics,26626.74,32.41,727.11,27386.26,No
RET01332,ORD019307,CUST00163,PROD0159,2026-09-09,Wrong product,Home & Kitchen,3888.34,58.11,102.55,4049.0,Yes
RET01333,ORD019326,CUST04718,PROD0203,2026-05-14,Wrong product,Fashion,196.93,20.69,6.21,223.83,No
RET01334,ORD019339,CUST01543,PROD0270,2026-01-07,Changed mind,Electronics,23256.93,25.74,616.69,23899.36,No
RET01335,ORD019362,CUST03614,PROD0168,2026-07-05,Quality issue,Furniture,31699.19,65.67,770.88,32535.74,No
RET01336,ORD019395,CUST04208,PROD0200,2026-01-15,Not as expected,Fashion,3204.6,62.93,65.85,3333.38,Yes
RET01337,ORD019407,CUST04573,PROD0351,2025-12-05,Product damaged,Electronics,23467.52,39.02,608.64,24115.18,No
RET01338,ORD019421,CUST01683,PROD0140,2026-03-23,Not as expected,Home & Kitchen,6209.36,79.11,148.33,6436.8,No
RET01339,ORD019446,CUST03470,PROD0239,2026-08-26,Changed mind,Home & Kitchen,352.57,27.01,8.69,388.27,No
RET01340,ORD019447,CUST03498,PROD0082,2025-12-25,Wrong product,Electronics,3256.46,37.64,90.12,3384.22,Yes
RET01341,ORD019463,CUST04418,PROD0258,2025-12-01,Product damaged,Electronics,24257.42,39.86,776.11,25073.39,No
RET01342,ORD019472,CUST00689,PROD0039,2026-08-11,Changed mind,Electronics,20461.4,51.94,695.19,21208.53,No
RET01343,ORD019483,CUST00130,PROD0093,2025-11-01,Size issue,Home & Kitchen,4758.79,53.47,113.41,4925.67,Yes
RET01344,ORD019490,CUST04756,PROD0083,2026-09-25,Size issue,Electronics,26035.15,64.6,694.14,26793.89,No
RET01345,ORD019501,CUST04123,PROD0312,2025-12-15,Quality issue,Personal Care,1389.27,71.15,28.1,1488.52,No
RET01346,ORD019542,CUST01867,PROD0126,2026-02-10,Size issue,Electronics,8831.67,84.31,235.47,9151.45,Yes
RET01347,ORD019551,CUST01751,PROD0142,2025-10-22,Better price elsewhere,Fashion,1439.48,38.78,30.59,1508.85,No
RET01348,ORD019562,CUST02482,PROD0172,2026-08-10,Better price elsewhere,Sports,348.84,28.18,10.04,387.06,Yes
RET01349,ORD019573,CUST01621,PROD0021,2025-12-10,Wrong product,Fashion,241.95,32.3,6.7,280.95,No
RET01350,ORD019578,CUST03626,PROD0333,2026-02-16,Changed mind,Electronics,13278.78,34.69,360.02,13673.49,No
RET01351,ORD019598,CUST01344,PROD0091,2026-07-06,Better price elsewhere,Fashion,1586.71,73.46,41.65,1701.82,Yes
RET01352,ORD019600,CUST04946,PROD0351,2025-10-10,Size issue,Electronics,21935.91,69.7,608.64,22614.25,Yes
RET01353,ORD019616,CUST00568,PROD0084,2026-06-04,Wrong product,Sports,10995.9,38.34,285.91,11320.15,No
RET01354,ORD019620,CUST00070,PROD0352,2025-11-09,Wrong product,Electronics,6639.44,81.02,220.37,6940.83,No
RET01355,ORD019638,CUST01631,PROD0191,2026-02-19,Product damaged,Fashion,1170.21,80.86,31.15,1282.22,No
RET01356,ORD019639,CUST03397,PROD0136,2025-12-03,Changed mind,Electronics,8374.94,68.1,210.99,8654.03,Yes
RET01357,ORD019702,CUST03634,PROD0498,2026-05-02,Changed mind,Electronics,8873.38,51.46,237.6,9162.44,Yes
RET01358,ORD019710,CUST04067,PROD0128,2026-04-28,Changed mind,Furniture,23730.42,49.68,575.1,24355.2,No
RET01359,ORD019724,CUST00252,PROD0395,2026-03-14,Changed mind,Electronics,9886.74,23.71,282.06,10192.51,No
RET01360,ORD019750,CUST01343,PROD0258,2026-04-10,Better price elsewhere,Electronics,30396.36,20.34,776.11,31192.81,No
RET01361,ORD019758,CUST04366,PROD0409,2026-09-12,Quality issue,Electronics,15250.13,47.16,504.82,15802.11,Yes
RET01362,ORD019813,CUST01662,PROD0012,2026-04-08,Quality issue,Electronics,29035.0,23.77,813.82,29872.59,Yes
RET01363,ORD019834,CUST01124,PROD0133,2026-09-21,Changed mind,Beauty,3736.57,27.06,82.18,3845.81,No
RET01364,ORD019839,CUST01818,PROD0079,2025-11-15,Changed mind,Home & Kitchen,3150.81,28.06,86.38,3265.25,No
RET01365,ORD019841,CUST00124,PROD0115,2026-01-30,Product damaged,Beauty,1140.0,48.96,24.92,1213.88,Yes
RET01366,ORD019843,CUST04603,PROD0251,2025-10-04,Late delivery,Electronics,15535.31,72.24,464.56,16072.11,No
RET01367,ORD019860,CUST01491,PROD0034,2026-01-19,Quality issue,Fashion,2908.32,42.75,68.33,3019.4,Yes
RET01368,ORD019874,CUST00652,PROD0376,2026-05-15,Quality issue,Electronics,24568.19,51.24,709.76,25329.19,No
RET01369,ORD019934,CUST04159,PROD0056,2026-04-18,Late delivery,Fashion,407.18,58.66,8.92,474.76,No
RET01370,ORD019941,CUST02703,PROD0044,2026-02-21,Duplicate order,Electronics,29330.44,56.22,839.52,30226.18,Yes
RET01371,ORD019948,CUST01182,PROD0372,2026-08-08,Changed mind,Fashion,668.78,62.64,14.49,745.91,Yes
RET01372,ORD019977,CUST04190,PROD0149,2025-10-28,Wrong product,Accessories,3998.53,81.02,79.61,4159.16,Yes
RET01373,ORD019994,CUST04842,PROD0409,2025-12-03,Not as expected,Electronics,16267.93,84.92,504.82,16857.67,Yes
RET01374,ORD019995,CUST01232,PROD0077,2026-06-27,Product damaged,Electronics,24278.23,87.14,677.32,25042.69,No
RET01375,ORD020016,CUST03615,PROD0369,2026-09-17,Quality issue,Electronics,16791.41,73.14,495.45,17360.0,No
RET01376,ORD020041,CUST01706,PROD0270,2025-12-27,Wrong product,Electronics,19613.97,67.21,616.69,20297.87,No
RET01377,ORD020047,CUST02625,PROD0033,2026-06-26,Changed mind,Fashion,281.1,53.81,7.72,342.63,No
RET01378,ORD020050,CUST00515,PROD0239,2026-09-14,Late delivery,Home & Kitchen,347.18,59.32,8.69,415.19,Yes
RET01379,ORD020077,CUST00613,PROD0391,2026-09-10,Not as expected,Sports,3529.28,46.19,100.68,3676.15,No
RET01380,ORD020094,CUST00624,PROD0489,2026-07-14,Wrong product,Fashion,985.15,72.01,22.35,1079.51,No
RET01381,ORD020106,CUST01650,PROD0500,2026-04-21,Not as expected,Electronics,26973.79,30.65,792.01,27796.45,No
RET01382,ORD020133,CUST04411,PROD0158,2025-12-02,Not as expected,Fashion,710.25,74.1,15.17,799.52,No
RET01383,ORD020144,CUST01971,PROD0321,2026-08-31,Changed mind,Electronics,7822.36,53.44,279.92,8155.72,No
RET01384,ORD020147,CUST03082,PROD0191,2026-08-21,Better price elsewhere,Fashion,1428.83,47.74,31.15,1507.72,No
RET01385,ORD020160,CUST03969,PROD0387,2026-05-16,Size issue,Electronics,13441.85,41.9,403.71,13887.46,No
RET01386,ORD020181,CUST00994,PROD0194,2026-02-13,Wrong product,Beauty,2184.05,52.08,40.29,2276.42,No
RET01387,ORD020203,CUST00450,PROD0358,2026-01-11,Product damaged,Fashion,4360.8,51.06,110.78,4522.64,No
RET01388,ORD020208,CUST04048,PROD0402,2025-11-01,Duplicate order,Electronics,9510.22,72.78,294.57,9877.57,No
RET01389,ORD020210,CUST01864,PROD0400,2026-06-01,Changed mind,Fashion,3302.43,45.98,66.82,3415.23,No
RET01390,ORD020211,CUST02845,PROD0409,2026-02-27,Wrong product,Electronics,19379.5,56.24,504.82,19940.56,Yes
RET01391,ORD020229,CUST00864,PROD0056,2026-01-13,Not as expected,Fashion,364.08,82.46,8.92,455.46,Yes
RET01392,ORD020233,CUST02544,PROD0467,2025-12-15,Product damaged,Fashion,1239.64,79.31,28.33,1347.28,No
RET01393,ORD020235,CUST02628,PROD0402,2026-01-15,Duplicate order,Electronics,16913.4,20.5,589.14,17523.04,No
RET01394,ORD020280,CUST03892,PROD0055,2026-01-07,Wrong product,Fashion,2686.87,26.66,65.34,2778.87,Yes
RET01395,ORD020285,CUST04881,PROD0297,2026-06-06,Wrong product,Fashion,970.34,30.12,24.55,1025.01,No
RET01396,ORD020289,CUST02844,PROD0333,2026-06-16,Duplicate order,Electronics,40720.7,79.22,1080.05,41879.97,No
RET01397,ORD020340,CUST01817,PROD0348,2026-02-28,Late delivery,Sports,6040.92,73.78,185.12,6299.82,No
RET01398,ORD020352,CUST00207,PROD0224,2026-03-07,Quality issue,Home & Kitchen,2028.2,55.19,50.51,2133.9,No
RET01399,ORD020361,CUST00036,PROD0364,2026-01-03,Late delivery,Sports,1854.1,55.55,55.28,1964.93,No
RET01400,ORD020362,CUST04195,PROD0426,2025-10-09,Late delivery,Electronics,17077.93,27.18,458.86,17563.97,No
RET01401,ORD020378,CUST01338,PROD0430,2026-02-28,Changed mind,Electronics,15765.33,64.7,406.2,16236.23,No
RET01402,ORD020387,CUST03583,PROD0287,2025-12-11,Size issue,Electronics,3842.75,44.17,106.96,3993.88,No
RET01403,ORD020389,CUST03860,PROD0264,2026-02-05,Late delivery,Fashion,1960.59,61.95,56.72,2079.26,No
RET01404,ORD020392,CUST04902,PROD0445,2026-01-18,Quality issue,Electronics,14732.49,74.92,408.06,15215.47,No
RET01405,ORD020413,CUST02865,PROD0241,2026-03-27,Wrong product,Accessories,11055.1,80.2,205.47,11340.77,No
RET01406,ORD020417,CUST03570,PROD0042,2026-02-11,Wrong product,Personal Care,1522.69,60.98,36.33,1620.0,No
RET01407,ORD020454,CUST01003,PROD0297,2026-07-16,Changed mind,Fashion,763.22,43.22,24.55,830.99,No
RET01408,ORD020484,CUST04328,PROD0185,2025-10-21,Wrong product,Electronics,16915.08,76.15,511.29,17502.52,No
RET01409,ORD020491,CUST01093,PROD0297,2026-04-24,Product damaged,Fashion,796.41,43.71,24.55,864.67,No
RET01410,ORD020503,CUST04906,PROD0084,2026-07-20,Size issue,Sports,2926.64,39.6,95.3,3061.54,No
RET01411,ORD020518,CUST04312,PROD0484,2026-01-11,Wrong product,Electronics,24218.68,49.49,686.73,24954.9,No
RET01412,ORD020542,CUST02509,PROD0299,2026-08-27,Wrong product,Fashion,1706.37,20.49,51.9,1778.76,No
RET01413,ORD020598,CUST01432,PROD0175,2025-10-19,Better price elsewhere,Electronics,32140.65,48.35,920.46,33109.46,No
RET01414,ORD020605,CUST04906,PROD0188,2026-05-29,Product damaged,Electronics,1277.15,78.14,37.8,1393.09,Yes
RET01415,ORD020616,CUST04582,PROD0222,2026-04-13,Changed mind,Fashion,908.73,64.74,22.92,996.39,Yes
RET01416,ORD020617,CUST00459,PROD0100,2025-11-28,Changed mind,Electronics,34927.38,23.81,996.51,35947.7,No
RET01417,ORD020646,CUST03700,PROD0122,2026-05-01,Better price elsewhere,Fashion,1990.72,32.09,49.37,2072.18,No
RET01418,ORD020647,CUST03082,PROD0010,2026-07-13,Not as expected,Electronics,29841.52,27.58,882.19,30751.29,No
RET01419,ORD020676,CUST01969,PROD0468,2025-11-27,Duplicate order,Sports,1919.95,21.31,39.65,1980.91,No
RET01420,ORD020678,CUST04144,PROD0173,2026-02-25,Duplicate order,Grocery,118.62,65.02,3.53,187.17,No
RET01421,ORD020680,CUST00806,PROD0489,2026-07-23,Better price elsewhere,Fashion,902.78,64.02,22.35,989.15,No
RET01422,ORD020713,CUST02115,PROD0046,2026-04-06,Late delivery,Accessories,1365.53,82.6,31.76,1479.89,Yes
RET01423,ORD020717,CUST00031,PROD0091,2026-04-28,Duplicate order,Fashion,3241.87,87.24,83.31,3412.42,No
RET01424,ORD020737,CUST02608,PROD0333,2026-03-18,Wrong product,Electronics,12535.17,81.41,360.02,12976.6,No
RET01425,ORD020746,CUST02871,PROD0500,2026-08-21,Late delivery,Electronics,27162.57,39.25,792.01,27993.83,No
RET01426,ORD020751,CUST00251,PROD0116,2026-09-07,Product damaged,Sports,3779.64,75.82,89.55,3945.01,No
RET01427,ORD020762,CUST04063,PROD0323,2026-03-20,Duplicate order,Fashion,431.47,22.04,9.92,463.43,No
RET01428,ORD020771,CUST04520,PROD0246,2026-06-19,Duplicate order,Fashion,1586.32,46.94,38.7,1671.96,No
RET01429,ORD020785,CUST00556,PROD0041,2026-07-22,Not as expected,Fashion,2232.39,28.77,57.21,2318.37,No
RET01430,ORD020794,CUST01035,PROD0472,2026-09-11,Better price elsewhere,Fashion,1740.8,79.98,36.41,1857.19,No
RET01431,ORD020796,CUST03886,PROD0203,2026-03-27,Size issue,Fashion,246.12,78.44,6.21,330.77,No
RET01432,ORD020801,CUST03726,PROD0075,2026-03-08,Quality issue,Fashion,1922.98,29.44,45.99,1998.41,No
RET01433,ORD020807,CUST00306,PROD0180,2025-11-07,Not as expected,Fashion,2714.96,43.58,72.1,2830.64,No
RET01434,ORD020811,CUST04017,PROD0196,2025-11-09,Better price elsewhere,Home & Kitchen,2079.07,57.02,59.2,2195.29,No
RET01435,ORD020828,CUST03220,PROD0271,2025-10-22,Not as expected,Home & Kitchen,3028.44,32.77,84.45,3145.66,No
RET01436,ORD020829,CUST02696,PROD0213,2025-11-03,Size issue,Fashion,730.76,76.62,16.92,824.3,No
RET01437,ORD020834,CUST00335,PROD0259,2026-09-24,Size issue,Electronics,15946.64,50.11,440.05,16436.8,No
RET01438,ORD020835,CUST04760,PROD0183,2026-09-20,Product damaged,Home & Kitchen,3289.87,39.58,71.57,3401.02,No
RET01439,ORD020848,CUST01588,PROD0246,2026-02-01,Wrong product,Fashion,1417.4,63.94,38.7,1520.04,No
RET01440,ORD020857,CUST03361,PROD0294,2025-12-16,Changed mind,Electronics,2967.59,25.92,86.4,3079.91,No
RET01441,ORD020866,CUST03855,PROD0104,2026-07-12,Late delivery,Home & Kitchen,5504.9,23.82,146.18,5674.9,Yes
RET01442,ORD020886,CUST03760,PROD0287,2026-06-30,Late delivery,Electronics,4102.86,85.94,106.96,4295.76,Yes
RET01443,ORD020907,CUST01258,PROD0500,2026-03-31,Product damaged,Electronics,29366.49,40.86,792.01,30199.36,No
RET01444,ORD020912,CUST01995,PROD0426,2026-04-23,Product damaged,Electronics,5985.93,77.63,152.95,6216.51,Yes
RET01445,ORD020919,CUST03786,PROD0402,2026-05-12,Better price elsewhere,Electronics,10840.8,70.06,294.57,11205.43,Yes
RET01446,ORD020953,CUST02956,PROD0147,2026-04-11,Better price elsewhere,Fashion,2776.91,54.42,59.1,2890.43,No
RET01447,ORD020954,CUST00624,PROD0317,2026-01-24,Quality issue,Electronics,7841.14,69.03,248.69,8158.86,No
RET01448,ORD020957,CUST01769,PROD0341,2026-02-21,Better price elsewhere,Furniture,10987.77,78.3,264.11,11330.18,Yes
RET01449,ORD020967,CUST02959,PROD0012,2026-09-30,Product damaged,Electronics,28468.53,32.05,813.82,29314.4,No
RET01450,ORD020984,CUST00738,PROD0191,2026-02-26,Quality issue,Fashion,1275.47,71.54,31.15,1378.16,No
RET01451,ORD020996,CUST04323,PROD0205,2026-09-10,Changed mind,Grocery,662.16,51.14,18.69,731.99,Yes
RET01452,ORD020998,CUST01500,PROD0313,2025-11-30,Not as expected,Electronics,652.91,33.32,18.92,705.15,Yes
RET01453,ORD021011,CUST03959,PROD0223,2026-03-11,Duplicate order,Electronics,13673.71,65.7,446.42,14185.83,No
RET01454,ORD021044,CUST04772,PROD0122,2026-03-07,Product damaged,Fashion,3789.38,30.59,98.74,3918.71,No
RET01455,ORD021050,CUST01462,PROD0007,2026-09-08,Product damaged,Electronics,17409.58,58.26,481.37,17949.21,No
RET01456,ORD021119,CUST03829,PROD0351,2025-12-06,Wrong product,Electronics,21567.11,82.11,608.64,22257.86,No
RET01457,ORD021132,CUST02272,PROD0077,2025-12-03,Quality issue,Electronics,19827.66,45.98,677.32,20550.96,Yes
RET01458,ORD021137,CUST01750,PROD0279,2026-05-29,Changed mind,Electronics,10963.72,68.11,276.2,11308.03,No
RET01459,ORD021150,CUST02254,PROD0016,2026-02-24,Changed mind,Electronics,43268.86,26.42,1210.97,44506.25,No
RET01460,ORD021165,CUST01078,PROD0070,2026-09-18,Changed mind,Electronics,7573.71,64.54,192.98,7831.23,Yes
RET01461,ORD021167,CUST01525,PROD0164,2025-12-21,Wrong product,Fashion,1868.86,35.45,52.48,1956.79,No
RET01462,ORD021169,CUST03701,PROD0314,2025-11-15,Changed mind,Electronics,16600.33,54.5,437.77,17092.6,No
RET01463,ORD021194,CUST00550,PROD0499,2026-05-28,Late delivery,Personal Care,235.19,79.7,7.14,322.03,No
RET01464,ORD021196,CUST01828,PROD0064,2026-07-13,Wrong product,Electronics,41526.79,51.74,1048.23,42626.76,No
RET01465,ORD021205,CUST03393,PROD0040,2026-02-22,Late delivery,Electronics,12873.15,54.39,428.95,13356.49,No
RET01466,ORD021229,CUST00282,PROD0418,2026-03-07,Changed mind,Fashion,5676.5,50.24,130.26,5857.0,No
RET01467,ORD021231,CUST04842,PROD0426,2026-01-06,Duplicate order,Electronics,5448.69,25.54,152.95,5627.18,No
RET01468,ORD021259,CUST01206,PROD0051,2026-03-26,Product damaged,Fashion,698.3,50.08,18.31,766.69,No
RET01469,ORD021269,CUST01057,PROD0390,2026-08-25,Better price elsewhere,Electronics,25983.84,61.51,688.0,26733.35,No
RET01470,ORD021286,CUST04133,PROD0422,2026-04-16,Duplicate order,Fashion,768.88,37.69,15.98,822.55,Yes
RET01471,ORD021287,CUST04673,PROD0498,2025-11-26,Not as expected,Electronics,9646.56,54.65,237.6,9938.81,No
RET01472,ORD021294,CUST02687,PROD0274,2026-03-03,Quality issue,Electronics,74579.24,22.22,2040.32,76641.78,No
RET01473,ORD021315,CUST02010,PROD0045,2026-03-11,Duplicate order,Grocery,92.4,56.06,2.67,151.13,Yes
RET01474,ORD021366,CUST03154,PROD0057,2026-05-01,Quality issue,Accessories,877.36,87.03,18.38,982.77,No
RET01475,ORD021377,CUST00773,PROD0056,2025-10-25,Product damaged,Fashion,440.41,53.12,8.92,502.45,No
RET01476,ORD021391,CUST04173,PROD0314,2026-09-12,Duplicate order,Electronics,14264.38,20.86,437.77,14723.01,Yes
RET01477,ORD021400,CUST04395,PROD0121,2026-02-18,Wrong product,Fashion,1745.04,21.28,42.75,1809.07,No
RET01478,ORD021451,CUST04367,PROD0297,2025-12-16,Duplicate order,Fashion,911.77,23.14,24.55,959.46,No
RET01479,ORD021453,CUST04133,PROD0469,2026-02-28,Wrong product,Fashion,1515.03,34.5,37.55,1587.08,Yes
RET01480,ORD021473,CUST02973,PROD0255,2025-12-01,Changed mind,Electronics,13666.14,67.09,398.17,14131.4,No
RET01481,ORD021493,CUST01340,PROD0477,2025-11-20,Late delivery,Electronics,31715.05,30.42,832.89,32578.36,No
RET01482,ORD021497,CUST01868,PROD0259,2026-03-07,Product damaged,Electronics,16179.14,81.76,440.05,16700.95,No
RET01483,ORD021514,CUST04626,PROD0366,2026-09-10,Size issue,Accessories,1793.63,64.89,39.31,1897.83,Yes
RET01484,ORD021518,CUST03952,PROD0183,2025-12-20,Duplicate order,Home & Kitchen,5587.08,39.57,143.14,5769.79,No
RET01485,ORD021531,CUST03561,PROD0264,2025-10-25,Not as expected,Fashion,2393.67,87.11,56.72,2537.5,Yes
RET01486,ORD021537,CUST03648,PROD0392,2025-12-01,Better price elsewhere,Home & Kitchen,2507.06,40.45,59.96,2607.47,No
RET01487,ORD021555,CUST00140,PROD0297,2025-10-11,Product damaged,Fashion,889.2,49.78,24.55,963.53,No
RET01488,ORD021567,CUST03887,PROD0385,2026-05-19,Wrong product,Electronics,13273.15,64.66,347.12,13684.93,Yes
RET01489,ORD021572,CUST04631,PROD0429,2026-08-18,Changed mind,Electronics,80355.77,70.93,2264.05,82690.75,Yes
RET01490,ORD021592,CUST01990,PROD0317,2026-06-01,Late delivery,Electronics,18372.79,80.52,497.39,18950.7,No
RET01491,ORD021626,CUST03085,PROD0487,2025-10-24,Product damaged,Fashion,1809.73,41.11,40.41,1891.25,No
RET01492,ORD021629,CUST00348,PROD0402,2026-06-14,Quality issue,Electronics,10656.52,28.08,294.57,10979.17,No
RET01493,ORD021641,CUST03889,PROD0143,2026-06-10,Duplicate order,Beauty,1196.46,74.68,20.69,1291.83,No
RET01494,ORD021647,CUST02799,PROD0066,2025-12-01,Changed mind,Electronics,13988.84,51.02,432.49,14472.35,Yes
RET01495,ORD021657,CUST01380,PROD0419,2025-12-28,Changed mind,Fashion,8127.41,67.81,212.4,8407.62,Yes
RET01496,ORD021675,CUST04968,PROD0362,2026-07-01,Not as expected,Grocery,733.95,66.82,20.55,821.32,Yes
RET01497,ORD021680,CUST03984,PROD0310,2025-11-19,Quality issue,Electronics,6088.0,39.76,166.46,6294.22,No
RET01498,ORD021689,CUST04714,PROD0139,2026-09-28,Not as expected,Home & Kitchen,9244.78,26.98,261.59,9533.35,Yes
RET01499,ORD021701,CUST02691,PROD0155,2026-08-30,Quality issue,Home & Kitchen,223.24,57.85,4.97,286.06,Yes
RET01500,ORD021713,CUST00474,PROD0136,2026-06-10,Changed mind,Electronics,6549.48,40.49,210.99,6800.96,No
RET01501,ORD021718,CUST03701,PROD0314,2025-11-10,Duplicate order,Electronics,14927.34,32.96,437.77,15398.07,No
RET01502,ORD021723,CUST02156,PROD0008,2026-01-18,Wrong product,Electronics,37795.37,67.53,1036.43,38899.33,No
RET01503,ORD021731,CUST03654,PROD0161,2026-06-06,Size issue,Grocery,169.57,61.94,5.7,237.21,Yes
RET01504,ORD021757,CUST00249,PROD0077,2025-11-06,Duplicate order,Electronics,27493.07,72.02,677.32,28242.41,No
RET01505,ORD021761,CUST02592,PROD0467,2026-06-06,Size issue,Fashion,1159.84,72.38,28.33,1260.55,No
RET01506,ORD021780,CUST02069,PROD0008,2025-10-15,Better price elsewhere,Electronics,15817.93,35.55,518.21,16371.69,No
RET01507,ORD021791,CUST02981,PROD0010,2026-06-10,Better price elsewhere,Electronics,30060.42,22.37,882.19,30964.98,No
RET01508,ORD021803,CUST00997,PROD0385,2026-05-09,Better price elsewhere,Electronics,20661.58,68.88,694.24,21424.7,No
RET01509,ORD021805,CUST04518,PROD0390,2026-06-30,Changed mind,Electronics,24091.18,24.95,688.0,24804.13,No
RET01510,ORD021823,CUST00538,PROD0270,2026-07-13,Quality issue,Electronics,42011.85,24.45,1233.39,43269.69,No
RET01511,ORD021834,CUST01143,PROD0265,2026-08-10,Product damaged,Fashion,3140.02,39.47,65.6,3245.09,No
RET01512,ORD021837,CUST01262,PROD0111,2026-04-27,Not as expected,Electronics,1284.56,57.12,38.81,1380.49,No
RET01513,ORD021838,CUST03938,PROD0108,2026-03-13,Size issue,Sports,1827.44,35.94,46.07,1909.45,Yes
RET01514,ORD021839,CUST03190,PROD0027,2026-05-17,Product damaged,Electronics,26481.77,76.98,661.08,27219.83,No
RET01515,ORD021840,CUST01170,PROD0279,2026-07-10,Duplicate order,Electronics,20396.37,64.13,552.4,21012.9,No
RET01516,ORD021843,CUST01801,PROD0126,2026-07-27,Late delivery,Electronics,8036.01,39.74,235.47,8311.22,No
RET01517,ORD021866,CUST02988,PROD0448,2026-01-21,Late delivery,Electronics,12453.55,42.58,380.61,12876.74,No
RET01518,ORD021877,CUST03751,PROD0010,2026-04-28,Not as expected,Electronics,24316.81,52.61,882.19,25251.61,No
RET01519,ORD021885,CUST04328,PROD0484,2025-11-24,Quality issue,Electronics,23845.25,66.46,686.73,24598.44,No
RET01520,ORD021914,CUST04757,PROD0467,2026-02-02,Wrong product,Fashion,1094.78,32.24,28.33,1155.35,No
RET01521,ORD021922,CUST00032,PROD0077,2025-11-21,Quality issue,Electronics,24774.32,70.95,677.32,25522.59,No
RET01522,ORD021933,CUST02545,PROD0480,2026-08-12,Changed mind,Fashion,1706.17,49.45,45.03,1800.65,No
RET01523,ORD021943,CUST03446,PROD0044,2026-06-19,Late delivery,Electronics,24068.31,44.38,839.52,24952.21,Yes
RET01524,ORD021945,CUST01432,PROD0451,2026-04-28,Late delivery,Electronics,30421.95,32.29,876.25,31330.49,No
RET01525,ORD021946,CUST03425,PROD0077,2026-04-25,Late delivery,Electronics,24002.78,51.53,677.32,24731.63,No
RET01526,ORD021948,CUST00369,PROD0011,2026-07-01,Late delivery,Personal Care,1303.43,33.71,35.69,1372.83,No
RET01527,ORD021970,CUST02509,PROD0091,2025-10-28,Changed mind,Fashion,1678.2,28.56,41.65,1748.41,No
RET01528,ORD021995,CUST04383,PROD0028,2026-08-21,Late delivery,Electronics,1228.29,40.6,44.31,1313.2,Yes
RET01529,ORD022040,CUST00197,PROD0342,2026-05-18,Changed mind,Beauty,943.57,48.39,17.32,1009.28,No
RET01530,ORD022056,CUST00222,PROD0313,2026-06-05,Size issue,Electronics,605.19,49.44,18.92,673.55,Yes
RET01531,ORD022073,CUST03994,PROD0251,2026-07-26,Late delivery,Electronics,49750.58,30.55,1393.67,51174.8,Yes
RET01532,ORD022078,CUST03300,PROD0469,2026-03-24,Changed mind,Fashion,3235.22,33.88,75.1,3344.2,Yes
RET01533,ORD022089,CUST01743,PROD0369,2026-06-20,Duplicate order,Electronics,18303.96,32.61,495.45,18832.02,No
RET01534,ORD022103,CUST02472,PROD0077,2026-09-04,Not as expected,Electronics,23386.95,43.23,677.32,24107.5,No
RET01535,ORD022113,CUST02601,PROD0163,2025-11-10,Duplicate order,Electronics,22121.63,54.43,638.91,22814.97,No
RET01536,ORD022119,CUST00312,PROD0369,2025-11-19,Quality issue,Electronics,17560.15,85.76,495.45,18141.36,Yes
RET01537,ORD022126,CUST02444,PROD0251,2026-05-03,Wrong product,Electronics,15241.48,53.91,464.56,15759.95,No
RET01538,ORD022128,CUST00829,PROD0071,2025-10-17,Duplicate order,Fashion,2408.85,86.32,52.83,2548.0,No
RET01539,ORD022155,CUST02200,PROD0051,2026-04-04,Duplicate order,Fashion,1227.35,25.1,36.62,1289.07,No
RET01540,ORD022194,CUST02124,PROD0077,2026-06-13,Wrong product,Electronics,26401.54,74.8,677.32,27153.66,No
RET01541,ORD022200,CUST01137,PROD0385,2026-08-21,Duplicate order,Electronics,36104.36,66.06,1041.36,37211.78,No
RET01542,ORD022218,CUST01550,PROD0323,2026-07-04,Late delivery,Fashion,869.16,47.71,19.83,936.7,Yes
RET01543,ORD022220,CUST00377,PROD0426,2026-03-14,Wrong product,Electronics,5548.56,63.82,152.95,5765.33,Yes
RET01544,ORD022223,CUST03321,PROD0387,2025-10-29,Changed mind,Electronics,14645.89,80.7,403.71,15130.3,No
RET01545,ORD022229,CUST03865,PROD0051,2026-02-08,Size issue,Fashion,1359.65,66.66,36.62,1462.93,No
RET01546,ORD022245,CUST02254,PROD0221,2025-10-06,Product damaged,Electronics,951.96,24.66,26.55,1003.17,No
RET01547,ORD022253,CUST03971,PROD0082,2025-12-15,Better price elsewhere,Electronics,5790.6,52.9,180.25,6023.75,No
RET01548,ORD022273,CUST00388,PROD0123,2026-08-13,Duplicate order,Sports,1396.3,80.98,37.53,1514.81,Yes
RET01549,ORD022279,CUST02383,PROD0405,2025-12-15,Late delivery,Fashion,434.78,68.02,13.31,516.11,Yes
RET01550,ORD022297,CUST02313,PROD0010,2026-03-27,Better price elsewhere,Electronics,26871.25,64.73,882.19,27818.17,No
RET01551,ORD022326,CUST01727,PROD0434,2026-02-21,Size issue,Fashion,1258.34,62.18,29.41,1349.93,Yes
RET01552,ORD022343,CUST01874,PROD0017,2026-04-13,Quality issue,Fashion,3105.21,46.8,73.66,3225.67,No
RET01553,ORD022348,CUST01988,PROD0470,2026-04-10,Changed mind,Electronics,7476.19,21.83,217.47,7715.49,Yes
RET01554,ORD022356,CUST02431,PROD0448,2026-02-09,Size issue,Electronics,30192.56,58.89,761.22,31012.67,No
RET01555,ORD022382,CUST02998,PROD0271,2026-09-07,Not as expected,Home & Kitchen,7166.5,81.47,168.91,7416.88,No
RET01556,ORD022401,CUST01312,PROD0469,2025-12-08,Wrong product,Fashion,3121.12,69.54,75.1,3265.76,Yes
RET01557,ORD022410,CUST00858,PROD0323,2025-11-20,Size issue,Fashion,384.02,82.79,9.92,476.73,No
RET01558,ORD022411,CUST03594,PROD0083,2026-02-15,Changed mind,Electronics,19143.51,26.06,694.14,19863.71,No
RET01559,ORD022415,CUST01394,PROD0097,2026-01-28,Better price elsewhere,Sports,3870.03,67.49,94.58,4032.1,Yes
RET01560,ORD022433,CUST00558,PROD0482,2026-01-23,Not as expected,Electronics,23246.63,47.0,653.08,23946.71,No
RET01561,ORD022437,CUST04905,PROD0187,2025-11-07,Quality issue,Electronics,27795.36,75.46,852.61,28723.43,No
RET01562,ORD022457,CUST01664,PROD0395,2026-04-17,Better price elsewhere,Electronics,8085.39,58.58,282.06,8426.03,No
RET01563,ORD022487,CUST00864,PROD0255,2025-12-05,Quality issue,Electronics,29161.55,58.43,796.33,30016.31,Yes
RET01564,ORD022489,CUST02311,PROD0317,2026-05-06,Late delivery,Electronics,8639.21,86.49,248.69,8974.39,No
RET01565,ORD022495,CUST00588,PROD0131,2026-07-07,Duplicate order,Electronics,10431.68,62.0,278.54,10772.22,Yes
RET01566,ORD022504,CUST04232,PROD0225,2025-11-11,Not as expected,Fashion,1915.43,40.79,45.96,2002.18,No
RET01567,ORD022526,CUST02534,PROD0158,2025-11-17,Changed mind,Fashion,656.23,51.84,15.17,723.24,Yes
RET01568,ORD022528,CUST04606,PROD0156,2025-11-15,Late delivery,Electronics,88752.97,38.71,2392.83,91184.51,No
RET01569,ORD022542,CUST03952,PROD0279,2026-01-19,Better price elsewhere,Electronics,10812.4,24.11,276.2,11112.71,Yes
RET01570,ORD022549,CUST00058,PROD0191,2026-05-20,Changed mind,Fashion,2084.82,21.26,62.3,2168.38,Yes
RET01571,ORD022563,CUST03570,PROD0251,2026-09-05,Late delivery,Electronics,15934.64,36.77,464.56,16435.97,No
RET01572,ORD022564,CUST00630,PROD0417,2026-06-19,Size issue,Home & Kitchen,5363.26,68.89,131.89,5564.04,No
RET01573,ORD022634,CUST01996,PROD0064,2026-05-01,Duplicate order,Electronics,21161.28,81.77,524.12,21767.17,No
RET01574,ORD022647,CUST04289,PROD0377,2026-06-13,Better price elsewhere,Fashion,2362.29,62.26,54.7,2479.25,No
RET01575,ORD022674,CUST00028,PROD0099,2025-11-15,Not as expected,Personal Care,3023.55,66.95,67.99,3158.49,Yes
RET01576,ORD022717,CUST00255,PROD0395,2025-11-16,Product damaged,Electronics,7560.37,54.74,282.06,7897.17,Yes
RET01577,ORD022726,CUST01774,PROD0111,2025-11-17,Changed mind,Electronics,1413.16,43.34,38.81,1495.31,No
RET01578,ORD022729,CUST01432,PROD0028,2026-02-08,Duplicate order,Electronics,1568.53,34.71,44.31,1647.55,No
RET01579,ORD022735,CUST03536,PROD0307,2026-01-27,Not as expected,Beauty,962.28,45.1,18.09,1025.47,Yes
RET01580,ORD022743,CUST01766,PROD0467,2026-08-05,Better price elsewhere,Fashion,2708.94,74.98,56.67,2840.59,Yes
RET01581,ORD022764,CUST02512,PROD0040,2026-07-16,Changed mind,Electronics,41572.86,21.83,1286.84,42881.53,No
RET01582,ORD022769,CUST01219,PROD0290,2026-01-26,Quality issue,Beauty,2761.64,29.37,45.98,2836.99,Yes
RET01583,ORD022780,CUST01867,PROD0333,2026-04-30,Product damaged,Electronics,12760.68,43.01,360.02,13163.71,No
RET01584,ORD022784,CUST00279,PROD0304,2026-06-28,Size issue,Electronics,20968.26,77.08,604.55,21649.89,No
RET01585,ORD022785,CUST03532,PROD0185,2025-10-20,Late delivery,Electronics,16762.04,60.46,511.29,17333.79,Yes
RET01586,ORD022799,CUST01035,PROD0166,2026-01-10,Late delivery,Accessories,3892.04,50.4,80.77,4023.21,No
RET01587,ORD022819,CUST04289,PROD0175,2026-05-09,Product damaged,Electronics,34579.57,38.78,920.46,35538.81,No
RET01588,ORD022821,CUST01709,PROD0056,2026-06-20,Size issue,Fashion,411.9,77.92,8.92,498.74,Yes
RET01589,ORD022840,CUST01859,PROD0500,2025-12-17,Better price elsewhere,Electronics,45862.91,78.63,1584.02,47525.56,Yes
RET01590,ORD022848,CUST00806,PROD0500,2026-06-24,Duplicate order,Electronics,25180.03,46.08,792.01,26018.12,Yes
RET01591,ORD022865,CUST04992,PROD0140,2026-05-12,Quality issue,Home & Kitchen,13172.06,70.13,296.66,13538.85,No
RET01592,ORD022900,CUST03679,PROD0107,2026-03-13,Quality issue,Sports,1989.12,86.25,42.73,2118.1,Yes
RET01593,ORD022910,CUST00262,PROD0429,2025-10-17,Duplicate order,Electronics,21434.45,23.86,754.68,22212.99,No
RET01594,ORD022917,CUST01295,PROD0496,2026-04-30,Quality issue,Home & Kitchen,2713.03,26.8,69.81,2809.64,No
RET01595,ORD022953,CUST02456,PROD0265,2025-12-14,Product damaged,Fashion,3025.21,22.99,65.6,3113.8,No
RET01596,ORD023015,CUST00575,PROD0186,2026-07-24,Size issue,Fashion,2973.47,20.49,77.39,3071.35,No
RET01597,ORD023025,CUST00487,PROD0484,2026-04-05,Better price elsewhere,Electronics,24042.1,63.47,686.73,24792.3,No
RET01598,ORD023027,CUST02631,PROD0223,2026-03-07,Changed mind,Electronics,13822.27,52.82,446.42,14321.51,No
RET01599,ORD023038,CUST01201,PROD0083,2026-04-03,Not as expected,Electronics,50362.79,43.82,1388.28,51794.89,Yes
RET01600,ORD023043,CUST04024,PROD0468,2025-12-18,Not as expected,Sports,616.48,41.5,13.22,671.2,No
RET01601,ORD023046,CUST04717,PROD0104,2025-12-09,Duplicate order,Home & Kitchen,5630.94,65.53,146.18,5842.65,Yes
RET01602,ORD023047,CUST01359,PROD0352,2026-03-25,Wrong product,Electronics,7631.99,38.46,220.37,7890.82,No
RET01603,ORD023053,CUST00781,PROD0447,2025-11-24,Quality issue,Grocery,131.32,34.47,4.12,169.91,Yes
RET01604,ORD023058,CUST01259,PROD0221,2026-05-18,Size issue,Electronics,803.14,20.82,26.55,850.51,No
RET01605,ORD023067,CUST04877,PROD0294,2026-02-05,Late delivery,Electronics,3483.06,38.86,86.4,3608.32,Yes
RET01606,ORD023072,CUST02321,PROD0450,2026-02-26,Not as expected,Sports,2161.55,57.52,59.24,2278.31,No
RET01607,ORD023106,CUST00891,PROD0398,2026-09-12,Size issue,Electronics,54515.46,48.37,1454.22,56018.05,No
RET01608,ORD023121,CUST02545,PROD0024,2026-02-17,Duplicate order,Accessories,3305.47,56.92,66.63,3429.02,No
RET01609,ORD023146,CUST00428,PROD0348,2026-09-22,Quality issue,Sports,3910.43,40.71,92.56,4043.7,Yes
RET01610,ORD023151,CUST04073,PROD0185,2025-12-07,Better price elsewhere,Electronics,15485.05,31.24,511.29,16027.58,No
RET01611,ORD023156,CUST04685,PROD0075,2026-08-27,Duplicate order,Fashion,1579.33,36.94,45.99,1662.26,No
RET01612,ORD023163,CUST03558,PROD0187,2026-09-04,Wrong product,Electronics,28257.27,57.5,852.61,29167.38,No
RET01613,ORD023169,CUST04892,PROD0030,2025-10-14,Quality issue,Furniture,13718.46,37.79,381.79,14138.04,No
RET01614,ORD023173,CUST03868,PROD0190,2026-02-26,Not as expected,Electronics,22780.02,80.98,758.07,23619.07,No
RET01615,ORD023177,CUST01770,PROD0226,2026-05-23,Changed mind,Beauty,417.63,42.9,7.24,467.77,Yes
RET01616,ORD023181,CUST00035,PROD0051,2026-03-12,Wrong product,Fashion,788.36,70.32,18.31,876.99,No
RET01617,ORD023238,CUST04959,PROD0249,2026-08-23,Quality issue,Fashion,1460.41,21.39,39.27,1521.07,No
RET01618,ORD023243,CUST01080,PROD0426,2025-10-09,Changed mind,Electronics,5540.11,81.26,152.95,5774.32,No
RET01619,ORD023246,CUST00672,PROD0332,2026-05-12,Duplicate order,Beauty,484.97,48.21,8.19,541.37,No
RET01620,ORD023257,CUST01991,PROD0351,2026-05-29,Wrong product,Electronics,23615.27,33.53,608.64,24257.44,No
RET01621,ORD023258,CUST00092,PROD0402,2025-11-15,Size issue,Electronics,11007.53,71.01,294.57,11373.11,Yes
RET01622,ORD023267,CUST03003,PROD0129,2026-09-17,Wrong product,Electronics,58255.3,53.2,1564.5,59873.0,No
RET01623,ORD023290,CUST03539,PROD0418,2026-08-17,Quality issue,Fashion,3201.48,69.1,65.13,3335.71,Yes
RET01624,ORD023296,CUST00462,PROD0035,2026-05-17,Changed mind,Electronics,20748.59,82.59,561.78,21392.96,No
RET01625,ORD023319,CUST00577,PROD0116,2026-09-01,Late delivery,Sports,3320.82,51.74,89.55,3462.11,No
RET01626,ORD023326,CUST00364,PROD0374,2026-01-03,Product damaged,Sports,844.49,84.14,21.83,950.46,Yes
RET01627,ORD023364,CUST04027,PROD0100,2026-05-12,Late delivery,Electronics,16347.46,26.77,498.26,16872.49,No
RET01628,ORD023372,CUST01952,PROD0142,2025-11-07,Late delivery,Fashion,1197.82,46.6,30.59,1275.01,No
RET01629,ORD023386,CUST03444,PROD0386,2026-05-20,Product damaged,Personal Care,1072.15,47.11,24.51,1143.77,No
RET01630,ORD023395,CUST02131,PROD0236,2026-03-14,Late delivery,Fashion,1724.49,60.22,39.61,1824.32,Yes
RET01631,ORD023435,CUST01404,PROD0319,2026-02-26,Changed mind,Electronics,27571.11,87.32,844.19,28502.62,No
RET01632,ORD023455,CUST03931,PROD0044,2026-04-07,Wrong product,Electronics,30635.26,29.56,839.52,31504.34,Yes
RET01633,ORD023464,CUST02961,PROD0409,2025-11-21,Quality issue,Electronics,14857.01,38.3,504.82,15400.13,No
RET01634,ORD023465,CUST00575,PROD0422,2026-08-29,Duplicate order,Fashion,730.87,46.5,15.98,793.35,Yes
RET01635,ORD023492,CUST01806,PROD0041,2026-05-21,Better price elsewhere,Fashion,2073.77,66.84,57.21,2197.82,No
RET01636,ORD023497,CUST04616,PROD0339,2026-05-22,Quality issue,Electronics,1193.75,72.96,32.0,1298.71,No
RET01637,ORD023500,CUST03851,PROD0174,2026-01-19,Duplicate order,Furniture,15370.37,58.74,470.88,15899.99,No
RET01638,ORD023502,CUST03955,PROD0070,2025-11-15,Not as expected,Electronics,7270.37,65.27,192.98,7528.62,No
RET01639,ORD023517,CUST04045,PROD0338,2026-02-20,Duplicate order,Electronics,16876.75,25.02,525.54,17427.31,Yes
RET01640,ORD023524,CUST02778,PROD0487,2026-02-13,Wrong product,Fashion,2045.64,44.95,40.41,2131.0,Yes
RET01641,ORD023543,CUST04554,PROD0163,2026-08-19,Changed mind,Electronics,12760.64,79.94,319.46,13160.04,No
RET01642,ORD023566,CUST04838,PROD0374,2025-12-25,Product damaged,Sports,835.11,52.11,21.83,909.05,Yes
RET01643,ORD023580,CUST00034,PROD0056,2026-02-01,Duplicate order,Fashion,360.34,31.61,8.92,400.87,No
RET01644,ORD023585,CUST00757,PROD0431,2025-12-23,Wrong product,Electronics,31335.93,86.39,821.94,32244.26,No
RET01645,ORD023601,CUST03756,PROD0393,2026-04-06,Size issue,Fashion,2574.41,74.82,65.16,2714.39,Yes
RET01646,ORD023610,CUST03313,PROD0377,2025-10-11,Late delivery,Fashion,1184.19,51.38,27.35,1262.92,Yes
RET01647,ORD023613,CUST01030,PROD0082,2026-04-10,Duplicate order,Electronics,2799.1,50.07,90.12,2939.29,Yes
RET01648,ORD023635,CUST04083,PROD0121,2026-10-02,Duplicate order,Fashion,1995.58,22.52,42.75,2060.85,No
RET01649,ORD023644,CUST01328,PROD0158,2026-03-06,Duplicate order,Fashion,699.31,70.05,15.17,784.53,No
RET01650,ORD023673,CUST03219,PROD0082,2026-08-28,Not as expected,Electronics,3407.83,28.62,90.12,3526.57,No
RET01651,ORD023678,CUST01751,PROD0405,2026-04-27,Product damaged,Fashion,564.47,87.83,13.31,665.61,No
RET01652,ORD023679,CUST04763,PROD0249,2026-04-13,Product damaged,Fashion,5825.66,66.1,117.81,6009.57,No
RET01653,ORD023687,CUST01986,PROD0376,2025-12-05,Wrong product,Electronics,76747.74,41.75,2129.27,78918.76,No
RET01654,ORD023698,CUST01670,PROD0250,2025-12-29,Product damaged,Fashion,3989.25,21.27,89.85,4100.37,No
RET01655,ORD023701,CUST03311,PROD0077,2026-09-21,Wrong product,Electronics,22690.82,82.63,677.32,23450.77,No
RET01656,ORD023729,CUST02227,PROD0470,2026-01-09,Not as expected,Electronics,3431.65,87.56,108.73,3627.94,Yes
RET01657,ORD023739,CUST00800,PROD0336,2026-08-16,Late delivery,Grocery,612.03,29.91,19.28,661.22,Yes
RET01658,ORD023748,CUST04121,PROD0066,2026-02-03,Size issue,Electronics,23112.93,20.57,648.73,23782.23,No
RET01659,ORD023752,CUST00808,PROD0246,2026-07-08,Wrong product,Fashion,1341.22,45.55,38.7,1425.47,No
RET01660,ORD023767,CUST02776,PROD0436,2026-04-04,Quality issue,Grocery,516.14,78.16,16.89,611.19,Yes
RET01661,ORD023769,CUST02361,PROD0074,2026-03-08,Not as expected,Electronics,11889.38,40.71,337.95,12268.04,No
RET01662,ORD023773,CUST03220,PROD0111,2026-05-14,Not as expected,Electronics,1513.62,52.82,38.81,1605.25,No
RET01663,ORD023777,CUST01238,PROD0323,2026-09-07,Better price elsewhere,Fashion,423.48,49.45,9.92,482.85,No
RET01664,ORD023779,CUST01367,PROD0108,2026-01-06,Better price elsewhere,Sports,1760.03,31.44,46.07,1837.54,No
RET01665,ORD023786,CUST03215,PROD0500,2026-02-06,Late delivery,Electronics,30821.44,76.45,792.01,31689.9,No
RET01666,ORD023788,CUST00833,PROD0321,2026-05-27,Better price elsewhere,Electronics,9902.53,43.58,279.92,10226.03,No
RET01667,ORD023797,CUST02436,PROD0144,2026-09-15,Not as expected,Electronics,45754.58,71.02,1722.7,47548.3,Yes
RET01668,ORD023814,CUST04751,PROD0320,2026-01-17,Late delivery,Grocery,416.45,43.66,10.96,471.07,No
RET01669,ORD023835,CUST01735,PROD0488,2025-12-11,Changed mind,Home & Kitchen,1083.06,62.11,27.6,1172.77,No
RET01670,ORD023840,CUST04342,PROD0077,2026-03-29,Not as expected,Electronics,26066.59,78.54,677.32,26822.45,No
RET01671,ORD023848,CUST02655,PROD0334,2026-08-23,Wrong product,Beauty,291.45,44.7,5.75,341.9,No
RET01672,ORD023853,CUST00980,PROD0189,2025-12-20,Product damaged,Electronics,11026.34,47.7,305.01,11379.05,No
RET01673,ORD023856,CUST02184,PROD0394,2026-09-20,Size issue,Fashion,2578.51,77.49,53.36,2709.36,No
RET01674,ORD023861,CUST00499,PROD0136,2026-09-16,Wrong product,Electronics,7502.86,85.68,210.99,7799.53,No
RET01675,ORD023863,CUST01803,PROD0259,2026-06-30,Duplicate order,Electronics,14335.23,36.5,440.05,14811.78,No
RET01676,ORD023864,CUST00751,PROD0376,2026-06-06,Size issue,Electronics,27190.97,58.86,709.76,27959.59,No
RET01677,ORD023887,CUST01282,PROD0007,2026-02-05,Changed mind,Electronics,18792.67,71.11,481.37,19345.15,No
RET01678,ORD023913,CUST04736,PROD0223,2026-04-24,Late delivery,Electronics,14549.29,61.15,446.42,15056.86,No
RET01679,ORD023938,CUST00284,PROD0008,2026-02-28,Size issue,Electronics,13899.17,36.49,518.21,14453.87,Yes
RET01680,ORD023940,CUST04832,PROD0066,2026-02-04,Not as expected,Electronics,7048.46,68.66,216.24,7333.36,Yes
RET01681,ORD023942,CUST03822,PROD0027,2026-05-10,Not as expected,Electronics,21573.6,79.25,661.08,22313.93,No
RET01682,ORD023952,CUST00195,PROD0274,2025-10-23,Not as expected,Electronics,26473.0,87.72,680.11,27240.83,No
RET01683,ORD023957,CUST03202,PROD0351,2026-09-19,Changed mind,Electronics,21413.07,53.3,608.64,22075.01,No
RET01684,ORD023978,CUST01249,PROD0340,2026-02-25,Product damaged,Electronics,5765.71,54.69,171.55,5991.95,No
RET01685,ORD023983,CUST04793,PROD0258,2026-02-07,Quality issue,Electronics,30679.93,21.46,776.11,31477.5,Yes
RET01686,ORD024004,CUST02045,PROD0144,2026-01-03,Changed mind,Electronics,33877.92,29.88,861.35,34769.15,Yes
RET01687,ORD024029,CUST00139,PROD0250,2026-04-10,Product damaged,Fashion,2100.12,77.82,44.93,2222.87,Yes
RET01688,ORD024036,CUST04749,PROD0201,2026-05-28,Changed mind,Beauty,734.52,32.76,14.83,782.11,Yes
RET01689,ORD024043,CUST01522,PROD0041,2026-02-04,Wrong product,Fashion,2411.15,35.71,57.21,2504.07,No
RET01690,ORD024068,CUST01559,PROD0314,2025-11-24,Not as expected,Electronics,34488.98,43.27,875.54,35407.79,Yes
RET01691,ORD024078,CUST00421,PROD0431,2026-08-13,Wrong product,Electronics,15627.06,38.21,410.97,16076.24,No
RET01692,ORD024096,CUST04175,PROD0064,2026-06-12,Duplicate order,Electronics,40223.3,46.36,1048.23,41317.89,No
RET01693,ORD024099,CUST02427,PROD0284,2025-10-23,Size issue,Home & Kitchen,1566.04,79.08,47.78,1692.9,No
RET01694,ORD024104,CUST02649,PROD0077,2026-07-14,Changed mind,Electronics,22533.08,69.33,677.32,23279.73,No
RET01695,ORD024119,CUST03809,PROD0362,2026-02-20,Size issue,Grocery,664.51,52.49,20.55,737.55,No
RET01696,ORD024123,CUST02343,PROD0294,2026-04-17,Product damaged,Electronics,3274.51,27.42,86.4,3388.33,No
RET01697,ORD024134,CUST00321,PROD0135,2025-12-07,Wrong product,Beauty,1439.86,82.54,34.27,1556.67,No
RET01698,ORD024136,CUST04210,PROD0424,2026-07-27,Quality issue,Electronics,1677.57,55.18,52.25,1785.0,No
RET01699,ORD024157,CUST02291,PROD0340,2026-02-11,Changed mind,Electronics,1751.04,65.54,57.18,1873.76,No
RET01700,ORD024161,CUST01648,PROD0290,2026-09-12,Late delivery,Beauty,2293.83,38.85,45.98,2378.66,No
RET01701,ORD024163,CUST02814,PROD0077,2026-05-09,Wrong product,Electronics,22953.14,27.9,677.32,23658.36,No
RET01702,ORD024166,CUST02743,PROD0098,2026-06-07,Not as expected,Beauty,2258.69,65.95,46.97,2371.61,No
RET01703,ORD024173,CUST02873,PROD0071,2025-11-02,Duplicate order,Fashion,699.74,38.15,17.61,755.5,Yes
RET01704,ORD024193,CUST04908,PROD0444,2026-08-11,Duplicate order,Electronics,29532.36,27.92,834.51,30394.79,Yes
RET01705,ORD024197,CUST04884,PROD0343,2025-10-26,Not as expected,Grocery,98.93,32.34,2.86,134.13,No
RET01706,ORD024213,CUST04580,PROD0390,2026-03-16,Quality issue,Electronics,24476.46,25.38,688.0,25189.84,No
RET01707,ORD024235,CUST04765,PROD0340,2026-04-10,Not as expected,Electronics,2060.5,54.07,57.18,2171.75,No
RET01708,ORD024243,CUST03289,PROD0188,2026-07-18,Not as expected,Electronics,1235.25,72.5,37.8,1345.55,No
RET01709,ORD024279,CUST04483,PROD0494,2026-04-14,Better price elsewhere,Electronics,3502.81,53.02,108.42,3664.25,No
RET01710,ORD024284,CUST01062,PROD0420,2026-06-16,Size issue,Fashion,2571.03,41.46,72.27,2684.76,No
RET01711,ORD024308,CUST02306,PROD0114,2025-11-15,Late delivery,Accessories,214.71,26.6,5.35,246.66,Yes
RET01712,ORD024310,CUST04164,PROD0269,2026-06-11,Size issue,Sports,4067.95,61.94,111.51,4241.4,No
RET01713,ORD024325,CUST03444,PROD0258,2026-04-11,Better price elsewhere,Electronics,28763.69,52.81,776.11,29592.61,No
RET01714,ORD024331,CUST00060,PROD0027,2026-04-12,Size issue,Electronics,26407.28,45.02,661.08,27113.38,No
RET01715,ORD024334,CUST01272,PROD0003,2025-12-15,Quality issue,Home & Kitchen,17379.78,49.04,401.16,17829.98,No
RET01716,ORD024339,CUST03503,PROD0444,2026-03-30,Better price elsewhere,Electronics,15245.86,72.34,417.25,15735.45,No
RET01717,ORD024355,CUST04356,PROD0119,2026-05-29,Quality issue,Accessories,836.21,46.18,19.04,901.43,No
RET01718,ORD024367,CUST04822,PROD0034,2025-10-19,Not as expected,Fashion,2496.65,69.38,68.33,2634.36,No
RET01719,ORD024411,CUST04714,PROD0203,2026-07-19,Not as expected,Fashion,264.96,84.4,6.21,355.57,No
RET01720,ORD024419,CUST01540,PROD0249,2026-06-14,Not as expected,Fashion,3332.36,39.18,78.54,3450.08,No
RET01721,ORD024426,CUST04423,PROD0095,2025-11-30,Duplicate order,Electronics,22442.22,41.04,592.33,23075.59,No
RET01722,ORD024434,CUST04795,PROD0390,2026-02-01,Late delivery,Electronics,24472.81,58.34,688.0,25219.15,No
RET01723,ORD024457,CUST03965,PROD0223,2026-05-22,Product damaged,Electronics,15326.16,69.53,446.42,15842.11,No
RET01724,ORD024496,CUST02439,PROD0165,2026-01-27,Late delivery,Sports,598.88,54.81,14.55,668.24,No
RET01725,ORD024501,CUST00870,PROD0333,2026-03-19,Changed mind,Electronics,13925.47,27.45,360.02,14312.94,Yes
RET01726,ORD024515,CUST03379,PROD0319,2026-08-13,Size issue,Electronics,16617.7,39.49,422.1,17079.29,No
RET01727,ORD024516,CUST02313,PROD0138,2026-02-06,Changed mind,Fashion,1114.94,61.17,24.45,1200.56,No
RET01728,ORD024518,CUST04169,PROD0238,2025-12-24,Changed mind,Electronics,33582.62,73.99,851.78,34508.39,No
RET01729,ORD024521,CUST00909,PROD0021,2025-12-26,Late delivery,Fashion,631.99,57.18,13.4,702.57,No
RET01730,ORD024522,CUST04932,PROD0274,2026-09-16,Wrong product,Electronics,23161.43,64.54,680.11,23906.08,No
RET01731,ORD024550,CUST02397,PROD0141,2025-12-27,Product damaged,Electronics,19822.93,60.17,561.6,20444.7,No
RET01732,ORD024558,CUST00009,PROD0376,2026-08-17,Product damaged,Electronics,79705.69,62.7,2129.27,81897.66,No
RET01733,ORD024568,CUST02332,PROD0484,2026-07-26,Better price elsewhere,Electronics,26051.79,20.53,686.73,26759.05,Yes
RET01734,ORD024569,CUST03387,PROD0238,2026-09-03,Late delivery,Electronics,16840.76,57.22,425.89,17323.87,Yes
RET01735,ORD024578,CUST03759,PROD0092,2026-04-23,Quality issue,Electronics,16516.71,86.93,497.18,17100.82,Yes
RET01736,ORD024586,CUST03817,PROD0477,2026-03-13,Not as expected,Electronics,32153.79,42.4,832.89,33029.08,No
RET01737,ORD024606,CUST00406,PROD0125,2026-06-29,Size issue,Accessories,2423.54,40.73,51.52,2515.79,No
RET01738,ORD024624,CUST03656,PROD0122,2026-08-08,Changed mind,Fashion,4062.68,76.02,98.74,4237.44,No
RET01739,ORD024648,CUST03949,PROD0470,2025-10-19,Wrong product,Electronics,4065.1,54.7,108.73,4228.53,Yes
RET01740,ORD024669,CUST04521,PROD0072,2026-03-27,Not as expected,Fashion,1766.17,43.74,38.68,1848.59,Yes
RET01741,ORD024688,CUST02615,PROD0072,2025-11-15,Product damaged,Fashion,1753.66,57.53,38.68,1849.87,Yes
RET01742,ORD024708,CUST02779,PROD0185,2026-07-14,Quality issue,Electronics,18919.32,64.38,511.29,19494.99,No
RET01743,ORD024709,CUST04935,PROD0063,2025-11-14,Quality issue,Home & Kitchen,6877.38,59.09,166.11,7102.58,No
RET01744,ORD024744,CUST04635,PROD0021,2025-12-29,Late delivery,Fashion,279.39,47.58,6.7,333.67,No
RET01745,ORD024759,CUST03174,PROD0201,2026-06-27,Better price elsewhere,Beauty,741.25,35.01,14.83,791.09,No
RET01746,ORD024765,CUST02129,PROD0223,2026-08-29,Product damaged,Electronics,14893.38,68.32,446.42,15408.12,No
RET01747,ORD024785,CUST03254,PROD0298,2026-01-10,Quality issue,Beauty,2829.79,45.15,55.27,2930.21,No
RET01748,ORD024788,CUST03379,PROD0066,2026-03-09,Not as expected,Electronics,5995.96,57.14,216.24,6269.34,Yes
RET01749,ORD024790,CUST04130,PROD0460,2026-02-10,Better price elsewhere,Grocery,19.37,21.4,0.69,41.46,No
RET01750,ORD024803,CUST02544,PROD0153,2026-07-22,Changed mind,Fashion,2556.21,59.1,59.39,2674.7,No
RET01751,ORD024824,CUST00843,PROD0007,2026-04-22,Changed mind,Electronics,14226.15,62.86,481.37,14770.38,No
RET01752,ORD024831,CUST02919,PROD0126,2026-02-24,Changed mind,Electronics,7999.53,39.66,235.47,8274.66,Yes
RET01753,ORD024842,CUST04364,PROD0490,2025-12-05,Late delivery,Grocery,101.63,20.37,2.87,124.87,Yes
RET01754,ORD024850,CUST04435,PROD0071,2026-08-29,Duplicate order,Fashion,790.88,41.44,17.61,849.93,Yes
RET01755,ORD024875,CUST04748,PROD0395,2026-08-07,Late delivery,Electronics,10157.64,35.41,282.06,10475.11,No
RET01756,ORD024948,CUST04142,PROD0027,2026-08-03,Quality issue,Electronics,23933.72,76.7,661.08,24671.5,No
RET01757,ORD024953,CUST02875,PROD0410,2026-07-19,Changed mind,Fashion,2658.85,61.52,74.96,2795.33,No
RET01758,ORD024981,CUST02788,PROD0469,2026-08-21,Size issue,Fashion,1557.22,82.8,37.55,1677.57,No
RET01759,ORD024987,CUST00155,PROD0092,2025-12-20,Changed mind,Electronics,19070.68,75.73,497.18,19643.59,No
RET01760,ORD024994,CUST01802,PROD0339,2026-02-05,Duplicate order,Electronics,1108.04,38.78,32.0,1178.82,No
RET01761,ORD024998,CUST04892,PROD0027,2026-02-18,Changed mind,Electronics,25573.88,31.31,661.08,26266.27,Yes
RET01762,ORD025011,CUST00900,PROD0140,2026-07-03,Not as expected,Home & Kitchen,6233.24,72.7,148.33,6454.27,No
RET01763,ORD025014,CUST01732,PROD0469,2026-08-07,Quality issue,Fashion,1733.08,72.77,37.55,1843.4,No
RET01764,ORD025016,CUST01067,PROD0355,2026-03-10,Wrong product,Home & Kitchen,4921.47,73.02,118.48,5112.97,No
RET01765,ORD025020,CUST04971,PROD0230,2025-11-13,Product damaged,Electronics,29999.57,40.12,837.34,30877.03,No
RET01766,ORD025028,CUST03498,PROD0040,2025-11-10,Duplicate order,Electronics,11828.56,46.43,428.95,12303.94,Yes
RET01767,ORD025029,CUST00284,PROD0108,2026-02-26,Not as expected,Sports,1565.57,51.66,46.07,1663.3,No
RET01768,ORD025050,CUST00777,PROD0222,2026-05-19,Size issue,Fashion,416.26,83.29,11.46,511.01,No
RET01769,ORD025058,CUST04626,PROD0402,2026-05-18,Wrong product,Electronics,8257.63,32.28,294.57,8584.48,Yes
RET01770,ORD025067,CUST01091,PROD0321,2026-08-17,Wrong product,Electronics,17244.87,60.56,559.84,17865.27,No
RET01771,ORD025070,CUST00058,PROD0402,2026-07-30,Size issue,Electronics,20475.37,86.7,589.14,21151.21,No
RET01772,ORD025092,CUST04076,PROD0466,2026-03-19,Size issue,Home & Kitchen,7630.89,34.8,219.47,7885.16,Yes
RET01773,ORD025101,CUST03356,PROD0044,2026-05-22,Better price elsewhere,Electronics,56649.2,77.33,1679.04,58405.57,Yes
RET01774,ORD025108,CUST02211,PROD0470,2026-07-31,Duplicate order,Electronics,3518.87,78.36,108.73,3705.96,No
RET01775,ORD025126,CUST04689,PROD0193,2026-03-27,Duplicate order,Sports,3290.83,30.06,81.15,3402.04,Yes
RET01776,ORD025133,CUST02479,PROD0129,2026-04-03,Better price elsewhere,Electronics,63320.43,20.55,1564.5,64905.48,No
RET01777,ORD025158,CUST03722,PROD0420,2026-06-15,Late delivery,Fashion,3360.3,66.71,72.27,3499.28,No
RET01778,ORD025183,CUST04732,PROD0119,2026-08-08,Duplicate order,Accessories,812.84,82.46,19.04,914.34,No
RET01779,ORD025220,CUST02365,PROD0040,2026-08-25,Changed mind,Electronics,15623.74,78.06,428.95,16130.75,Yes
RET01780,ORD025223,CUST00597,PROD0319,2025-12-07,Not as expected,Electronics,16794.81,55.06,422.1,17271.97,Yes
RET01781,ORD025257,CUST01613,PROD0187,2026-05-13,Late delivery,Electronics,32997.67,47.02,852.61,33897.3,No
RET01782,ORD025258,CUST00616,PROD0256,2026-06-16,Wrong product,Fashion,6901.73,49.43,154.17,7105.33,Yes
RET01783,ORD025274,CUST02406,PROD0010,2025-12-05,Wrong product,Electronics,31204.34,25.18,882.19,32111.71,No
RET01784,ORD025300,CUST00720,PROD0131,2026-07-02,Size issue,Electronics,8278.37,32.44,278.54,8589.35,No
RET01785,ORD025302,CUST02447,PROD0426,2026-05-18,Better price elsewhere,Electronics,5122.7,47.49,152.95,5323.14,No
RET01786,ORD025322,CUST03717,PROD0467,2026-05-31,Better price elsewhere,Fashion,1237.93,28.36,28.33,1294.62,Yes
RET01787,ORD025323,CUST03666,PROD0259,2026-08-29,Duplicate order,Electronics,15808.96,58.24,440.05,16307.25,No
RET01788,ORD025327,CUST00789,PROD0033,2026-07-18,Wrong product,Fashion,306.02,63.73,7.72,377.47,No
RET01789,ORD025347,CUST04544,PROD0476,2026-03-09,Duplicate order,Furniture,28532.49,45.71,684.03,29262.23,No
RET01790,ORD025382,CUST02043,PROD0319,2026-04-27,Not as expected,Electronics,16198.68,84.73,422.1,16705.51,Yes
RET01791,ORD025407,CUST01113,PROD0191,2026-06-05,Product damaged,Fashion,1288.8,49.65,31.15,1369.6,Yes
RET01792,ORD025412,CUST03466,PROD0487,2025-12-15,Changed mind,Fashion,1995.83,33.98,40.41,2070.22,Yes
RET01793,ORD025433,CUST01661,PROD0044,2026-08-20,Late delivery,Electronics,26689.11,40.1,839.52,27568.73,No
RET01794,ORD025452,CUST02455,PROD0402,2026-02-09,Size issue,Electronics,8894.76,36.02,294.57,9225.35,No
RET01795,ORD025479,CUST01011,PROD0294,2026-02-04,Wrong product,Electronics,10288.28,28.18,259.21,10575.67,No
RET01796,ORD025481,CUST04303,PROD0228,2026-06-11,Not as expected,Accessories,10799.51,31.53,245.28,11076.32,No
RET01797,ORD025493,CUST00539,PROD0218,2025-10-19,Size issue,Personal Care,1859.65,37.98,46.05,1943.68,Yes
RET01798,ORD025511,CUST03340,PROD0255,2025-12-03,Quality issue,Electronics,27199.05,86.88,796.33,28082.26,No
RET01799,ORD025521,CUST04987,PROD0235,2026-09-01,Product damaged,Electronics,25683.82,34.63,781.17,26499.62,Yes
RET01800,ORD025526,CUST01946,PROD0300,2026-03-12,Better price elsewhere,Electronics,8377.37,27.34,232.51,8637.22,No
RET01801,ORD025544,CUST03424,PROD0028,2026-05-31,Better price elsewhere,Electronics,1514.76,34.16,44.31,1593.23,Yes
RET01802,ORD025551,CUST03011,PROD0498,2026-02-18,Product damaged,Electronics,6560.5,53.76,237.6,6851.86,No
RET01803,ORD025578,CUST03545,PROD0472,2026-01-23,Wrong product,Fashion,4863.92,28.99,109.22,5002.13,No
RET01804,ORD025581,CUST03915,PROD0352,2026-10-01,Duplicate order,Electronics,8435.5,71.65,220.37,8727.52,No
RET01805,ORD025597,CUST01584,PROD0265,2026-09-03,Better price elsewhere,Fashion,5316.94,24.42,131.21,5472.57,No
RET01806,ORD025609,CUST01052,PROD0377,2026-08-24,Size issue,Fashion,1193.8,81.78,27.35,1302.93,No
RET01807,ORD025612,CUST00294,PROD0035,2026-02-16,Not as expected,Electronics,17437.16,74.84,561.78,18073.78,No
RET01808,ORD025619,CUST02115,PROD0200,2026-03-10,Duplicate order,Fashion,5275.89,71.71,131.71,5479.31,Yes
RET01809,ORD025625,CUST02070,PROD0409,2025-10-17,Size issue,Electronics,15980.1,61.82,504.82,16546.74,Yes
RET01810,ORD025636,CUST03539,PROD0430,2026-09-05,Size issue,Electronics,16412.08,34.7,406.2,16852.98,No
RET01811,ORD025677,CUST00582,PROD0359,2026-03-02,Size issue,Accessories,1466.74,63.84,38.01,1568.59,No
RET01812,ORD025700,CUST04962,PROD0136,2025-10-08,Quality issue,Electronics,8138.41,31.18,210.99,8380.58,Yes
RET01813,ORD025702,CUST04871,PROD0189,2026-07-08,Better price elsewhere,Electronics,32803.88,36.42,915.02,33755.32,No
RET01814,ORD025725,CUST03753,PROD0372,2026-01-28,Quality issue,Fashion,700.88,57.24,14.49,772.61,Yes
RET01815,ORD025731,CUST00335,PROD0390,2026-04-30,Changed mind,Electronics,24615.19,44.14,688.0,25347.33,Yes
RET01816,ORD025735,CUST01423,PROD0072,2026-07-01,Wrong product,Fashion,1903.75,68.5,38.68,2010.93,No
RET01817,ORD025737,CUST00280,PROD0187,2026-02-25,Better price elsewhere,Electronics,33087.42,41.55,852.61,33981.58,No
RET01818,ORD025749,CUST03078,PROD0483,2026-02-17,Wrong product,Home & Kitchen,3529.17,87.0,83.72,3699.89,No
RET01819,ORD025791,CUST04121,PROD0095,2025-12-15,Not as expected,Electronics,19881.6,39.06,592.33,20512.99,No
RET01820,ORD025802,CUST02618,PROD0403,2026-01-18,Wrong product,Furniture,13557.1,81.46,334.5,13973.06,No
RET01821,ORD025813,CUST03131,PROD0340,2026-01-04,Product damaged,Electronics,2230.1,38.63,57.18,2325.91,No
RET01822,ORD025822,CUST00951,PROD0059,2026-02-27,Changed mind,Accessories,4462.98,59.33,101.44,4623.75,No
RET01823,ORD025842,CUST04429,PROD0333,2026-07-24,Not as expected,Electronics,13821.52,38.07,360.02,14219.61,Yes
RET01824,ORD025846,CUST00688,PROD0459,2026-09-05,Wrong product,Home & Kitchen,1370.33,67.21,35.49,1473.03,No
RET01825,ORD025869,CUST00873,PROD0332,2026-06-14,Wrong product,Beauty,241.07,68.83,4.1,314.0,No
RET01826,ORD025881,CUST04830,PROD0356,2026-03-31,Quality issue,Home & Kitchen,6071.03,87.11,152.1,6310.24,Yes
RET01827,ORD025928,CUST01192,PROD0129,2026-02-25,Product damaged,Electronics,27597.35,69.3,782.25,28448.9,No
RET01828,ORD025941,CUST01525,PROD0351,2026-01-04,Quality issue,Electronics,22124.68,87.35,608.64,22820.67,No
RET01829,ORD025947,CUST00303,PROD0114,2025-11-26,Wrong product,Accessories,237.79,74.08,5.35,317.22,No
RET01830,ORD025964,CUST03896,PROD0409,2026-02-18,Changed mind,Electronics,18131.51,52.5,504.82,18688.83,No
RET01831,ORD025979,CUST02066,PROD0004,2025-12-17,Wrong product,Sports,5882.89,31.82,170.72,6085.43,No
RET01832,ORD025982,CUST00920,PROD0253,2026-06-19,Better price elsewhere,Grocery,66.26,75.31,1.73,143.3,Yes
RET01833,ORD025998,CUST04491,PROD0310,2026-09-13,Changed mind,Electronics,6330.23,25.1,166.46,6521.79,Yes
RET01834,ORD026010,CUST01279,PROD0489,2026-08-07,Not as expected,Fashion,1052.49,84.87,22.35,1159.71,Yes
RET01835,ORD026011,CUST01629,PROD0064,2026-08-05,Late delivery,Electronics,19712.63,41.59,524.12,20278.34,No
RET01836,ORD026018,CUST04427,PROD0390,2026-01-08,Changed mind,Electronics,48486.99,37.66,1375.99,49900.64,No
RET01837,ORD026019,CUST04500,PROD0272,2026-05-19,Not as expected,Grocery,314.58,69.34,10.0,393.92,No
RET01838,ORD026032,CUST03770,PROD0391,2026-05-16,Product damaged,Sports,8199.71,36.13,201.36,8437.2,No
RET01839,ORD026042,CUST02407,PROD0267,2026-02-09,Not as expected,Sports,1219.35,86.23,34.42,1340.0,No
RET01840,ORD026050,CUST04008,PROD0498,2026-06-28,Late delivery,Electronics,8722.86,30.23,237.6,8990.69,Yes
RET01841,ORD026056,CUST03854,PROD0372,2026-05-15,Late delivery,Fashion,697.87,70.79,14.49,783.15,Yes
RET01842,ORD026077,CUST03792,PROD0278,2026-05-22,Size issue,Fashion,2219.47,64.45,55.96,2339.88,No
RET01843,ORD026082,CUST04195,PROD0134,2026-05-24,Changed mind,Electronics,24491.79,65.02,689.11,25245.92,Yes
RET01844,ORD026106,CUST04048,PROD0136,2025-12-24,Not as expected,Electronics,6757.8,38.1,210.99,7006.89,No
RET01845,ORD026111,CUST02158,PROD0358,2026-07-21,Product damaged,Fashion,2356.68,55.83,55.39,2467.9,No
RET01846,ORD026127,CUST04294,PROD0237,2025-12-20,Better price elsewhere,Electronics,11526.47,42.86,335.17,11904.5,No
RET01847,ORD026134,CUST00049,PROD0495,2026-05-17,Late delivery,Fashion,3346.45,80.7,75.46,3502.61,No
RET01848,ORD026163,CUST02565,PROD0380,2025-10-22,Duplicate order,Personal Care,1442.19,27.24,33.92,1503.35,No
RET01849,ORD026166,CUST03587,PROD0082,2025-12-03,Better price elsewhere,Electronics,3118.51,41.13,90.12,3249.76,No
RET01850,ORD026179,CUST03603,PROD0142,2026-02-26,Better price elsewhere,Fashion,1309.14,64.36,30.59,1404.09,No
RET01851,ORD026181,CUST02796,PROD0057,2026-08-25,Duplicate order,Accessories,1890.64,36.94,36.75,1964.33,No
RET01852,ORD026183,CUST03672,PROD0250,2025-11-20,Late delivery,Fashion,4842.46,74.7,134.78,5051.94,No
RET01853,ORD026202,CUST02681,PROD0077,2026-05-31,Product damaged,Electronics,22259.93,61.55,677.32,22998.8,No
RET01854,ORD026206,CUST01156,PROD0451,2026-07-01,Quality issue,Electronics,16604.05,58.44,438.13,17100.62,No
RET01855,ORD026228,CUST03841,PROD0322,2026-01-05,Late delivery,Home & Kitchen,2346.72,68.52,70.57,2485.81,No
RET01856,ORD026252,CUST03712,PROD0281,2026-06-18,Duplicate order,Home & Kitchen,4437.04,42.13,105.09,4584.26,Yes
RET01857,ORD026297,CUST02756,PROD0430,2026-04-07,Changed mind,Electronics,16081.33,58.07,406.2,16545.6,No
RET01858,ORD026311,CUST02041,PROD0379,2026-08-04,Better price elsewhere,Sports,2859.2,51.1,81.54,2991.84,Yes
RET01859,ORD026317,CUST04170,PROD0141,2026-09-16,Not as expected,Electronics,40164.91,57.29,1123.2,41345.4,Yes
RET01860,ORD026335,CUST00404,PROD0372,2026-07-28,Late delivery,Fashion,637.05,76.92,14.49,728.46,No
RET01861,ORD026378,CUST00659,PROD0304,2026-06-26,Size issue,Electronics,20240.49,49.83,604.55,20894.87,Yes
RET01862,ORD026383,CUST03006,PROD0181,2026-09-29,Size issue,Accessories,1530.67,77.19,45.33,1653.19,Yes
RET01863,ORD026385,CUST03212,PROD0043,2026-04-04,Duplicate order,Fashion,1581.52,22.55,35.68,1639.75,Yes
RET01864,ORD026387,CUST03718,PROD0270,2026-07-30,Wrong product,Electronics,22852.01,55.74,616.69,23524.44,No
RET01865,ORD026389,CUST02226,PROD0264,2025-11-22,Duplicate order,Fashion,2196.97,32.79,56.72,2286.48,No
RET01866,ORD026404,CUST00778,PROD0204,2026-05-04,Changed mind,Beauty,2236.15,83.93,49.61,2369.69,No
RET01867,ORD026407,CUST03178,PROD0390,2026-06-18,Product damaged,Electronics,23642.66,34.77,688.0,24365.43,No
RET01868,ORD026433,CUST02800,PROD0369,2026-05-05,Better price elsewhere,Electronics,18302.78,72.96,495.45,18871.19,No
RET01869,ORD026440,CUST01826,PROD0008,2026-02-21,Not as expected,Electronics,17964.41,65.65,518.21,18548.27,No
RET01870,ORD026480,CUST03208,PROD0470,2025-12-08,Changed mind,Electronics,4052.57,71.37,108.73,4232.67,No
RET01871,ORD026512,CUST03666,PROD0285,2025-10-21,Duplicate order,Fashion,2227.23,50.82,55.79,2333.84,No
RET01872,ORD026535,CUST03906,PROD0189,2026-08-18,Late delivery,Electronics,11451.31,80.75,305.01,11837.07,No
RET01873,ORD026544,CUST04026,PROD0385,2026-08-16,Changed mind,Electronics,14176.93,63.14,347.12,14587.19,No
RET01874,ORD026554,CUST02260,PROD0034,2026-07-21,Quality issue,Fashion,2833.59,41.54,68.33,2943.46,Yes
RET01875,ORD026558,CUST03105,PROD0131,2025-11-06,Duplicate order,Electronics,9813.14,38.14,278.54,10129.82,Yes
RET01876,ORD026566,CUST00740,PROD0008,2025-11-09,Wrong product,Electronics,19771.41,24.58,518.21,20314.2,Yes
RET01877,ORD026579,CUST03174,PROD0259,2026-02-18,Better price elsewhere,Electronics,15976.96,51.47,440.05,16468.48,No
RET01878,ORD026660,CUST02632,PROD0072,2025-11-20,Better price elsewhere,Fashion,1677.52,38.54,38.68,1754.74,No
RET01879,ORD026665,CUST02228,PROD0156,2026-05-06,Better price elsewhere,Electronics,29860.35,83.83,797.61,30741.79,Yes
RET01880,ORD026666,CUST01862,PROD0235,2026-08-10,Better price elsewhere,Electronics,81499.54,33.03,2343.5,83876.07,Yes
RET01881,ORD026676,CUST04183,PROD0261,2025-11-10,Changed mind,Furniture,21420.97,59.78,567.35,22048.1,No
RET01882,ORD026679,CUST04675,PROD0263,2026-04-10,Wrong product,Electronics,4419.41,63.42,152.95,4635.78,No
RET01883,ORD026689,CUST01299,PROD0482,2026-02-15,Wrong product,Electronics,42078.15,77.5,1306.16,43461.81,No
RET01884,ORD026701,CUST03329,PROD0189,2026-02-11,Changed mind,Electronics,10444.47,36.95,305.01,10786.43,No
RET01885,ORD026702,CUST01528,PROD0056,2025-11-19,Wrong product,Fashion,392.17,65.33,8.92,466.42,No
RET01886,ORD026707,CUST02307,PROD0477,2025-12-01,Duplicate order,Electronics,28639.47,49.61,832.89,29521.97,Yes
RET01887,ORD026719,CUST01486,PROD0430,2026-06-27,Quality issue,Electronics,15095.92,41.41,406.2,15543.53,Yes
RET01888,ORD026720,CUST00422,PROD0188,2025-10-26,Duplicate order,Electronics,1234.5,58.96,37.8,1331.26,Yes
RET01889,ORD026733,CUST00518,PROD0430,2025-12-31,Duplicate order,Electronics,25640.67,79.67,812.39,26532.73,No
RET01890,ORD026747,CUST00988,PROD0374,2026-07-30,Changed mind,Sports,1023.77,58.59,21.83,1104.19,No
RET01891,ORD026756,CUST02746,PROD0164,2026-03-21,Duplicate order,Fashion,2372.71,61.91,52.48,2487.1,No
RET01892,ORD026761,CUST03491,PROD0279,2026-09-05,Quality issue,Electronics,9229.53,65.41,276.2,9571.14,Yes
RET01893,ORD026772,CUST04734,PROD0236,2026-09-07,Better price elsewhere,Fashion,1451.69,77.14,39.61,1568.44,No
RET01894,ORD026791,CUST02491,PROD0253,2026-05-08,Product damaged,Grocery,126.73,59.57,3.45,189.75,No
RET01895,ORD026808,CUST01079,PROD0410,2026-01-31,Wrong product,Fashion,9411.98,40.94,224.89,9677.81,Yes
RET01896,ORD026838,CUST02252,PROD0405,2025-11-23,Better price elsewhere,Fashion,619.75,29.55,13.31,662.61,No
RET01897,ORD026850,CUST01877,PROD0387,2025-11-02,Wrong product,Electronics,14312.37,31.55,403.71,14747.63,No
RET01898,ORD026858,CUST00885,PROD0299,2026-09-11,Better price elsewhere,Fashion,1176.82,33.37,25.95,1236.14,No
RET01899,ORD026860,CUST04576,PROD0201,2025-10-17,Not as expected,Beauty,621.13,22.79,14.83,658.75,Yes
RET01900,ORD026911,CUST02735,PROD0311,2026-02-17,Better price elsewhere,Grocery,363.53,64.57,11.91,440.01,No
RET01901,ORD026929,CUST03155,PROD0361,2025-11-24,Duplicate order,Beauty,3424.71,38.5,56.9,3520.11,Yes
RET01902,ORD026936,CUST00487,PROD0387,2026-05-25,Late delivery,Electronics,13286.51,23.47,403.71,13713.69,No
RET01903,ORD026955,CUST01999,PROD0146,2026-07-22,Product damaged,Accessories,1031.96,56.48,21.17,1109.61,No
RET01904,ORD026961,CUST00369,PROD0287,2026-01-26,Better price elsewhere,Electronics,3470.42,60.61,106.96,3637.99,Yes
RET01905,ORD026965,CUST01774,PROD0300,2025-10-21,Late delivery,Electronics,8312.1,80.91,232.51,8625.52,No
RET01906,ORD026976,CUST02772,PROD0152,2025-11-09,Changed mind,Fashion,2584.61,42.09,68.09,2694.79,Yes
RET01907,ORD027008,CUST00719,PROD0327,2026-07-04,Late delivery,Fashion,1507.85,20.9,35.81,1564.56,Yes
RET01908,ORD027020,CUST01802,PROD0178,2026-01-19,Product damaged,Furniture,27961.59,45.27,709.37,28716.23,No
RET01909,ORD027049,CUST00020,PROD0027,2026-02-20,Size issue,Electronics,22144.63,28.7,661.08,22834.41,No
RET01910,ORD027067,CUST04261,PROD0287,2026-01-18,Product damaged,Electronics,3198.49,62.16,106.96,3367.61,No
RET01911,ORD027068,CUST03081,PROD0339,2026-05-13,Wrong product,Electronics,2060.23,43.34,63.99,2167.56,No
RET01912,ORD027071,CUST03747,PROD0025,2025-10-31,Size issue,Electronics,11885.65,61.77,376.96,12324.38,No
RET01913,ORD027074,CUST03748,PROD0258,2026-03-16,Duplicate order,Electronics,50215.8,77.69,1552.22,51845.71,No
RET01914,ORD027089,CUST03849,PROD0041,2026-09-18,Quality issue,Fashion,2466.29,36.33,57.21,2559.83,No
RET01915,ORD027100,CUST01375,PROD0175,2026-03-12,Wrong product,Electronics,33376.17,56.66,920.46,34353.29,No
RET01916,ORD027130,CUST03062,PROD0379,2026-05-13,Product damaged,Sports,1723.22,51.81,40.77,1815.8,Yes
RET01917,ORD027146,CUST03960,PROD0376,2025-11-02,Better price elsewhere,Electronics,24015.54,51.06,709.76,24776.36,No
RET01918,ORD027150,CUST00047,PROD0300,2026-09-25,Not as expected,Electronics,14844.58,78.61,465.02,15388.21,No
RET01919,ORD027167,CUST02272,PROD0270,2026-08-01,Better price elsewhere,Electronics,19797.64,34.73,616.69,20449.06,No
RET01920,ORD027176,CUST04411,PROD0258,2025-11-23,Size issue,Electronics,27327.6,28.78,776.11,28132.49,No
RET01921,ORD027182,CUST00964,PROD0203,2026-08-19,Late delivery,Fashion,276.13,56.24,6.21,338.58,No
RET01922,ORD027205,CUST01126,PROD0421,2026-01-27,Product damaged,Accessories,1514.74,68.13,36.64,1619.51,No
RET01923,ORD027218,CUST04855,PROD0489,2025-12-02,Better price elsewhere,Fashion,1036.05,63.47,22.35,1121.87,No
RET01924,ORD027242,CUST04026,PROD0377,2026-07-19,Quality issue,Fashion,2316.3,42.67,54.7,2413.67,No
RET01925,ORD027247,CUST00229,PROD0363,2025-11-09,Not as expected,Accessories,4492.41,85.38,88.07,4665.86,No
RET01926,ORD027264,CUST04777,PROD0429,2026-02-18,Not as expected,Electronics,25685.99,84.34,754.68,26525.01,No
RET01927,ORD027265,CUST04806,PROD0163,2026-04-22,Wrong product,Electronics,8930.89,77.18,319.46,9327.53,No
RET01928,ORD027282,CUST02080,PROD0223,2026-01-14,Not as expected,Electronics,13796.16,79.51,446.42,14322.09,No
RET01929,ORD027287,CUST00652,PROD0351,2026-05-26,Late delivery,Electronics,22459.56,46.7,608.64,23114.9,Yes
RET01930,ORD027315,CUST02242,PROD0444,2025-12-13,Better price elsewhere,Electronics,14977.1,43.51,417.25,15437.86,No
RET01931,ORD027321,CUST03542,PROD0012,2026-08-14,Product damaged,Electronics,30014.35,40.7,813.82,30868.87,No
RET01932,ORD027327,CUST01732,PROD0044,2026-06-08,Changed mind,Electronics,29590.5,35.11,839.52,30465.13,No
RET01933,ORD027340,CUST00337,PROD0299,2026-03-03,Size issue,Fashion,1158.29,65.14,25.95,1249.38,No
RET01934,ORD027356,CUST01826,PROD0500,2026-05-12,Not as expected,Electronics,27113.7,49.14,792.01,27954.85,No
RET01935,ORD027395,CUST00404,PROD0155,2025-12-29,Quality issue,Home & Kitchen,214.99,51.06,4.97,271.02,No
RET01936,ORD027409,CUST02228,PROD0027,2025-10-17,Not as expected,Electronics,25108.56,55.74,661.08,25825.38,No
RET01937,ORD027421,CUST03379,PROD0240,2025-11-23,Not as expected,Home & Kitchen,917.12,65.2,23.96,1006.28,Yes
RET01938,ORD027449,CUST01613,PROD0182,2026-01-12,Changed mind,Fashion,4674.63,79.39,114.72,4868.74,No
RET01939,ORD027453,CUST04922,PROD0075,2026-01-21,Changed mind,Fashion,1999.0,32.06,45.99,2077.05,No
RET01940,ORD027495,CUST03430,PROD0124,2026-01-29,Late delivery,Accessories,2043.4,52.81,45.87,2142.08,No
RET01941,ORD027531,CUST03377,PROD0395,2025-11-15,Wrong product,Electronics,21065.19,60.49,564.13,21689.81,Yes
RET01942,ORD027537,CUST04852,PROD0063,2026-07-28,Duplicate order,Home & Kitchen,6314.77,56.98,166.11,6537.86,No
RET01943,ORD027551,CUST02227,PROD0008,2025-10-14,Late delivery,Electronics,17552.94,57.94,518.21,18129.09,No
RET01944,ORD027566,CUST00961,PROD0157,2026-05-10,Wrong product,Sports,1813.15,59.26,41.7,1914.11,Yes
RET01945,ORD027583,CUST00614,PROD0287,2026-09-06,Duplicate order,Electronics,3662.98,43.1,106.96,3813.04,No
RET01946,ORD027591,CUST03044,PROD0251,2025-10-18,Changed mind,Electronics,13895.7,54.58,464.56,14414.84,No
RET01947,ORD027614,CUST03117,PROD0249,2026-07-05,Quality issue,Fashion,1842.75,46.88,39.27,1928.9,No
RET01948,ORD027620,CUST01945,PROD0007,2026-01-13,Changed mind,Electronics,16254.88,50.46,481.37,16786.71,No
RET01949,ORD027621,CUST03441,PROD0373,2026-02-17,Better price elsewhere,Grocery,567.15,29.54,16.28,612.97,No
RET01950,ORD027649,CUST02816,PROD0244,2026-01-22,Duplicate order,Home & Kitchen,3217.15,33.65,78.69,3329.49,No
RET01951,ORD027661,CUST00435,PROD0122,2025-11-28,Duplicate order,Fashion,2160.05,71.43,49.37,2280.85,Yes
RET01952,ORD027707,CUST01994,PROD0206,2026-03-10,Product damaged,Grocery,251.59,66.24,7.49,325.32,Yes
RET01953,ORD027720,CUST02438,PROD0317,2026-04-18,Wrong product,Electronics,16998.17,44.76,497.39,17540.32,Yes
RET01954,ORD027748,CUST04280,PROD0122,2025-10-28,Changed mind,Fashion,1931.59,43.7,49.37,2024.66,No
RET01955,ORD027750,CUST04729,PROD0467,2025-10-21,Not as expected,Fashion,2187.74,50.13,56.67,2294.54,No
RET01956,ORD027755,CUST04280,PROD0136,2026-09-21,Changed mind,Electronics,7252.33,82.78,210.99,7546.1,No
RET01957,ORD027760,CUST00180,PROD0236,2026-09-05,Late delivery,Fashion,1717.16,35.44,39.61,1792.21,No
RET01958,ORD027784,CUST02401,PROD0200,2026-08-04,Better price elsewhere,Fashion,4843.86,25.06,131.71,5000.63,No
RET01959,ORD027793,CUST00374,PROD0419,2026-05-08,Wrong product,Fashion,3171.71,78.22,70.8,3320.73,No
RET01960,ORD027812,CUST03207,PROD0151,2025-11-26,Wrong product,Fashion,2094.0,51.87,50.26,2196.13,No
RET01961,ORD027823,CUST03798,PROD0180,2026-01-31,Late delivery,Fashion,3034.0,39.17,72.1,3145.27,Yes
RET01962,ORD027834,CUST02169,PROD0317,2026-07-12,Size issue,Electronics,8631.45,25.7,248.69,8905.84,No
RET01963,ORD027841,CUST00934,PROD0185,2026-04-30,Duplicate order,Electronics,16102.08,82.84,511.29,16696.21,No
RET01964,ORD027846,CUST01442,PROD0477,2026-08-26,Duplicate order,Electronics,27332.94,67.36,832.89,28233.19,Yes
RET01965,ORD027870,CUST04826,PROD0039,2026-05-13,Late delivery,Electronics,53705.94,80.9,1390.38,55177.22,No
RET01966,ORD027873,CUST01808,PROD0426,2025-10-12,Quality issue,Electronics,5340.12,72.82,152.95,5565.89,No
RET01967,ORD027899,CUST02436,PROD0448,2026-10-01,Late delivery,Electronics,15544.79,31.07,380.61,15956.47,Yes
RET01968,ORD027920,CUST01898,PROD0325,2026-01-15,Not as expected,Fashion,613.44,80.7,14.07,708.21,Yes
RET01969,ORD027930,CUST04826,PROD0225,2026-07-14,Late delivery,Fashion,1072.94,63.12,22.98,1159.04,No
RET01970,ORD027937,CUST01384,PROD0053,2026-05-28,Better price elsewhere,Fashion,1399.05,71.57,36.23,1506.85,No
RET01971,ORD027943,CUST03921,PROD0095,2026-04-21,Size issue,Electronics,20064.21,56.87,592.33,20713.41,No
RET01972,ORD027952,CUST01572,PROD0070,2026-05-09,Late delivery,Electronics,6416.34,81.31,192.98,6690.63,No
RET01973,ORD027953,CUST02232,PROD0484,2026-03-07,Duplicate order,Electronics,23462.44,25.66,686.73,24174.83,Yes
RET01974,ORD027967,CUST04997,PROD0017,2025-10-20,Late delivery,Fashion,2724.6,30.21,73.66,2828.47,No
RET01975,ORD027970,CUST03971,PROD0482,2026-03-26,Product damaged,Electronics,23054.87,23.11,653.08,23731.06,No
RET01976,ORD027971,CUST00337,PROD0293,2026-05-05,Size issue,Beauty,1778.3,43.5,38.8,1860.6,Yes
RET01977,ORD027978,CUST03523,PROD0452,2026-03-13,Duplicate order,Electronics,2291.88,68.08,75.26,2435.22,Yes
RET01978,ORD028031,CUST02259,PROD0300,2026-04-21,Product damaged,Electronics,7216.81,57.67,232.51,7506.99,Yes
RET01979,ORD028033,CUST04417,PROD0409,2026-05-11,Better price elsewhere,Electronics,45067.93,44.3,1514.47,46626.7,No
RET01980,ORD028037,CUST03797,PROD0429,2025-12-06,Duplicate order,Electronics,20738.39,44.81,754.68,21537.88,No
RET01981,ORD028039,CUST01629,PROD0372,2026-02-16,Duplicate order,Fashion,658.34,77.82,14.49,750.65,Yes
RET01982,ORD028065,CUST02887,PROD0321,2026-09-15,Product damaged,Electronics,10277.51,61.48,279.92,10618.91,No
RET01983,ORD028067,CUST01183,PROD0134,2026-07-22,Quality issue,Electronics,26919.56,57.03,689.11,27665.7,Yes
RET01984,ORD028069,CUST02178,PROD0285,2025-10-18,Late delivery,Fashion,777.55,20.58,18.6,816.73,No
RET01985,ORD028076,CUST00290,PROD0124,2026-08-22,Quality issue,Accessories,4367.52,37.93,91.74,4497.19,No
RET01986,ORD028078,CUST02734,PROD0292,2026-01-15,Better price elsewhere,Beauty,1547.02,51.06,33.9,1631.98,No
RET01987,ORD028095,CUST00019,PROD0250,2025-11-12,Duplicate order,Fashion,4179.39,47.92,89.85,4317.16,No
RET01988,ORD028102,CUST04519,PROD0187,2026-01-24,Changed mind,Electronics,31323.46,74.21,852.61,32250.28,No
RET01989,ORD028111,CUST03062,PROD0141,2026-06-28,Wrong product,Electronics,41866.11,83.02,1123.2,43072.33,No
RET01990,ORD028112,CUST01383,PROD0416,2026-07-28,Size issue,Accessories,898.02,47.22,21.33,966.57,Yes
RET01991,ORD028116,CUST03425,PROD0258,2026-06-12,Duplicate order,Electronics,28816.27,50.31,776.11,29642.69,Yes
RET01992,ORD028150,CUST00473,PROD0480,2026-01-21,Product damaged,Fashion,1840.15,57.65,45.03,1942.83,No
RET01993,ORD028158,CUST02898,PROD0429,2026-04-25,Product damaged,Electronics,24080.67,36.99,754.68,24872.34,No
RET01994,ORD028161,CUST02491,PROD0286,2026-08-18,Changed mind,Fashion,1434.7,30.1,41.57,1506.37,No
RET01995,ORD028169,CUST00468,PROD0072,2026-04-21,Duplicate order,Fashion,3287.68,20.19,77.37,3385.24,No
RET01996,ORD028175,CUST04621,PROD0469,2025-12-12,Duplicate order,Fashion,1665.7,27.22,37.55,1730.47,No
RET01997,ORD028182,CUST02509,PROD0279,2026-07-31,Not as expected,Electronics,26949.16,39.51,828.61,27817.28,No
RET01998,ORD028183,CUST02666,PROD0387,2026-04-18,Wrong product,Electronics,16181.76,28.1,403.71,16613.57,Yes
RET01999,ORD028186,CUST00245,PROD0224,2026-07-08,Late delivery,Home & Kitchen,1669.98,36.86,50.51,1757.35,Yes
RET02000,ORD028196,CUST03599,PROD0300,2026-01-25,Not as expected,Electronics,8849.07,44.23,232.51,9125.81,No
RET02001,ORD028213,CUST04552,PROD0238,2026-04-23,Size issue,Electronics,14540.92,54.26,425.89,15021.07,No
RET02002,ORD028237,CUST01355,PROD0390,2025-11-09,Size issue,Electronics,22418.71,61.31,688.0,23168.02,No
RET02003,ORD028255,CUST00409,PROD0333,2026-04-24,Changed mind,Electronics,13489.17,87.2,360.02,13936.39,No
RET02004,ORD028285,CUST02252,PROD0491,2026-05-06,Wrong product,Home & Kitchen,569.33,56.4,15.36,641.09,Yes
RET02005,ORD028306,CUST03488,PROD0470,2026-08-26,Not as expected,Electronics,10508.81,37.66,326.2,10872.67,No
RET02006,ORD028315,CUST04791,PROD0467,2026-04-11,Product damaged,Fashion,1264.4,50.69,28.33,1343.42,No
RET02007,ORD028322,CUST01412,PROD0131,2026-08-03,Better price elsewhere,Electronics,10940.08,86.6,278.54,11305.22,No
RET02008,ORD028332,CUST02288,PROD0222,2026-09-10,Product damaged,Fashion,509.72,69.66,11.46,590.84,No
RET02009,ORD028336,CUST00973,PROD0357,2026-02-02,Late delivery,Fashion,2906.94,81.72,75.91,3064.57,No
RET02010,ORD028344,CUST02704,PROD0235,2026-09-09,Size issue,Electronics,24483.0,57.64,781.17,25321.81,Yes
RET02011,ORD028365,CUST00552,PROD0152,2026-08-15,Late delivery,Fashion,2178.22,36.1,68.09,2282.41,No
RET02012,ORD028373,CUST01981,PROD0444,2026-07-19,Quality issue,Electronics,13936.62,34.42,417.25,14388.29,No
RET02013,ORD028384,CUST00968,PROD0242,2026-06-20,Wrong product,Fashion,3617.56,32.62,74.11,3724.29,No
RET02014,ORD028385,CUST02441,PROD0487,2026-07-17,Duplicate order,Fashion,1925.81,30.59,40.41,1996.81,No
RET02015,ORD028393,CUST03931,PROD0039,2025-12-06,Not as expected,Electronics,26269.56,34.98,695.19,26999.73,Yes
RET02016,ORD028414,CUST00806,PROD0143,2026-04-09,Not as expected,Beauty,1161.23,45.11,20.69,1227.03,No
RET02017,ORD028436,CUST04354,PROD0093,2026-03-18,Quality issue,Home & Kitchen,3367.52,58.78,113.41,3539.71,No
RET02018,ORD028462,CUST04795,PROD0488,2025-11-26,Duplicate order,Home & Kitchen,3145.24,32.31,82.81,3260.36,Yes
RET02019,ORD028473,CUST04935,PROD0500,2026-04-29,Product damaged,Electronics,24548.98,69.33,792.01,25410.32,No
RET02020,ORD028503,CUST04672,PROD0087,2025-11-21,Quality issue,Home & Kitchen,3783.45,74.75,125.65,3983.85,No
RET02021,ORD028506,CUST02531,PROD0006,2026-09-26,Not as expected,Accessories,5013.39,81.54,91.91,5186.84,Yes
RET02022,ORD028512,CUST03895,PROD0285,2026-07-15,Quality issue,Fashion,1546.47,24.14,37.19,1607.8,No
RET02023,ORD028520,CUST02648,PROD0325,2025-11-04,Not as expected,Fashion,687.72,82.94,14.07,784.73,No
RET02024,ORD028524,CUST04519,PROD0377,2026-07-01,Not as expected,Fashion,1273.58,75.93,27.35,1376.86,Yes
RET02025,ORD028535,CUST02071,PROD0095,2025-12-09,Not as expected,Electronics,22070.51,76.46,592.33,22739.3,Yes
RET02026,ORD028540,CUST00484,PROD0278,2026-03-20,Wrong product,Fashion,2178.12,74.5,55.96,2308.58,Yes
RET02027,ORD028577,CUST04797,PROD0188,2026-07-23,Quality issue,Electronics,1357.15,83.54,37.8,1478.49,Yes
RET02028,ORD028593,CUST00227,PROD0369,2026-08-05,Size issue,Electronics,16820.32,61.55,495.45,17377.32,No
RET02029,ORD028595,CUST00825,PROD0061,2026-05-21,Quality issue,Electronics,2368.64,38.72,62.47,2469.83,No
RET02030,ORD028601,CUST04104,PROD0129,2025-11-15,Quality issue,Electronics,29519.3,60.02,782.25,30361.57,No
RET02031,ORD028602,CUST03517,PROD0325,2026-03-12,Better price elsewhere,Fashion,1995.36,82.84,42.21,2120.41,No
RET02032,ORD028605,CUST02421,PROD0325,2026-05-08,Not as expected,Fashion,681.5,34.74,14.07,730.31,No
RET02033,ORD028614,CUST03498,PROD0255,2025-10-11,Size issue,Electronics,21632.92,73.51,796.33,22502.76,Yes
RET02034,ORD028630,CUST03245,PROD0251,2025-11-22,Late delivery,Electronics,15424.32,56.22,464.56,15945.1,No
RET02035,ORD028639,CUST00751,PROD0242,2026-09-18,Wrong product,Fashion,3672.71,25.98,74.11,3772.8,No
RET02036,ORD028665,CUST04748,PROD0424,2026-04-07,Wrong product,Electronics,1862.1,41.4,52.25,1955.75,Yes
RET02037,ORD028668,CUST02397,PROD0285,2026-06-22,Changed mind,Fashion,837.05,81.1,18.6,936.75,No
RET02038,ORD028670,CUST02377,PROD0187,2026-05-18,Quality issue,Electronics,23042.93,21.57,852.61,23917.11,No
RET02039,ORD028671,CUST02343,PROD0074,2026-07-22,Changed mind,Electronics,6639.71,71.47,168.98,6880.16,No
RET02040,ORD028673,CUST01807,PROD0464,2026-01-05,Better price elsewhere,Beauty,1304.78,56.85,31.0,1392.63,Yes
RET02041,ORD028701,CUST03551,PROD0358,2026-04-29,Changed mind,Fashion,2425.66,46.6,55.39,2527.65,Yes
RET02042,ORD028706,CUST01538,PROD0238,2026-07-20,Wrong product,Electronics,31393.28,24.12,851.78,32269.18,Yes
RET02043,ORD028709,CUST02471,PROD0066,2026-09-04,Wrong product,Electronics,6851.74,76.7,216.24,7144.68,No
RET02044,ORD028739,CUST04627,PROD0337,2026-07-26,Not as expected,Home & Kitchen,6095.49,81.01,146.32,6322.82,Yes
RET02045,ORD028805,CUST02773,PROD0080,2026-06-13,Better price elsewhere,Grocery,632.51,22.1,16.77,671.38,Yes
RET02046,ORD028817,CUST04954,PROD0035,2026-06-08,Late delivery,Electronics,40165.65,39.94,1123.57,41329.16,No
RET02047,ORD028821,CUST04972,PROD0090,2026-06-24,Duplicate order,Fashion,5288.56,49.73,147.8,5486.09,Yes
RET02048,ORD028853,CUST02783,PROD0419,2025-11-07,Wrong product,Fashion,2981.78,35.18,70.8,3087.76,No
RET02049,ORD028873,CUST00451,PROD0489,2025-11-03,Quality issue,Fashion,944.47,74.46,22.35,1041.28,Yes
RET02050,ORD028891,CUST02648,PROD0383,2025-12-11,Quality issue,Accessories,3654.6,33.74,68.98,3757.32,No
RET02051,ORD028909,CUST04492,PROD0392,2026-04-16,Wrong product,Home & Kitchen,2428.86,21.41,59.96,2510.23,No
RET02052,ORD028911,CUST01315,PROD0429,2026-05-27,Wrong product,Electronics,27704.3,69.2,754.68,28528.18,No
RET02053,ORD028917,CUST04674,PROD0051,2026-01-09,Wrong product,Fashion,822.4,35.95,18.31,876.66,No
RET02054,ORD028933,CUST04838,PROD0472,2025-10-25,Wrong product,Fashion,1771.73,44.46,36.41,1852.6,No
RET02055,ORD028949,CUST04824,PROD0168,2025-12-02,Wrong product,Furniture,29577.63,70.98,770.88,30419.49,Yes
RET02056,ORD028954,CUST04304,PROD0061,2026-04-03,Wrong product,Electronics,4351.88,76.66,124.94,4553.48,Yes
RET02057,ORD028970,CUST03769,PROD0470,2025-12-11,Wrong product,Electronics,3931.9,25.78,108.73,4066.41,No
RET02058,ORD028985,CUST04244,PROD0026,2026-01-29,Changed mind,Beauty,1829.36,47.3,35.46,1912.12,No
RET02059,ORD028988,CUST00388,PROD0410,2026-08-25,Late delivery,Fashion,6223.39,42.22,149.93,6415.54,No
RET02060,ORD028998,CUST00296,PROD0244,2026-02-21,Size issue,Home & Kitchen,6419.69,22.29,157.38,6599.36,No
RET02061,ORD029008,CUST04706,PROD0077,2025-12-01,Size issue,Electronics,22645.3,43.1,677.32,23365.72,Yes
RET02062,ORD029032,CUST02808,PROD0472,2025-12-21,Duplicate order,Fashion,1388.45,56.15,36.41,1481.01,No
RET02063,ORD029034,CUST00753,PROD0251,2026-04-29,Quality issue,Electronics,16946.68,20.01,464.56,17431.25,No
RET02064,ORD029037,CUST02037,PROD0148,2026-03-09,Size issue,Furniture,29538.73,79.08,708.25,30326.06,No
RET02065,ORD029043,CUST02133,PROD0385,2026-03-17,Not as expected,Electronics,21171.13,29.31,694.24,21894.68,No
RET02066,ORD029049,CUST01111,PROD0190,2026-03-08,Product damaged,Electronics,25362.17,51.85,758.07,26172.09,No
RET02067,ORD029050,CUST01490,PROD0006,2026-07-29,Wrong product,Accessories,2520.38,36.02,45.95,2602.35,No
RET02068,ORD029058,CUST04845,PROD0229,2025-10-31,Duplicate order,Grocery,287.29,40.74,9.06,337.09,Yes
RET02069,ORD029082,CUST00507,PROD0317,2026-01-21,Better price elsewhere,Electronics,9093.43,22.73,248.69,9364.85,No
RET02070,ORD029101,CUST03105,PROD0189,2026-08-22,Better price elsewhere,Electronics,10381.85,29.23,305.01,10716.09,No
RET02071,ORD029113,CUST03845,PROD0393,2026-08-12,Better price elsewhere,Fashion,2692.94,27.03,65.16,2785.13,No
RET02072,ORD029115,CUST00480,PROD0444,2026-08-05,Wrong product,Electronics,14919.8,35.54,417.25,15372.59,No
RET02073,ORD029121,CUST04859,PROD0444,2025-11-20,Changed mind,Electronics,15578.47,85.04,417.25,16080.76,No
RET02074,ORD029158,CUST01817,PROD0442,2026-09-05,Quality issue,Beauty,2495.89,57.62,45.53,2599.04,No
RET02075,ORD029164,CUST01623,PROD0185,2026-07-17,Duplicate order,Electronics,16297.1,57.38,511.29,16865.77,No
RET02076,ORD029169,CUST04905,PROD0474,2026-05-15,Product damaged,Grocery,455.74,67.3,12.43,535.47,No
RET02077,ORD029185,CUST02190,PROD0256,2025-11-25,Duplicate order,Fashion,3368.84,86.66,77.09,3532.59,No
RET02078,ORD029196,CUST00121,PROD0193,2026-01-26,Product damaged,Sports,2902.78,75.35,81.15,3059.28,No
RET02079,ORD029206,CUST04309,PROD0256,2026-07-12,Duplicate order,Fashion,3312.99,43.34,77.09,3433.42,Yes
RET02080,ORD029212,CUST03119,PROD0043,2026-08-14,Not as expected,Fashion,1541.24,47.7,35.68,1624.62,No
RET02081,ORD029217,CUST03824,PROD0106,2026-05-19,Late delivery,Personal Care,1425.92,51.84,42.27,1520.03,No
RET02082,ORD029237,CUST03245,PROD0436,2026-10-01,Quality issue,Grocery,637.01,73.15,16.89,727.05,Yes
RET02083,ORD029352,CUST01442,PROD0395,2026-01-31,Late delivery,Electronics,10490.49,48.61,282.06,10821.16,No
RET02084,ORD029406,CUST00967,PROD0475,2025-10-24,Wrong product,Grocery,124.79,27.67,3.34,155.8,No
RET02085,ORD029417,CUST03409,PROD0293,2025-10-26,Duplicate order,Beauty,1616.15,48.68,38.8,1703.63,No
RET02086,ORD029435,CUST00710,PROD0187,2025-12-29,Not as expected,Electronics,31299.01,25.54,852.61,32177.16,No
RET02087,ORD029451,CUST02437,PROD0420,2026-04-11,Duplicate order,Fashion,3151.2,51.74,72.27,3275.21,No
RET02088,ORD029453,CUST02021,PROD0083,2026-04-25,Duplicate order,Electronics,66012.18,26.44,2082.42,68121.04,No
RET02089,ORD029458,CUST03129,PROD0346,2026-01-10,Size issue,Accessories,1462.56,60.1,28.91,1551.57,No
RET02090,ORD029463,CUST04750,PROD0063,2026-07-18,Wrong product,Home & Kitchen,7114.44,31.83,166.11,7312.38,No
RET02091,ORD029468,CUST04077,PROD0304,2025-10-11,Late delivery,Electronics,38890.91,79.92,1209.11,40179.94,No
RET02092,ORD029489,CUST01927,PROD0059,2026-09-27,Better price elsewhere,Accessories,5333.39,61.14,101.44,5495.97,No
RET02093,ORD029512,CUST03444,PROD0010,2025-11-29,Late delivery,Electronics,29554.03,76.34,882.19,30512.56,Yes
RET02094,ORD029529,CUST01259,PROD0169,2026-07-18,Wrong product,Sports,452.14,53.04,10.13,515.31,No
RET02095,ORD029547,CUST00869,PROD0344,2026-04-07,Better price elsewhere,Grocery,767.05,49.54,23.1,839.69,Yes
RET02096,ORD029554,CUST02657,PROD0388,2026-03-08,Better price elsewhere,Grocery,367.87,87.97,10.16,466.0,Yes
RET02097,ORD029560,CUST01222,PROD0339,2026-04-06,Product damaged,Electronics,1151.93,38.31,32.0,1222.24,No
RET02098,ORD029568,CUST02406,PROD0191,2026-01-11,Duplicate order,Fashion,2424.45,82.35,62.3,2569.1,Yes
RET02099,ORD029586,CUST00288,PROD0298,2026-05-06,Quality issue,Beauty,2395.63,47.5,55.27,2498.4,No
RET02100,ORD029588,CUST02859,PROD0153,2026-08-03,Better price elsewhere,Fashion,2663.03,48.53,59.39,2770.95,No
RET02101,ORD029603,CUST01727,PROD0375,2026-03-12,Duplicate order,Sports,3859.05,38.99,92.66,3990.7,Yes
RET02102,ORD029605,CUST00161,PROD0026,2026-07-11,Changed mind,Beauty,1836.82,78.28,35.46,1950.56,Yes
RET02103,ORD029618,CUST00711,PROD0029,2025-12-18,Quality issue,Grocery,702.77,51.15,21.72,775.64,No
RET02104,ORD029639,CUST00837,PROD0082,2026-03-13,Product damaged,Electronics,2926.45,22.14,90.12,3038.71,No
RET02105,ORD029647,CUST03275,PROD0278,2026-08-14,Size issue,Fashion,7410.5,31.86,167.87,7610.23,No
RET02106,ORD029676,CUST00560,PROD0310,2026-05-17,Not as expected,Electronics,6257.08,60.29,166.46,6483.83,No
RET02107,ORD029679,CUST03321,PROD0095,2026-06-05,Product damaged,Electronics,21870.99,20.19,592.33,22483.51,Yes
RET02108,ORD029685,CUST03306,PROD0304,2026-05-08,Duplicate order,Electronics,18548.87,29.22,604.55,19182.64,Yes
RET02109,ORD029708,CUST03371,PROD0221,2026-02-27,Not as expected,Electronics,885.29,52.5,26.55,964.34,No
RET02110,ORD029710,CUST04967,PROD0225,2026-04-08,Size issue,Fashion,1863.81,41.34,45.96,1951.11,No
RET02111,ORD029732,CUST04309,PROD0426,2025-10-28,Not as expected,Electronics,6037.9,86.8,152.95,6277.65,No
RET02112,ORD029734,CUST00126,PROD0140,2026-03-10,Duplicate order,Home & Kitchen,13085.66,45.55,296.66,13427.87,No
RET02113,ORD029737,CUST00036,PROD0046,2026-02-14,Changed mind,Accessories,1307.45,37.81,31.76,1377.02,No
RET02114,ORD029742,CUST04034,PROD0498,2026-04-29,Quality issue,Electronics,7497.68,71.14,237.6,7806.42,Yes
RET02115,ORD029745,CUST03001,PROD0238,2026-01-19,Duplicate order,Electronics,14360.16,63.78,425.89,14849.83,No
RET02116,ORD029774,CUST04334,PROD0043,2026-04-23,Changed mind,Fashion,1506.72,31.34,35.68,1573.74,Yes
RET02117,ORD029794,CUST03506,PROD0039,2026-02-28,Not as expected,Electronics,25915.46,51.42,695.19,26662.07,No
RET02118,ORD029828,CUST03994,PROD0480,2025-11-01,Product damaged,Fashion,1412.07,25.38,45.03,1482.48,No
RET02119,ORD029843,CUST02536,PROD0013,2026-08-28,Duplicate order,Beauty,2322.92,75.48,41.2,2439.6,No
RET02120,ORD029864,CUST01745,PROD0294,2025-12-18,Not as expected,Electronics,2963.24,75.97,86.4,3125.61,No
RET02121,ORD029868,CUST01762,PROD0188,2026-06-29,Wrong product,Electronics,2304.81,23.38,75.61,2403.8,No
RET02122,ORD029910,CUST03786,PROD0258,2025-11-30,Changed mind,Electronics,22718.55,40.71,776.11,23535.37,No
RET02123,ORD029945,CUST01079,PROD0495,2026-09-09,Duplicate order,Fashion,2516.95,78.04,75.46,2670.45,No
RET02124,ORD029950,CUST03931,PROD0435,2026-01-22,Wrong product,Fashion,1446.73,21.81,34.43,1502.97,No
RET02125,ORD029985,CUST04625,PROD0044,2026-09-04,Size issue,Electronics,26548.24,63.76,839.52,27451.52,No
